n,positive_rate,threshold,accuracy,macro_f1,precision,recall,f1_positive,roc_auc,pr_auc,brier,tn,fp,fn,tp,task,horizon_s,variant,feature_set,test_session,model,calibration_source,calibration_method,fit_rows,calibration_rows,test_rows,fit_s,infer_ms_row,n_used_features,removed_all_missing_features
2148,0.04888268156424581,0.14,0.9511173184357542,0.7064745055525694,0.5,0.3904761904761905,0.4385026737967914,0.9794606437778244,0.613040208110637,0.03663615072803433,2002,41,64,41,pre_onset_currently_healthy,5,all_sessions,no_graph,S1_LOW_SOC_STRESS,LogisticRegression,session:S3_MEDIUM_SOC_WHOLETESTING,platt_sigmoid,3897,1159,2148,0.019968542008427903,0.001027448326340587,24,command_mismatch_share_10s|command_mismatch_share_30s
2148,0.04888268156424581,0.16000000000000003,0.9511173184357542,0.4874731567644954,0.0,0.0,0.0,0.9820268978859288,0.6392199489491501,0.04359458071278664,2043,0,105,0,pre_onset_currently_healthy,5,all_sessions,no_graph,S1_LOW_SOC_STRESS,ExtraTrees,session:S3_MEDIUM_SOC_WHOLETESTING,platt_sigmoid,3897,1159,2148,0.18271225001080893,0.013856572161139868,24,command_mismatch_share_10s|command_mismatch_share_30s
2148,0.04888268156424581,0.14,0.957169459962756,0.7815016784088948,0.5555555555555556,0.6190476190476191,0.5855855855855856,0.9818544157751207,0.6882404337885621,0.03206086856294142,1991,52,40,65,pre_onset_currently_healthy,5,all_sessions,no_graph,S1_LOW_SOC_STRESS,RandomForest,session:S3_MEDIUM_SOC_WHOLETESTING,platt_sigmoid,3897,1159,2148,0.3157714999979362,0.013698227189241057,24,command_mismatch_share_10s|command_mismatch_share_30s
2148,0.04888268156424581,0.14,0.962756052141527,0.8083682754929075,0.6086956521739131,0.6666666666666666,0.6363636363636364,0.9804279421019508,0.6181179114178291,0.03013732181525928,1998,45,35,70,pre_onset_currently_healthy,5,all_sessions,no_graph,S1_LOW_SOC_STRESS,HistGradientBoosting,session:S3_MEDIUM_SOC_WHOLETESTING,platt_sigmoid,3897,1159,2148,0.42988341697491705,0.0038631866860343923,24,command_mismatch_share_10s|command_mismatch_share_30s
387,0.0,0.22000000000000003,1.0,0.5,0.0,0.0,0.0,,,2.0258907881331737e-10,387,0,0,0,pre_onset_currently_healthy,5,all_sessions,no_graph,S2_HIGH_SOC_CONTROL,LogisticRegression,session:S4_SAFETY_RICH_NAVEEN12,platt_sigmoid,4031,2786,387,0.01840466700377874,0.0045743979362034524,24,command_mismatch_share_10s|command_mismatch_share_30s
387,0.0,0.24000000000000005,1.0,0.5,0.0,0.0,0.0,,,1.1098023566355695e-07,387,0,0,0,pre_onset_currently_healthy,5,all_sessions,no_graph,S2_HIGH_SOC_CONTROL,ExtraTrees,session:S4_SAFETY_RICH_NAVEEN12,platt_sigmoid,4031,2786,387,0.20081937502254732,0.07595617828881056,24,command_mismatch_share_10s|command_mismatch_share_30s
387,0.0,0.26,1.0,0.5,0.0,0.0,0.0,,,7.394087943687439e-08,387,0,0,0,pre_onset_currently_healthy,5,all_sessions,no_graph,S2_HIGH_SOC_CONTROL,RandomForest,session:S4_SAFETY_RICH_NAVEEN12,platt_sigmoid,4031,2786,387,0.3143657920008991,0.06934840566639906,24,command_mismatch_share_10s|command_mismatch_share_30s
387,0.0,0.24000000000000005,1.0,0.5,0.0,0.0,0.0,,,1.1998496714786121e-05,387,0,0,0,pre_onset_currently_healthy,5,all_sessions,no_graph,S2_HIGH_SOC_CONTROL,HistGradientBoosting,session:S4_SAFETY_RICH_NAVEEN12,platt_sigmoid,4031,2786,387,0.4668532499927096,0.015679155013136548,24,command_mismatch_share_10s|command_mismatch_share_30s
1159,0.023295944779982744,0.30000000000000004,0.9508196721311475,0.6171525930562075,0.2,0.37037037037037035,0.2597402597402597,0.9100248658552545,0.17691454375507282,0.02447735345133,1092,40,17,10,pre_onset_currently_healthy,5,all_sessions,no_graph,S3_MEDIUM_SOC_WHOLETESTING,LogisticRegression,session:S4_SAFETY_RICH_NAVEEN12,platt_sigmoid,3259,2786,1159,0.012502582976594567,0.0017502510777937378,21,current_ma|wheel_mean|wheel_abs_diff|command_mismatch_share_10s|command_mismatch_share_30s
1159,0.023295944779982744,0.32000000000000006,0.9421915444348576,0.5908801138010062,0.15517241379310345,0.3333333333333333,0.21176470588235294,0.9213780918727915,0.29165072141463527,0.0290321580436123,1083,49,18,9,pre_onset_currently_healthy,5,all_sessions,no_graph,S3_MEDIUM_SOC_WHOLETESTING,ExtraTrees,session:S4_SAFETY_RICH_NAVEEN12,platt_sigmoid,3259,2786,1159,0.1884430420177523,0.02364434168864495,21,current_ma|wheel_mean|wheel_abs_diff|command_mismatch_share_10s|command_mismatch_share_30s
1159,0.023295944779982744,0.22000000000000003,0.9197584124245038,0.5674071398470892,0.11627906976744186,0.37037037037037035,0.17699115044247787,0.9206582907996336,0.3111268118348278,0.02566403793930522,1056,76,17,10,pre_onset_currently_healthy,5,all_sessions,no_graph,S3_MEDIUM_SOC_WHOLETESTING,RandomForest,session:S4_SAFETY_RICH_NAVEEN12,platt_sigmoid,3259,2786,1159,0.30002879101084545,0.02513086023307353,21,current_ma|wheel_mean|wheel_abs_diff|command_mismatch_share_10s|command_mismatch_share_30s
1159,0.023295944779982744,0.14,0.9318377911993098,0.5749987235247427,0.12857142857142856,0.3333333333333333,0.18556701030927836,0.8751308729223924,0.3102033076618399,0.027174530158441013,1071,61,18,9,pre_onset_currently_healthy,5,all_sessions,no_graph,S3_MEDIUM_SOC_WHOLETESTING,HistGradientBoosting,session:S4_SAFETY_RICH_NAVEEN12,platt_sigmoid,3259,2786,1159,0.37169125000946224,0.006961641066592762,21,current_ma|wheel_mean|wheel_abs_diff|command_mismatch_share_10s|command_mismatch_share_30s
2786,0.04558506819813352,0.16000000000000003,0.9547738693467337,0.7821541073702554,0.5027932960893855,0.7086614173228346,0.5882352941176471,0.9663392489628153,0.5902359658870465,0.03218933984053144,2570,89,37,90,pre_onset_currently_healthy,5,all_sessions,no_graph,S4_SAFETY_RICH_NAVEEN12,LogisticRegression,session:S3_MEDIUM_SOC_WHOLETESTING,platt_sigmoid,3259,1159,2786,0.012906541989650577,0.0008956539813677827,21,current_ma|wheel_mean|wheel_abs_diff|command_mismatch_share_10s|command_mismatch_share_30s
2786,0.04558506819813352,0.2,0.951543431442929,0.5973242743518121,0.41304347826086957,0.14960629921259844,0.21965317919075145,0.9657440337821632,0.4705204472452371,0.03483359098248026,2632,27,108,19,pre_onset_currently_healthy,5,all_sessions,no_graph,S4_SAFETY_RICH_NAVEEN12,ExtraTrees,session:S3_MEDIUM_SOC_WHOLETESTING,platt_sigmoid,3259,1159,2786,0.19060895798611455,0.009868045583867441,21,current_ma|wheel_mean|wheel_abs_diff|command_mismatch_share_10s|command_mismatch_share_30s
2786,0.04558506819813352,0.18000000000000002,0.9522613065326633,0.6811300864431794,0.4666666666666667,0.33070866141732286,0.3870967741935484,0.9650422128975135,0.46456485093607847,0.03452714504286119,2611,48,85,42,pre_onset_currently_healthy,5,all_sessions,no_graph,S4_SAFETY_RICH_NAVEEN12,RandomForest,session:S3_MEDIUM_SOC_WHOLETESTING,platt_sigmoid,3259,1159,2786,0.29720450000604615,0.015154985999467878,21,current_ma|wheel_mean|wheel_abs_diff|command_mismatch_share_10s|command_mismatch_share_30s
2786,0.04558506819813352,0.30000000000000004,0.9565685570710696,0.6176492938944068,0.5833333333333334,0.16535433070866143,0.25766871165644173,0.9347691542318024,0.472151544005144,0.03710322035216945,2644,15,106,21,pre_onset_currently_healthy,5,all_sessions,no_graph,S4_SAFETY_RICH_NAVEEN12,HistGradientBoosting,session:S3_MEDIUM_SOC_WHOLETESTING,platt_sigmoid,3259,1159,2786,0.4395650410151575,0.003201049895106687,21,current_ma|wheel_mean|wheel_abs_diff|command_mismatch_share_10s|command_mismatch_share_30s
724,0.0,0.22000000000000003,1.0,0.5,0.0,0.0,0.0,,,1.2262440764919771e-11,724,0,0,0,pre_onset_currently_healthy,5,all_sessions,no_graph,S5_REAL_TMS_JULY10,LogisticRegression,session:S4_SAFETY_RICH_NAVEEN12,platt_sigmoid,3694,2786,724,0.01763341701007448,0.003041494475325148,24,command_mismatch_share_10s|command_mismatch_share_30s
724,0.0,0.22000000000000003,1.0,0.5,0.0,0.0,0.0,,,2.4021907096362563e-08,724,0,0,0,pre_onset_currently_healthy,5,all_sessions,no_graph,S5_REAL_TMS_JULY10,ExtraTrees,session:S4_SAFETY_RICH_NAVEEN12,platt_sigmoid,3694,2786,724,0.18686012501711957,0.040925241717669945,24,command_mismatch_share_10s|command_mismatch_share_30s
724,0.0,0.38000000000000006,1.0,0.5,0.0,0.0,0.0,,,3.0862269681041434e-07,724,0,0,0,pre_onset_currently_healthy,5,all_sessions,no_graph,S5_REAL_TMS_JULY10,RandomForest,session:S4_SAFETY_RICH_NAVEEN12,platt_sigmoid,3694,2786,724,0.31776025000726804,0.03852837152061315,24,command_mismatch_share_10s|command_mismatch_share_30s
724,0.0,0.24000000000000005,1.0,0.5,0.0,0.0,0.0,,,2.5528745038498794e-05,724,0,0,0,pre_onset_currently_healthy,5,all_sessions,no_graph,S5_REAL_TMS_JULY10,HistGradientBoosting,session:S4_SAFETY_RICH_NAVEEN12,platt_sigmoid,3694,2786,724,0.4674617910059169,0.029351288669495663,24,command_mismatch_share_10s|command_mismatch_share_30s
2148,0.04888268156424581,0.14,0.9613594040968343,0.7792156809324547,0.6195652173913043,0.5428571428571428,0.5786802030456852,0.9825606600936997,0.6447854291539157,0.03530005969459212,2008,35,48,57,pre_onset_currently_healthy,5,all_sessions,euclidean_only,S1_LOW_SOC_STRESS,LogisticRegression,session:S3_MEDIUM_SOC_WHOLETESTING,platt_sigmoid,3897,1159,2148,0.021299874992109835,0.001343594971537812,27,command_mismatch_share_10s|command_mismatch_share_30s
2148,0.04888268156424581,0.32000000000000006,0.9511173184357542,0.4874731567644954,0.0,0.0,0.0,0.983735403118663,0.6585108941150778,0.043073543958833053,2043,0,105,0,pre_onset_currently_healthy,5,all_sessions,euclidean_only,S1_LOW_SOC_STRESS,ExtraTrees,session:S3_MEDIUM_SOC_WHOLETESTING,platt_sigmoid,3897,1159,2148,0.1964412909874227,0.013888190410796248,27,command_mismatch_share_10s|command_mismatch_share_30s
2148,0.04888268156424581,0.4000000000000001,0.9548417132216015,0.5738644381860463,0.8333333333333334,0.09523809523809523,0.17094017094017094,0.9852784187585949,0.709072540242675,0.03060516026471583,2041,2,95,10,pre_onset_currently_healthy,5,all_sessions,euclidean_only,S1_LOW_SOC_STRESS,RandomForest,session:S3_MEDIUM_SOC_WHOLETESTING,platt_sigmoid,3897,1159,2148,0.3918426669843029,0.013760358474657002,27,command_mismatch_share_10s|command_mismatch_share_30s
2148,0.04888268156424581,0.26,0.9655493482309124,0.7962519547773477,0.6823529411764706,0.5523809523809524,0.6105263157894737,0.9850663123790877,0.7232149550466123,0.02732496584977365,2016,27,47,58,pre_onset_currently_healthy,5,all_sessions,euclidean_only,S1_LOW_SOC_STRESS,HistGradientBoosting,session:S3_MEDIUM_SOC_WHOLETESTING,platt_sigmoid,3897,1159,2148,0.4605655420164112,0.004973754644358367,27,command_mismatch_share_10s|command_mismatch_share_30s
387,0.0,0.24000000000000005,1.0,0.5,0.0,0.0,0.0,,,2.1864045814413547e-09,387,0,0,0,pre_onset_currently_healthy,5,all_sessions,euclidean_only,S2_HIGH_SOC_CONTROL,LogisticRegression,session:S4_SAFETY_RICH_NAVEEN12,platt_sigmoid,4031,2786,387,0.02042625000467524,0.005772932780333807,27,command_mismatch_share_10s|command_mismatch_share_30s
387,0.0,0.26,1.0,0.5,0.0,0.0,0.0,,,2.0914213635239556e-07,387,0,0,0,pre_onset_currently_healthy,5,all_sessions,euclidean_only,S2_HIGH_SOC_CONTROL,ExtraTrees,session:S4_SAFETY_RICH_NAVEEN12,platt_sigmoid,4031,2786,387,0.19345112500013784,0.07514082688299184,27,command_mismatch_share_10s|command_mismatch_share_30s
387,0.0,0.32000000000000006,1.0,0.5,0.0,0.0,0.0,,,2.0180935979329157e-09,387,0,0,0,pre_onset_currently_healthy,5,all_sessions,euclidean_only,S2_HIGH_SOC_CONTROL,RandomForest,session:S4_SAFETY_RICH_NAVEEN12,platt_sigmoid,4031,2786,387,0.3197255000122823,0.07531126101984996,27,command_mismatch_share_10s|command_mismatch_share_30s
387,0.0,0.6200000000000001,1.0,0.5,0.0,0.0,0.0,,,3.967684598229614e-07,387,0,0,0,pre_onset_currently_healthy,5,all_sessions,euclidean_only,S2_HIGH_SOC_CONTROL,HistGradientBoosting,session:S4_SAFETY_RICH_NAVEEN12,platt_sigmoid,4031,2786,387,0.4359177080041263,0.014987294544112082,27,command_mismatch_share_10s|command_mismatch_share_30s
1159,0.023295944779982744,0.24000000000000005,0.9396031061259706,0.5954019549172153,0.15873015873015872,0.37037037037037035,0.2222222222222222,0.9097304017798717,0.1567741629533212,0.024924430557740945,1079,53,17,10,pre_onset_currently_healthy,5,all_sessions,euclidean_only,S3_MEDIUM_SOC_WHOLETESTING,LogisticRegression,session:S4_SAFETY_RICH_NAVEEN12,platt_sigmoid,3259,2786,1159,0.01473974998225458,0.0019544150260043256,24,current_ma|wheel_mean|wheel_abs_diff|command_mismatch_share_10s|command_mismatch_share_30s
1159,0.023295944779982744,0.4800000000000001,0.9689387402933564,0.6007731169626455,0.2631578947368421,0.18518518518518517,0.21739130434782608,0.9254351524669545,0.24779102028819158,0.023738899702779093,1118,14,22,5,pre_onset_currently_healthy,5,all_sessions,euclidean_only,S3_MEDIUM_SOC_WHOLETESTING,ExtraTrees,session:S4_SAFETY_RICH_NAVEEN12,platt_sigmoid,3259,2786,1159,0.19618616698426194,0.025566544424343897,24,current_ma|wheel_mean|wheel_abs_diff|command_mismatch_share_10s|command_mismatch_share_30s
1159,0.023295944779982744,0.30000000000000004,0.9516824849007766,0.6190900981266726,0.20408163265306123,0.37037037037037035,0.2631578947368421,0.943953670985473,0.38766955499545586,0.021941692695135667,1093,39,17,10,pre_onset_currently_healthy,5,all_sessions,euclidean_only,S3_MEDIUM_SOC_WHOLETESTING,RandomForest,session:S4_SAFETY_RICH_NAVEEN12,platt_sigmoid,3259,2786,1159,0.2957414999837056,0.02525553667340894,24,current_ma|wheel_mean|wheel_abs_diff|command_mismatch_share_10s|command_mismatch_share_30s
1159,0.023295944779982744,0.12000000000000001,0.9309749784296808,0.5738187166758596,0.1267605633802817,0.3333333333333333,0.1836734693877551,0.9084053134406491,0.29576008628946593,0.028019903686562025,1070,62,18,9,pre_onset_currently_healthy,5,all_sessions,euclidean_only,S3_MEDIUM_SOC_WHOLETESTING,HistGradientBoosting,session:S4_SAFETY_RICH_NAVEEN12,platt_sigmoid,3259,2786,1159,0.31271933400421403,0.005923030196670587,24,current_ma|wheel_mean|wheel_abs_diff|command_mismatch_share_10s|command_mismatch_share_30s
2786,0.04558506819813352,0.16000000000000003,0.9511844938980617,0.7634076649482476,0.4745762711864407,0.6614173228346457,0.5526315789473685,0.9632121483122245,0.4891252612188182,0.03302654175376536,2566,93,43,84,pre_onset_currently_healthy,5,all_sessions,euclidean_only,S4_SAFETY_RICH_NAVEEN12,LogisticRegression,session:S3_MEDIUM_SOC_WHOLETESTING,platt_sigmoid,3259,1159,2786,0.014645290997577831,0.0009394292867584027,24,current_ma|wheel_mean|wheel_abs_diff|command_mismatch_share_10s|command_mismatch_share_30s
2786,0.04558506819813352,0.18000000000000002,0.9655419956927495,0.8182712613437773,0.6026490066225165,0.7165354330708661,0.6546762589928058,0.9763098435561295,0.7043177496300723,0.031296779723743944,2599,60,36,91,pre_onset_currently_healthy,5,all_sessions,euclidean_only,S4_SAFETY_RICH_NAVEEN12,ExtraTrees,session:S3_MEDIUM_SOC_WHOLETESTING,platt_sigmoid,3259,1159,2786,0.19672316600917839,0.01051414823821463,24,current_ma|wheel_mean|wheel_abs_diff|command_mismatch_share_10s|command_mismatch_share_30s
2786,0.04558506819813352,0.30000000000000004,0.9651830581478823,0.7343763975753572,0.7419354838709677,0.36220472440944884,0.48677248677248675,0.9750690716123818,0.6644728142298347,0.028259168900275723,2643,16,81,46,pre_onset_currently_healthy,5,all_sessions,euclidean_only,S4_SAFETY_RICH_NAVEEN12,RandomForest,session:S3_MEDIUM_SOC_WHOLETESTING,platt_sigmoid,3259,1159,2786,0.29497083299793303,0.014964719310891597,24,current_ma|wheel_mean|wheel_abs_diff|command_mismatch_share_10s|command_mismatch_share_30s
2786,0.04558506819813352,0.28,0.9637473079684135,0.70532874653765,0.76,0.2992125984251969,0.4293785310734463,0.9613243389706034,0.6529802764810098,0.030919076530499502,2647,12,89,38,pre_onset_currently_healthy,5,all_sessions,euclidean_only,S4_SAFETY_RICH_NAVEEN12,HistGradientBoosting,session:S3_MEDIUM_SOC_WHOLETESTING,platt_sigmoid,3259,1159,2786,0.3179107909963932,0.0034975323082955404,24,current_ma|wheel_mean|wheel_abs_diff|command_mismatch_share_10s|command_mismatch_share_30s
724,0.0,0.24000000000000005,1.0,0.5,0.0,0.0,0.0,,,2.0162347333682622e-10,724,0,0,0,pre_onset_currently_healthy,5,all_sessions,euclidean_only,S5_REAL_TMS_JULY10,LogisticRegression,session:S4_SAFETY_RICH_NAVEEN12,platt_sigmoid,3694,2786,724,0.018672249978408217,0.002616194774041683,27,command_mismatch_share_10s|command_mismatch_share_30s
724,0.0,0.28,1.0,0.5,0.0,0.0,0.0,,,1.4455763794397765e-09,724,0,0,0,pre_onset_currently_healthy,5,all_sessions,euclidean_only,S5_REAL_TMS_JULY10,ExtraTrees,session:S4_SAFETY_RICH_NAVEEN12,platt_sigmoid,3694,2786,724,0.19900137500371784,0.04081376516311661,27,command_mismatch_share_10s|command_mismatch_share_30s
724,0.0,0.5200000000000001,1.0,0.5,0.0,0.0,0.0,,,2.6868771758991546e-08,724,0,0,0,pre_onset_currently_healthy,5,all_sessions,euclidean_only,S5_REAL_TMS_JULY10,RandomForest,session:S4_SAFETY_RICH_NAVEEN12,platt_sigmoid,3694,2786,724,0.31720270798541605,0.04069607457897281,27,command_mismatch_share_10s|command_mismatch_share_30s
724,0.0,0.5000000000000001,1.0,0.5,0.0,0.0,0.0,,,2.1768272071313673e-07,724,0,0,0,pre_onset_currently_healthy,5,all_sessions,euclidean_only,S5_REAL_TMS_JULY10,HistGradientBoosting,session:S4_SAFETY_RICH_NAVEEN12,platt_sigmoid,3694,2786,724,0.37614316600956954,0.009247122947654033,27,command_mismatch_share_10s|command_mismatch_share_30s
2148,0.04888268156424581,0.12000000000000001,0.9613594040968343,0.7353576406567519,0.6896551724137931,0.38095238095238093,0.49079754601226994,0.9834603640771041,0.6754658286146361,0.039734357424678214,2025,18,65,40,pre_onset_currently_healthy,5,all_sessions,euclidean_no_soc,S1_LOW_SOC_STRESS,LogisticRegression,session:S3_MEDIUM_SOC_WHOLETESTING,platt_sigmoid,3897,1159,2148,0.020139666012255475,0.001163989759884511,24,command_mismatch_share_10s|command_mismatch_share_30s
2148,0.04888268156424581,0.3400000000000001,0.9511173184357542,0.4874731567644954,0.0,0.0,0.0,0.9841129990909726,0.6863549852584021,0.044394819567115544,2043,0,105,0,pre_onset_currently_healthy,5,all_sessions,euclidean_no_soc,S1_LOW_SOC_STRESS,ExtraTrees,session:S3_MEDIUM_SOC_WHOLETESTING,platt_sigmoid,3897,1159,2148,0.19825575000140816,0.013603933894893179,24,command_mismatch_share_10s|command_mismatch_share_30s
2148,0.04888268156424581,0.38000000000000006,0.9590316573556797,0.6610699505834594,0.7931034482758621,0.21904761904761905,0.34328358208955223,0.9849567629303312,0.7179025459736178,0.03048047079281843,2037,6,82,23,pre_onset_currently_healthy,5,all_sessions,euclidean_no_soc,S1_LOW_SOC_STRESS,RandomForest,session:S3_MEDIUM_SOC_WHOLETESTING,platt_sigmoid,3897,1159,2148,0.326158709009178,0.013813391994807203,24,command_mismatch_share_10s|command_mismatch_share_30s
2148,0.04888268156424581,0.36000000000000004,0.9618249534450651,0.7829244124998151,0.6236559139784946,0.5523809523809524,0.5858585858585859,0.9835396126145025,0.6918404444181903,0.025875700158349738,2008,35,47,58,pre_onset_currently_healthy,5,all_sessions,euclidean_no_soc,S1_LOW_SOC_STRESS,HistGradientBoosting,session:S3_MEDIUM_SOC_WHOLETESTING,platt_sigmoid,3897,1159,2148,0.3935930419829674,0.0052608240156666874,24,command_mismatch_share_10s|command_mismatch_share_30s
387,0.0,0.24000000000000005,1.0,0.5,0.0,0.0,0.0,,,3.325203150314103e-09,387,0,0,0,pre_onset_currently_healthy,5,all_sessions,euclidean_no_soc,S2_HIGH_SOC_CONTROL,LogisticRegression,session:S4_SAFETY_RICH_NAVEEN12,platt_sigmoid,4031,2786,387,0.018210291978903115,0.005938844994138878,24,command_mismatch_share_10s|command_mismatch_share_30s
387,0.0,0.2,1.0,0.5,0.0,0.0,0.0,,,4.928611940850456e-07,387,0,0,0,pre_onset_currently_healthy,5,all_sessions,euclidean_no_soc,S2_HIGH_SOC_CONTROL,ExtraTrees,session:S4_SAFETY_RICH_NAVEEN12,platt_sigmoid,4031,2786,387,0.19309495799825527,0.07512909044374445,24,command_mismatch_share_10s|command_mismatch_share_30s
387,0.0,0.36000000000000004,1.0,0.5,0.0,0.0,0.0,,,2.0101824552084005e-08,387,0,0,0,pre_onset_currently_healthy,5,all_sessions,euclidean_no_soc,S2_HIGH_SOC_CONTROL,RandomForest,session:S4_SAFETY_RICH_NAVEEN12,platt_sigmoid,4031,2786,387,0.32567158300662413,0.07200279841331876,24,command_mismatch_share_10s|command_mismatch_share_30s
387,0.0,0.4000000000000001,1.0,0.5,0.0,0.0,0.0,,,1.1913620628486425e-06,387,0,0,0,pre_onset_currently_healthy,5,all_sessions,euclidean_no_soc,S2_HIGH_SOC_CONTROL,HistGradientBoosting,session:S4_SAFETY_RICH_NAVEEN12,platt_sigmoid,4031,2786,387,0.40250562501023524,0.015134798472347725,24,command_mismatch_share_10s|command_mismatch_share_30s
1159,0.023295944779982744,0.22000000000000003,0.917169974115617,0.5644085314291083,0.11235955056179775,0.37037037037037035,0.1724137931034483,0.9126750425336998,0.1694263216818093,0.027106271605868967,1053,79,17,10,pre_onset_currently_healthy,5,all_sessions,euclidean_no_soc,S3_MEDIUM_SOC_WHOLETESTING,LogisticRegression,session:S4_SAFETY_RICH_NAVEEN12,platt_sigmoid,3259,2786,1159,0.013645915983943269,0.0018002588411984359,21,current_ma|wheel_mean|wheel_abs_diff|command_mismatch_share_10s|command_mismatch_share_30s
1159,0.023295944779982744,0.4000000000000001,0.9689387402933564,0.670613868889731,0.3448275862068966,0.37037037037037035,0.35714285714285715,0.9274964009946343,0.2818611462339416,0.022912652869586336,1113,19,17,10,pre_onset_currently_healthy,5,all_sessions,euclidean_no_soc,S3_MEDIUM_SOC_WHOLETESTING,ExtraTrees,session:S4_SAFETY_RICH_NAVEEN12,platt_sigmoid,3259,2786,1159,0.19597558400710113,0.025360655741455924,21,current_ma|wheel_mean|wheel_abs_diff|command_mismatch_share_10s|command_mismatch_share_30s
1159,0.023295944779982744,0.30000000000000004,0.9551337359792925,0.6273127535371525,0.2222222222222222,0.37037037037037035,0.2777777777777778,0.9387187540897789,0.3249370816152831,0.02182103714319186,1097,35,17,10,pre_onset_currently_healthy,5,all_sessions,euclidean_no_soc,S3_MEDIUM_SOC_WHOLETESTING,RandomForest,session:S4_SAFETY_RICH_NAVEEN12,platt_sigmoid,3259,2786,1159,0.30322487498051487,0.02563743917066588,21,current_ma|wheel_mean|wheel_abs_diff|command_mismatch_share_10s|command_mismatch_share_30s
1159,0.023295944779982744,0.14,0.9370146678170836,0.5911223873384076,0.15151515151515152,0.37037037037037035,0.21505376344086022,0.8968230598089255,0.24205666571118464,0.027979055202215882,1076,56,17,10,pre_onset_currently_healthy,5,all_sessions,euclidean_no_soc,S3_MEDIUM_SOC_WHOLETESTING,HistGradientBoosting,session:S4_SAFETY_RICH_NAVEEN12,platt_sigmoid,3259,2786,1159,0.34890750001068227,0.005422706649067383,21,current_ma|wheel_mean|wheel_abs_diff|command_mismatch_share_10s|command_mismatch_share_30s
2786,0.04558506819813352,0.18000000000000002,0.9594400574300072,0.7530039142090732,0.5625,0.49606299212598426,0.5271966527196653,0.9652317341490644,0.5190902320474975,0.03361006149170613,2610,49,64,63,pre_onset_currently_healthy,5,all_sessions,euclidean_no_soc,S4_SAFETY_RICH_NAVEEN12,LogisticRegression,session:S3_MEDIUM_SOC_WHOLETESTING,platt_sigmoid,3259,1159,2786,0.01394291702308692,0.0009259242632634248,21,current_ma|wheel_mean|wheel_abs_diff|command_mismatch_share_10s|command_mismatch_share_30s
2786,0.04558506819813352,0.24000000000000005,0.9673366834170855,0.760570416715854,0.7571428571428571,0.41732283464566927,0.5380710659898477,0.9742487999455125,0.696968898169809,0.031008789581194303,2642,17,74,53,pre_onset_currently_healthy,5,all_sessions,euclidean_no_soc,S4_SAFETY_RICH_NAVEEN12,ExtraTrees,session:S3_MEDIUM_SOC_WHOLETESTING,platt_sigmoid,3259,1159,2786,0.19662199998856522,0.010358055275717813,21,current_ma|wheel_mean|wheel_abs_diff|command_mismatch_share_10s|command_mismatch_share_30s
2786,0.04558506819813352,0.28,0.9644651830581479,0.7316386626982081,0.71875,0.36220472440944884,0.4816753926701571,0.9732375263923149,0.6677545537113609,0.02867411863858875,2641,18,81,46,pre_onset_currently_healthy,5,all_sessions,euclidean_no_soc,S4_SAFETY_RICH_NAVEEN12,RandomForest,session:S3_MEDIUM_SOC_WHOLETESTING,platt_sigmoid,3259,1159,2786,0.29989095899509266,0.010719969127379353,21,current_ma|wheel_mean|wheel_abs_diff|command_mismatch_share_10s|command_mismatch_share_30s
2786,0.04558506819813352,0.2,0.9626704953338119,0.7276975185423269,0.6619718309859155,0.3700787401574803,0.47474747474747475,0.9556609109457406,0.626085195930486,0.03222605598161906,2635,24,80,47,pre_onset_currently_healthy,5,all_sessions,euclidean_no_soc,S4_SAFETY_RICH_NAVEEN12,HistGradientBoosting,session:S3_MEDIUM_SOC_WHOLETESTING,platt_sigmoid,3259,1159,2786,0.3228180000151042,0.003823298283241561,21,current_ma|wheel_mean|wheel_abs_diff|command_mismatch_share_10s|command_mismatch_share_30s
724,0.0,0.26,1.0,0.5,0.0,0.0,0.0,,,3.120370742911434e-10,724,0,0,0,pre_onset_currently_healthy,5,all_sessions,euclidean_no_soc,S5_REAL_TMS_JULY10,LogisticRegression,session:S4_SAFETY_RICH_NAVEEN12,platt_sigmoid,3694,2786,724,0.018404083006316796,0.002949412970659606,24,command_mismatch_share_10s|command_mismatch_share_30s
724,0.0,0.24000000000000005,1.0,0.5,0.0,0.0,0.0,,,1.3840319559271893e-08,724,0,0,0,pre_onset_currently_healthy,5,all_sessions,euclidean_no_soc,S5_REAL_TMS_JULY10,ExtraTrees,session:S4_SAFETY_RICH_NAVEEN12,platt_sigmoid,3694,2786,724,0.20457137501216494,0.042412120156512384,24,command_mismatch_share_10s|command_mismatch_share_30s
724,0.0,0.4800000000000001,1.0,0.5,0.0,0.0,0.0,,,4.9322124605787604e-08,724,0,0,0,pre_onset_currently_healthy,5,all_sessions,euclidean_no_soc,S5_REAL_TMS_JULY10,RandomForest,session:S4_SAFETY_RICH_NAVEEN12,platt_sigmoid,3694,2786,724,0.3810564170125872,0.04003337842993726,24,command_mismatch_share_10s|command_mismatch_share_30s
724,0.0,0.4800000000000001,1.0,0.5,0.0,0.0,0.0,,,5.957841965823475e-07,724,0,0,0,pre_onset_currently_healthy,5,all_sessions,euclidean_no_soc,S5_REAL_TMS_JULY10,HistGradientBoosting,session:S4_SAFETY_RICH_NAVEEN12,platt_sigmoid,3694,2786,724,0.4681309580046218,0.01206382321520549,24,command_mismatch_share_10s|command_mismatch_share_30s
2148,0.04888268156424581,0.32000000000000006,0.9539106145251397,0.6916044394620785,0.5483870967741935,0.3238095238095238,0.40718562874251496,0.9813626086753839,0.6270081595086368,0.03370727772147402,2015,28,71,34,pre_onset_currently_healthy,5,all_sessions,full_graph,S1_LOW_SOC_STRESS,LogisticRegression,session:S3_MEDIUM_SOC_WHOLETESTING,platt_sigmoid,3897,1159,2148,0.03377370801172219,0.001425647585014544,43,command_mismatch_share_10s|command_mismatch_share_30s
2148,0.04888268156424581,0.36000000000000004,0.9511173184357542,0.4874731567644954,0.0,0.0,0.0,0.9840663823042677,0.6229386254927332,0.04527699233575574,2043,0,105,0,pre_onset_currently_healthy,5,all_sessions,full_graph,S1_LOW_SOC_STRESS,ExtraTrees,session:S3_MEDIUM_SOC_WHOLETESTING,platt_sigmoid,3897,1159,2148,0.2018802500097081,0.014265246739289316,43,command_mismatch_share_10s|command_mismatch_share_30s
2148,0.04888268156424581,0.22000000000000003,0.9632216014897579,0.8048797314871349,0.6203703703703703,0.638095238095238,0.6291079812206573,0.9853530056173228,0.6560453952853109,0.030076278907605433,2002,41,38,67,pre_onset_currently_healthy,5,all_sessions,full_graph,S1_LOW_SOC_STRESS,RandomForest,session:S3_MEDIUM_SOC_WHOLETESTING,platt_sigmoid,3897,1159,2148,0.3598813330172561,0.013677335665752032,43,command_mismatch_share_10s|command_mismatch_share_30s
2148,0.04888268156424581,0.16000000000000003,0.9664804469273743,0.8290013135373959,0.6410256410256411,0.7142857142857143,0.6756756756756757,0.9867561708971401,0.7433496072007771,0.025479770016578744,2001,42,30,75,pre_onset_currently_healthy,5,all_sessions,full_graph,S1_LOW_SOC_STRESS,HistGradientBoosting,session:S3_MEDIUM_SOC_WHOLETESTING,platt_sigmoid,3897,1159,2148,0.7485485000070184,0.004125251856396665,43,command_mismatch_share_10s|command_mismatch_share_30s
387,0.0,0.1,1.0,0.5,0.0,0.0,0.0,,,0.0001318341287855432,387,0,0,0,pre_onset_currently_healthy,5,all_sessions,full_graph,S2_HIGH_SOC_CONTROL,LogisticRegression,session:S4_SAFETY_RICH_NAVEEN12,platt_sigmoid,4031,2786,387,0.025306625000666827,0.005527777754935106,43,command_mismatch_share_10s|command_mismatch_share_30s
387,0.0,0.26,1.0,0.5,0.0,0.0,0.0,,,7.811124783699891e-09,387,0,0,0,pre_onset_currently_healthy,5,all_sessions,full_graph,S2_HIGH_SOC_CONTROL,ExtraTrees,session:S4_SAFETY_RICH_NAVEEN12,platt_sigmoid,4031,2786,387,0.20353674999205396,0.07586369511445151,43,command_mismatch_share_10s|command_mismatch_share_30s
387,0.0,0.32000000000000006,1.0,0.5,0.0,0.0,0.0,,,1.0561945359620513e-09,387,0,0,0,pre_onset_currently_healthy,5,all_sessions,full_graph,S2_HIGH_SOC_CONTROL,RandomForest,session:S4_SAFETY_RICH_NAVEEN12,platt_sigmoid,4031,2786,387,0.33513291698182,0.07551173640123884,43,command_mismatch_share_10s|command_mismatch_share_30s
387,0.0,0.2,1.0,0.5,0.0,0.0,0.0,,,6.674182231093741e-06,387,0,0,0,pre_onset_currently_healthy,5,all_sessions,full_graph,S2_HIGH_SOC_CONTROL,HistGradientBoosting,session:S4_SAFETY_RICH_NAVEEN12,platt_sigmoid,4031,2786,387,0.43563504100893624,0.015828273865545906,43,command_mismatch_share_10s|command_mismatch_share_30s
1159,0.023295944779982744,0.26,0.9465056082830026,0.6080871765783847,0.18181818181818182,0.37037037037037035,0.24390243902439024,0.9066548881036514,0.13920022643152852,0.023494705166990155,1087,45,17,10,pre_onset_currently_healthy,5,all_sessions,full_graph,S3_MEDIUM_SOC_WHOLETESTING,LogisticRegression,session:S4_SAFETY_RICH_NAVEEN12,platt_sigmoid,3259,2786,1159,0.018493042007321492,0.0021665582451021186,40,current_ma|wheel_mean|wheel_abs_diff|command_mismatch_share_10s|command_mismatch_share_30s
1159,0.023295944779982744,0.42000000000000004,0.9741156169111302,0.6933862433862434,0.43478260869565216,0.37037037037037035,0.4,0.919709462112289,0.2269561312853064,0.022208296973811166,1119,13,17,10,pre_onset_currently_healthy,5,all_sessions,full_graph,S3_MEDIUM_SOC_WHOLETESTING,ExtraTrees,session:S4_SAFETY_RICH_NAVEEN12,platt_sigmoid,3259,2786,1159,0.19892908300971612,0.025332398634087344,40,current_ma|wheel_mean|wheel_abs_diff|command_mismatch_share_10s|command_mismatch_share_30s
1159,0.023295944779982744,0.4800000000000001,0.9741156169111302,0.6673109308022045,0.42105263157894735,0.2962962962962963,0.34782608695652173,0.9412380578458316,0.2966702188463721,0.022079183337018093,1121,11,19,8,pre_onset_currently_healthy,5,all_sessions,full_graph,S3_MEDIUM_SOC_WHOLETESTING,RandomForest,session:S4_SAFETY_RICH_NAVEEN12,platt_sigmoid,3259,2786,1159,0.3034778340079356,0.02558883346357673,40,current_ma|wheel_mean|wheel_abs_diff|command_mismatch_share_10s|command_mismatch_share_30s
1159,0.023295944779982744,0.26,0.9594477998274374,0.6280310013998429,0.23684210526315788,0.3333333333333333,0.27692307692307694,0.862943332024604,0.22802252963523298,0.024653433742801475,1103,29,18,9,pre_onset_currently_healthy,5,all_sessions,full_graph,S3_MEDIUM_SOC_WHOLETESTING,HistGradientBoosting,session:S4_SAFETY_RICH_NAVEEN12,platt_sigmoid,3259,2786,1159,0.3689404999895487,0.006278723903599809,40,current_ma|wheel_mean|wheel_abs_diff|command_mismatch_share_10s|command_mismatch_share_30s
2786,0.04558506819813352,0.16000000000000003,0.9432878679109835,0.6858743805804846,0.38686131386861317,0.41732283464566927,0.4015151515151515,0.9208659936688057,0.28666158338818415,0.037973198291213074,2575,84,74,53,pre_onset_currently_healthy,5,all_sessions,full_graph,S4_SAFETY_RICH_NAVEEN12,LogisticRegression,session:S3_MEDIUM_SOC_WHOLETESTING,platt_sigmoid,3259,1159,2786,0.01941329101100564,0.0010784429285577676,40,current_ma|wheel_mean|wheel_abs_diff|command_mismatch_share_10s|command_mismatch_share_30s
2786,0.04558506819813352,0.22000000000000003,0.9720028715003589,0.8301856714178545,0.7168141592920354,0.6377952755905512,0.675,0.9747699833872778,0.7074129455141848,0.03021129368862963,2627,32,46,81,pre_onset_currently_healthy,5,all_sessions,full_graph,S4_SAFETY_RICH_NAVEEN12,ExtraTrees,session:S3_MEDIUM_SOC_WHOLETESTING,platt_sigmoid,3259,1159,2786,0.19891966701834463,0.011056413136844504,40,current_ma|wheel_mean|wheel_abs_diff|command_mismatch_share_10s|command_mismatch_share_30s
2786,0.04558506819813352,0.36000000000000004,0.9698492462311558,0.7588773491592482,0.9056603773584906,0.3779527559055118,0.5333333333333333,0.9841009437566073,0.7982479534192065,0.024162144944478554,2654,5,79,48,pre_onset_currently_healthy,5,all_sessions,full_graph,S4_SAFETY_RICH_NAVEEN12,RandomForest,session:S3_MEDIUM_SOC_WHOLETESTING,platt_sigmoid,3259,1159,2786,0.30579350001062267,0.010587685574006559,40,current_ma|wheel_mean|wheel_abs_diff|command_mismatch_share_10s|command_mismatch_share_30s
2786,0.04558506819813352,0.2,0.9691313711414213,0.7910400379552979,0.735632183908046,0.5039370078740157,0.5981308411214953,0.9386721075059301,0.6735778666422164,0.030124562984782253,2636,23,63,64,pre_onset_currently_healthy,5,all_sessions,full_graph,S4_SAFETY_RICH_NAVEEN12,HistGradientBoosting,session:S3_MEDIUM_SOC_WHOLETESTING,platt_sigmoid,3259,1159,2786,0.3523744580161292,0.0035640254829176522,40,current_ma|wheel_mean|wheel_abs_diff|command_mismatch_share_10s|command_mismatch_share_30s
724,0.0,0.1,1.0,0.5,0.0,0.0,0.0,,,0.00012181239179585918,724,0,0,0,pre_onset_currently_healthy,5,all_sessions,full_graph,S5_REAL_TMS_JULY10,LogisticRegression,session:S4_SAFETY_RICH_NAVEEN12,platt_sigmoid,3694,2786,724,0.02384241600520909,0.003167990334936577,43,command_mismatch_share_10s|command_mismatch_share_30s
724,0.0,0.28,1.0,0.5,0.0,0.0,0.0,,,7.560487822027784e-10,724,0,0,0,pre_onset_currently_healthy,5,all_sessions,full_graph,S5_REAL_TMS_JULY10,ExtraTrees,session:S4_SAFETY_RICH_NAVEEN12,platt_sigmoid,3694,2786,724,0.20184483300545253,0.04055392544122299,43,command_mismatch_share_10s|command_mismatch_share_30s
724,0.0,0.28,1.0,0.5,0.0,0.0,0.0,,,1.2530780092040397e-09,724,0,0,0,pre_onset_currently_healthy,5,all_sessions,full_graph,S5_REAL_TMS_JULY10,RandomForest,session:S4_SAFETY_RICH_NAVEEN12,platt_sigmoid,3694,2786,724,0.326295625010971,0.04065682597327154,43,command_mismatch_share_10s|command_mismatch_share_30s
724,0.0,0.26,1.0,0.5,0.0,0.0,0.0,,,4.375229154387911e-06,724,0,0,0,pre_onset_currently_healthy,5,all_sessions,full_graph,S5_REAL_TMS_JULY10,HistGradientBoosting,session:S4_SAFETY_RICH_NAVEEN12,platt_sigmoid,3694,2786,724,0.4077978339919355,0.009040515176830967,43,command_mismatch_share_10s|command_mismatch_share_30s
2148,0.04888268156424581,0.30000000000000004,0.962756052141527,0.779731843002538,0.6470588235294118,0.5238095238095238,0.5789473684210527,0.9816329860382724,0.6136400351479063,0.031119450973631575,2013,30,50,55,pre_onset_currently_healthy,5,all_sessions,full_graph_no_soc,S1_LOW_SOC_STRESS,LogisticRegression,session:S3_MEDIUM_SOC_WHOLETESTING,platt_sigmoid,3897,1159,2148,0.0285475839918945,0.0013190176945181435,40,command_mismatch_share_10s|command_mismatch_share_30s
2148,0.04888268156424581,0.30000000000000004,0.9511173184357542,0.4874731567644954,0.0,0.0,0.0,0.9856000745868587,0.6817344703492424,0.044877429646746556,2043,0,105,0,pre_onset_currently_healthy,5,all_sessions,full_graph_no_soc,S1_LOW_SOC_STRESS,ExtraTrees,session:S3_MEDIUM_SOC_WHOLETESTING,platt_sigmoid,3897,1159,2148,0.20446545898448676,0.013892768166921999,40,command_mismatch_share_10s|command_mismatch_share_30s
2148,0.04888268156424581,0.24000000000000005,0.9664804469273743,0.8129888220868985,0.6701030927835051,0.6190476190476191,0.6435643564356436,0.9861478218306412,0.6941597903064576,0.03206583205564795,2011,32,40,65,pre_onset_currently_healthy,5,all_sessions,full_graph_no_soc,S1_LOW_SOC_STRESS,RandomForest,session:S3_MEDIUM_SOC_WHOLETESTING,platt_sigmoid,3897,1159,2148,0.32109845901140943,0.01429184124507166,40,command_mismatch_share_10s|command_mismatch_share_30s
2148,0.04888268156424581,0.2,0.9664804469273743,0.8304448498456357,0.6386554621848739,0.7238095238095238,0.6785714285714286,0.9862573712793978,0.7456461287666134,0.026071046655591897,2000,43,29,76,pre_onset_currently_healthy,5,all_sessions,full_graph_no_soc,S1_LOW_SOC_STRESS,HistGradientBoosting,session:S3_MEDIUM_SOC_WHOLETESTING,platt_sigmoid,3897,1159,2148,0.4247689170006197,0.004246178773267358,40,command_mismatch_share_10s|command_mismatch_share_30s
387,0.0,0.1,1.0,0.5,0.0,0.0,0.0,,,0.0001295284320429083,387,0,0,0,pre_onset_currently_healthy,5,all_sessions,full_graph_no_soc,S2_HIGH_SOC_CONTROL,LogisticRegression,session:S4_SAFETY_RICH_NAVEEN12,platt_sigmoid,4031,2786,387,0.02678766701137647,0.005666666648540771,40,command_mismatch_share_10s|command_mismatch_share_30s
387,0.0,0.32000000000000006,1.0,0.5,0.0,0.0,0.0,,,1.6542429727507785e-07,387,0,0,0,pre_onset_currently_healthy,5,all_sessions,full_graph_no_soc,S2_HIGH_SOC_CONTROL,ExtraTrees,session:S4_SAFETY_RICH_NAVEEN12,platt_sigmoid,4031,2786,387,0.19922091698390432,0.07278262276577857,40,command_mismatch_share_10s|command_mismatch_share_30s
387,0.0,0.22000000000000003,1.0,0.5,0.0,0.0,0.0,,,3.14744565073206e-08,387,0,0,0,pre_onset_currently_healthy,5,all_sessions,full_graph_no_soc,S2_HIGH_SOC_CONTROL,RandomForest,session:S4_SAFETY_RICH_NAVEEN12,platt_sigmoid,4031,2786,387,0.33980225000414066,0.07281427645276106,40,command_mismatch_share_10s|command_mismatch_share_30s
387,0.0,0.32000000000000006,1.0,0.5,0.0,0.0,0.0,,,2.5383558979535314e-06,387,0,0,0,pre_onset_currently_healthy,5,all_sessions,full_graph_no_soc,S2_HIGH_SOC_CONTROL,HistGradientBoosting,session:S4_SAFETY_RICH_NAVEEN12,platt_sigmoid,4031,2786,387,0.45648433300084434,0.015615633083026116,40,command_mismatch_share_10s|command_mismatch_share_30s
1159,0.023295944779982744,0.26,0.9447799827437446,0.6047235366841455,0.17543859649122806,0.37037037037037035,0.23809523809523808,0.9069820704096323,0.18066229904767678,0.02346703420044963,1085,47,17,10,pre_onset_currently_healthy,5,all_sessions,full_graph_no_soc,S3_MEDIUM_SOC_WHOLETESTING,LogisticRegression,session:S4_SAFETY_RICH_NAVEEN12,platt_sigmoid,3259,2786,1159,0.01902937499107793,0.0019861225067293133,37,current_ma|wheel_mean|wheel_abs_diff|command_mismatch_share_10s|command_mismatch_share_30s
1159,0.023295944779982744,0.42000000000000004,0.9775668679896462,0.6988286559526665,0.5294117647058824,0.3333333333333333,0.4090909090909091,0.9262858264625049,0.33301687548792624,0.020433580758465117,1124,8,18,9,pre_onset_currently_healthy,5,all_sessions,full_graph_no_soc,S3_MEDIUM_SOC_WHOLETESTING,ExtraTrees,session:S4_SAFETY_RICH_NAVEEN12,platt_sigmoid,3259,2786,1159,0.2019975000002887,0.025413467642602876,37,current_ma|wheel_mean|wheel_abs_diff|command_mismatch_share_10s|command_mismatch_share_30s
1159,0.023295944779982744,0.54,0.9775668679896462,0.6847644154322537,0.5333333333333333,0.2962962962962963,0.38095238095238093,0.9392095275487502,0.2957937050358961,0.021664025881396348,1125,7,19,8,pre_onset_currently_healthy,5,all_sessions,full_graph_no_soc,S3_MEDIUM_SOC_WHOLETESTING,RandomForest,session:S4_SAFETY_RICH_NAVEEN12,platt_sigmoid,3259,2786,1159,0.31614700000500306,0.024608427090562296,37,current_ma|wheel_mean|wheel_abs_diff|command_mismatch_share_10s|command_mismatch_share_30s
1159,0.023295944779982744,0.14,0.9439171699741156,0.5938923479151506,0.16071428571428573,0.3333333333333333,0.21686746987951808,0.8918008114121188,0.20610373912307428,0.02517871866862545,1085,47,18,9,pre_onset_currently_healthy,5,all_sessions,full_graph_no_soc,S3_MEDIUM_SOC_WHOLETESTING,HistGradientBoosting,session:S4_SAFETY_RICH_NAVEEN12,platt_sigmoid,3259,2786,1159,0.33540195898967795,0.007070678178175988,37,current_ma|wheel_mean|wheel_abs_diff|command_mismatch_share_10s|command_mismatch_share_30s
2786,0.04558506819813352,0.18000000000000002,0.9425699928212491,0.6431327716453232,0.34579439252336447,0.29133858267716534,0.3162393162393162,0.9205965181392567,0.2961855306280573,0.03784854681275659,2589,70,90,37,pre_onset_currently_healthy,5,all_sessions,full_graph_no_soc,S4_SAFETY_RICH_NAVEEN12,LogisticRegression,session:S3_MEDIUM_SOC_WHOLETESTING,platt_sigmoid,3259,1159,2786,0.01968758399016224,0.00105017659059483,37,current_ma|wheel_mean|wheel_abs_diff|command_mismatch_share_10s|command_mismatch_share_30s
2786,0.04558506819813352,0.24000000000000005,0.970208183776023,0.8319573102181798,0.6666666666666666,0.6929133858267716,0.6795366795366795,0.9769524390496693,0.7265252882496936,0.027890747194246977,2615,44,39,88,pre_onset_currently_healthy,5,all_sessions,full_graph_no_soc,S4_SAFETY_RICH_NAVEEN12,ExtraTrees,session:S3_MEDIUM_SOC_WHOLETESTING,platt_sigmoid,3259,1159,2786,0.2009829579910729,0.011002048811198687,37,current_ma|wheel_mean|wheel_abs_diff|command_mismatch_share_10s|command_mismatch_share_30s
2786,0.04558506819813352,0.26,0.9788226848528356,0.8710374419321709,0.8035714285714286,0.7086614173228346,0.7531380753138075,0.982318259484206,0.803283900768227,0.024838932394830274,2637,22,37,90,pre_onset_currently_healthy,5,all_sessions,full_graph_no_soc,S4_SAFETY_RICH_NAVEEN12,RandomForest,session:S3_MEDIUM_SOC_WHOLETESTING,platt_sigmoid,3259,1159,2786,0.30284874999779277,0.010956748020073048,37,current_ma|wheel_mean|wheel_abs_diff|command_mismatch_share_10s|command_mismatch_share_30s
2786,0.04558506819813352,0.18000000000000002,0.9669777458722182,0.7948013436960608,0.6635514018691588,0.5590551181102362,0.6068376068376068,0.9485064836996917,0.6683336411841715,0.030176715314342493,2623,36,56,71,pre_onset_currently_healthy,5,all_sessions,full_graph_no_soc,S4_SAFETY_RICH_NAVEEN12,HistGradientBoosting,session:S3_MEDIUM_SOC_WHOLETESTING,platt_sigmoid,3259,1159,2786,0.35100770799908787,0.0034216769558276607,37,current_ma|wheel_mean|wheel_abs_diff|command_mismatch_share_10s|command_mismatch_share_30s
724,0.0,0.1,1.0,0.5,0.0,0.0,0.0,,,0.00011304911753720781,724,0,0,0,pre_onset_currently_healthy,5,all_sessions,full_graph_no_soc,S5_REAL_TMS_JULY10,LogisticRegression,session:S4_SAFETY_RICH_NAVEEN12,platt_sigmoid,3694,2786,724,0.023699625016888604,0.0031779475030309177,40,command_mismatch_share_10s|command_mismatch_share_30s
724,0.0,0.26,1.0,0.5,0.0,0.0,0.0,,,1.263430572463829e-09,724,0,0,0,pre_onset_currently_healthy,5,all_sessions,full_graph_no_soc,S5_REAL_TMS_JULY10,ExtraTrees,session:S4_SAFETY_RICH_NAVEEN12,platt_sigmoid,3694,2786,724,0.20410824997816235,0.04200845991694806,40,command_mismatch_share_10s|command_mismatch_share_30s
724,0.0,0.22000000000000003,1.0,0.5,0.0,0.0,0.0,,,3.5146252118948086e-08,724,0,0,0,pre_onset_currently_healthy,5,all_sessions,full_graph_no_soc,S5_REAL_TMS_JULY10,RandomForest,session:S4_SAFETY_RICH_NAVEEN12,platt_sigmoid,3694,2786,724,0.33099074999336153,0.03738910079102716,40,command_mismatch_share_10s|command_mismatch_share_30s
724,0.0,0.26,1.0,0.5,0.0,0.0,0.0,,,6.944921122969551e-06,724,0,0,0,pre_onset_currently_healthy,5,all_sessions,full_graph_no_soc,S5_REAL_TMS_JULY10,HistGradientBoosting,session:S4_SAFETY_RICH_NAVEEN12,platt_sigmoid,3694,2786,724,0.4032240000087768,0.009721225149767443,40,command_mismatch_share_10s|command_mismatch_share_30s
2148,0.04888268156424581,0.24000000000000005,0.9562383612662942,0.7667935616210522,0.5514018691588785,0.5619047619047619,0.5566037735849056,0.9776705591683565,0.5822909761603814,0.034060297400621616,1995,48,46,59,pre_onset_currently_healthy,5,annotated_sessions,full_graph,S1_LOW_SOC_STRESS,LogisticRegression,blocked_tail_20pct,platt_sigmoid,3116,781,2148,0.02308874999289401,0.0014465395691787245,43,command_mismatch_share_10s|command_mismatch_share_30s
2148,0.04888268156424581,0.5800000000000001,0.9511173184357542,0.4874731567644954,0.0,0.0,0.0,0.9820851688693097,0.6163557727962703,0.03360219086505583,2043,0,105,0,pre_onset_currently_healthy,5,annotated_sessions,full_graph,S1_LOW_SOC_STRESS,ExtraTrees,blocked_tail_20pct,platt_sigmoid,3116,781,2148,0.20035862500662915,0.014016429705717003,43,command_mismatch_share_10s|command_mismatch_share_30s
2148,0.04888268156424581,0.32000000000000006,0.9650837988826816,0.8211142880937179,0.6293103448275862,0.6952380952380952,0.6606334841628959,0.984355406381838,0.6388671346037029,0.024138354785660097,2000,43,32,73,pre_onset_currently_healthy,5,annotated_sessions,full_graph,S1_LOW_SOC_STRESS,RandomForest,blocked_tail_20pct,platt_sigmoid,3116,781,2148,0.31051824998576194,0.015201291898170094,43,command_mismatch_share_10s|command_mismatch_share_30s
2148,0.04888268156424581,0.16000000000000003,0.9674115456238361,0.8490816019271303,0.624113475177305,0.8380952380952381,0.7154471544715447,0.984229541057735,0.6538820087317507,0.025299001021593676,1990,53,17,88,pre_onset_currently_healthy,5,annotated_sessions,full_graph,S1_LOW_SOC_STRESS,HistGradientBoosting,blocked_tail_20pct,platt_sigmoid,3116,781,2148,0.38708266700268723,0.0042695339739424985,43,command_mismatch_share_10s|command_mismatch_share_30s
387,0.0,0.26,1.0,0.5,0.0,0.0,0.0,,,5.8341922128873926e-05,387,0,0,0,pre_onset_currently_healthy,5,annotated_sessions,full_graph,S2_HIGH_SOC_CONTROL,LogisticRegression,session:S4_SAFETY_RICH_NAVEEN12,platt_sigmoid,2872,2786,387,0.017997250019107014,0.005881028392446018,40,current_ma|wheel_mean|wheel_abs_diff|command_mismatch_share_10s|command_mismatch_share_30s
387,0.0,0.42000000000000004,1.0,0.5,0.0,0.0,0.0,,,5.7617417571032625e-11,387,0,0,0,pre_onset_currently_healthy,5,annotated_sessions,full_graph,S2_HIGH_SOC_CONTROL,ExtraTrees,session:S4_SAFETY_RICH_NAVEEN12,platt_sigmoid,2872,2786,387,0.20096679098787718,0.07650107494254599,40,current_ma|wheel_mean|wheel_abs_diff|command_mismatch_share_10s|command_mismatch_share_30s
387,0.0,0.4800000000000001,1.0,0.5,0.0,0.0,0.0,,,1.3485930409190504e-08,387,0,0,0,pre_onset_currently_healthy,5,annotated_sessions,full_graph,S2_HIGH_SOC_CONTROL,RandomForest,session:S4_SAFETY_RICH_NAVEEN12,platt_sigmoid,2872,2786,387,0.3142250000091735,0.07219541342916973,40,current_ma|wheel_mean|wheel_abs_diff|command_mismatch_share_10s|command_mismatch_share_30s
387,0.0,0.4000000000000001,1.0,0.5,0.0,0.0,0.0,,,2.082241519119256e-05,387,0,0,0,pre_onset_currently_healthy,5,annotated_sessions,full_graph,S2_HIGH_SOC_CONTROL,HistGradientBoosting,session:S4_SAFETY_RICH_NAVEEN12,platt_sigmoid,2872,2786,387,0.3455561670125462,0.017958118875681852,40,current_ma|wheel_mean|wheel_abs_diff|command_mismatch_share_10s|command_mismatch_share_30s
2786,0.04558506819813352,0.4800000000000001,0.8653984206748025,0.6002387662214672,0.18205128205128204,0.5590551181102362,0.2746615087040619,0.8727675729138595,0.22376186401098974,0.10491674430810945,2340,319,56,71,pre_onset_currently_healthy,5,annotated_sessions,full_graph,S4_SAFETY_RICH_NAVEEN12,LogisticRegression,blocked_tail_20pct,platt_sigmoid,2606,653,2786,0.016936082975007594,0.0011019533287301895,40,current_ma|wheel_mean|wheel_abs_diff|command_mismatch_share_10s|command_mismatch_share_30s
2786,0.04558506819813352,0.44000000000000006,0.9633883704235463,0.6795939168711214,0.8378378378378378,0.2440944881889764,0.3780487804878049,0.9759929877136927,0.6809055081473329,0.025675712567908564,2653,6,96,31,pre_onset_currently_healthy,5,annotated_sessions,full_graph,S4_SAFETY_RICH_NAVEEN12,ExtraTrees,blocked_tail_20pct,platt_sigmoid,2606,653,2786,0.19793808399117552,0.010870154346580091,40,current_ma|wheel_mean|wheel_abs_diff|command_mismatch_share_10s|command_mismatch_share_30s
2786,0.04558506819813352,0.32000000000000006,0.9745154343144293,0.8541076163397463,0.71875,0.7244094488188977,0.7215686274509804,0.9816667801819997,0.7858154306282097,0.018808463957338574,2623,36,35,92,pre_onset_currently_healthy,5,annotated_sessions,full_graph,S4_SAFETY_RICH_NAVEEN12,RandomForest,blocked_tail_20pct,platt_sigmoid,2606,653,2786,0.34141641700989567,0.01061486001689741,40,current_ma|wheel_mean|wheel_abs_diff|command_mismatch_share_10s|command_mismatch_share_30s
2786,0.04558506819813352,0.1,0.9662598707824839,0.8157656288692285,0.6170212765957447,0.6850393700787402,0.6492537313432836,0.9542631917155523,0.6736056578035436,0.026673968234526262,2605,54,40,87,pre_onset_currently_healthy,5,annotated_sessions,full_graph,S4_SAFETY_RICH_NAVEEN12,HistGradientBoosting,blocked_tail_20pct,platt_sigmoid,2606,653,2786,0.3121032500057481,0.0031082045913848437,40,current_ma|wheel_mean|wheel_abs_diff|command_mismatch_share_10s|command_mismatch_share_30s
724,0.0,0.24000000000000005,1.0,0.5,0.0,0.0,0.0,,,5.573465699470759e-05,724,0,0,0,pre_onset_currently_healthy,5,annotated_sessions,full_graph,S5_REAL_TMS_JULY10,LogisticRegression,session:S4_SAFETY_RICH_NAVEEN12,platt_sigmoid,2535,2786,724,0.015310540999053046,0.003101174010205705,40,current_ma|wheel_mean|wheel_abs_diff|command_mismatch_share_10s|command_mismatch_share_30s
724,0.0,0.4000000000000001,1.0,0.5,0.0,0.0,0.0,,,8.176008591741317e-11,724,0,0,0,pre_onset_currently_healthy,5,annotated_sessions,full_graph,S5_REAL_TMS_JULY10,ExtraTrees,session:S4_SAFETY_RICH_NAVEEN12,platt_sigmoid,2535,2786,724,0.19951416598632932,0.041572399154750535,40,current_ma|wheel_mean|wheel_abs_diff|command_mismatch_share_10s|command_mismatch_share_30s
724,0.0,0.54,1.0,0.5,0.0,0.0,0.0,,,2.9432633914193324e-08,724,0,0,0,pre_onset_currently_healthy,5,annotated_sessions,full_graph,S5_REAL_TMS_JULY10,RandomForest,session:S4_SAFETY_RICH_NAVEEN12,platt_sigmoid,2535,2786,724,0.29277500000898726,0.04017017676413975,40,current_ma|wheel_mean|wheel_abs_diff|command_mismatch_share_10s|command_mismatch_share_30s
724,0.0,0.30000000000000004,1.0,0.5,0.0,0.0,0.0,,,8.415918779574103e-06,724,0,0,0,pre_onset_currently_healthy,5,annotated_sessions,full_graph,S5_REAL_TMS_JULY10,HistGradientBoosting,session:S4_SAFETY_RICH_NAVEEN12,platt_sigmoid,2535,2786,724,0.342530291993171,0.010639790036183015,40,current_ma|wheel_mean|wheel_abs_diff|command_mismatch_share_10s|command_mismatch_share_30s
387,0.0,0.5000000000000001,1.0,0.5,0.0,0.0,0.0,,,2.6175955749763948e-05,387,0,0,0,pre_onset_currently_healthy,5,recorded_route_only,full_graph,S2_HIGH_SOC_CONTROL,LogisticRegression,blocked_tail_20pct,platt_sigmoid,2239,561,387,0.0173826249956619,0.005142333317495093,40,current_ma|wheel_mean|wheel_abs_diff|command_mismatch_share_10s|command_mismatch_share_30s
387,0.0,0.5200000000000001,1.0,0.5,0.0,0.0,0.0,,,3.733373299282381e-09,387,0,0,0,pre_onset_currently_healthy,5,recorded_route_only,full_graph,S2_HIGH_SOC_CONTROL,ExtraTrees,blocked_tail_20pct,platt_sigmoid,2239,561,387,0.18769241598783992,0.07749192507814819,40,current_ma|wheel_mean|wheel_abs_diff|command_mismatch_share_10s|command_mismatch_share_30s
387,0.0,0.30000000000000004,1.0,0.5,0.0,0.0,0.0,,,1.793318976555387e-08,387,0,0,0,pre_onset_currently_healthy,5,recorded_route_only,full_graph,S2_HIGH_SOC_CONTROL,RandomForest,blocked_tail_20pct,platt_sigmoid,2239,561,387,0.306039042014163,0.07632762792000417,40,current_ma|wheel_mean|wheel_abs_diff|command_mismatch_share_10s|command_mismatch_share_30s
387,0.0,0.3400000000000001,1.0,0.5,0.0,0.0,0.0,,,2.679990989882221e-07,387,0,0,0,pre_onset_currently_healthy,5,recorded_route_only,full_graph,S2_HIGH_SOC_CONTROL,HistGradientBoosting,blocked_tail_20pct,platt_sigmoid,2239,561,387,0.31461158298770897,0.014199506421031993,40,current_ma|wheel_mean|wheel_abs_diff|command_mismatch_share_10s|command_mismatch_share_30s
707,0.0,0.4800000000000001,1.0,0.5,0.0,0.0,0.0,,,1.1114876791474474e-05,707,0,0,0,pre_onset_currently_healthy,5,recorded_route_only,full_graph,S5_REAL_TMS_JULY10,LogisticRegression,blocked_tail_20pct,platt_sigmoid,1983,497,707,0.015331291011534631,0.0032078019637071767,40,current_ma|wheel_mean|wheel_abs_diff|command_mismatch_share_10s|command_mismatch_share_30s
707,0.0,0.4600000000000001,1.0,0.5,0.0,0.0,0.0,,,1.8203111432768938e-10,707,0,0,0,pre_onset_currently_healthy,5,recorded_route_only,full_graph,S5_REAL_TMS_JULY10,ExtraTrees,blocked_tail_20pct,platt_sigmoid,1983,497,707,0.19424499999149702,0.043319424331422676,40,current_ma|wheel_mean|wheel_abs_diff|command_mismatch_share_10s|command_mismatch_share_30s
707,0.0,0.30000000000000004,1.0,0.5,0.0,0.0,0.0,,,2.98347400532169e-09,707,0,0,0,pre_onset_currently_healthy,5,recorded_route_only,full_graph,S5_REAL_TMS_JULY10,RandomForest,blocked_tail_20pct,platt_sigmoid,1983,497,707,0.2752160000090953,0.057314827434239116,40,current_ma|wheel_mean|wheel_abs_diff|command_mismatch_share_10s|command_mismatch_share_30s
707,0.0,0.30000000000000004,1.0,0.5,0.0,0.0,0.0,,,3.833709871264926e-07,707,0,0,0,pre_onset_currently_healthy,5,recorded_route_only,full_graph,S5_REAL_TMS_JULY10,HistGradientBoosting,blocked_tail_20pct,platt_sigmoid,1983,497,707,0.3163631670176983,0.009572312573057927,40,current_ma|wheel_mean|wheel_abs_diff|command_mismatch_share_10s|command_mismatch_share_30s
2148,0.04888268156424581,0.5,0.9511173184357542,0.4874731567644954,0.0,0.0,0.0,0.5,0.04888268156424581,0.04888268156424581,2043,0,105,0,pre_onset_currently_healthy,5,all_sessions,engineering_baseline,S1_LOW_SOC_STRESS,AlwaysNegative,fixed_rule_no_training,not_applicable,0,0,2148,0.0,0.0,0,
2148,0.04888268156424581,0.5,0.9511173184357542,0.4874731567644954,0.0,0.0,0.0,0.5,0.04888268156424581,0.04888268156424581,2043,0,105,0,pre_onset_currently_healthy,5,all_sessions,engineering_baseline,S1_LOW_SOC_STRESS,PersistenceH0,fixed_rule_no_training,not_applicable,0,0,2148,0.0,0.0,0,
387,0.0,0.5,1.0,0.5,0.0,0.0,0.0,,,0.0,387,0,0,0,pre_onset_currently_healthy,5,all_sessions,engineering_baseline,S2_HIGH_SOC_CONTROL,AlwaysNegative,fixed_rule_no_training,not_applicable,0,0,387,0.0,0.0,0,
387,0.0,0.5,1.0,0.5,0.0,0.0,0.0,,,0.0,387,0,0,0,pre_onset_currently_healthy,5,all_sessions,engineering_baseline,S2_HIGH_SOC_CONTROL,PersistenceH0,fixed_rule_no_training,not_applicable,0,0,387,0.0,0.0,0,
1159,0.023295944779982744,0.5,0.9767040552200172,0.49410737669140115,0.0,0.0,0.0,0.5,0.023295944779982744,0.023295944779982744,1132,0,27,0,pre_onset_currently_healthy,5,all_sessions,engineering_baseline,S3_MEDIUM_SOC_WHOLETESTING,AlwaysNegative,fixed_rule_no_training,not_applicable,0,0,1159,0.0,0.0,0,
1159,0.023295944779982744,0.5,0.9767040552200172,0.49410737669140115,0.0,0.0,0.0,0.5,0.023295944779982744,0.023295944779982744,1132,0,27,0,pre_onset_currently_healthy,5,all_sessions,engineering_baseline,S3_MEDIUM_SOC_WHOLETESTING,PersistenceH0,fixed_rule_no_training,not_applicable,0,0,1159,0.0,0.0,0,
2786,0.04558506819813352,0.5,0.9544149318018664,0.48833792470156107,0.0,0.0,0.0,0.5,0.04558506819813352,0.04558506819813352,2659,0,127,0,pre_onset_currently_healthy,5,all_sessions,engineering_baseline,S4_SAFETY_RICH_NAVEEN12,AlwaysNegative,fixed_rule_no_training,not_applicable,0,0,2786,0.0,0.0,0,
2786,0.04558506819813352,0.5,0.9544149318018664,0.48833792470156107,0.0,0.0,0.0,0.5,0.04558506819813352,0.04558506819813352,2659,0,127,0,pre_onset_currently_healthy,5,all_sessions,engineering_baseline,S4_SAFETY_RICH_NAVEEN12,PersistenceH0,fixed_rule_no_training,not_applicable,0,0,2786,0.0,0.0,0,
724,0.0,0.5,1.0,0.5,0.0,0.0,0.0,,,0.0,724,0,0,0,pre_onset_currently_healthy,5,all_sessions,engineering_baseline,S5_REAL_TMS_JULY10,AlwaysNegative,fixed_rule_no_training,not_applicable,0,0,724,0.0,0.0,0,
724,0.0,0.5,1.0,0.5,0.0,0.0,0.0,,,0.0,724,0,0,0,pre_onset_currently_healthy,5,all_sessions,engineering_baseline,S5_REAL_TMS_JULY10,PersistenceH0,fixed_rule_no_training,not_applicable,0,0,724,0.0,0.0,0,
1732,0.11085450346420324,0.36000000000000004,0.8891454965357968,0.4706601466992665,0.0,0.0,0.0,0.974707454004329,0.7589297885709946,0.10664840586693554,1540,0,192,0,pre_onset_currently_healthy,10,all_sessions,no_graph,S1_LOW_SOC_STRESS,LogisticRegression,session:S3_MEDIUM_SOC_WHOLETESTING,platt_sigmoid,3374,1045,1732,0.017046541994204745,0.0014705779383122474,24,command_mismatch_share_10s|command_mismatch_share_30s
1732,0.11085450346420324,0.12000000000000001,0.8891454965357968,0.4706601466992665,0.0,0.0,0.0,0.9750439664502164,0.6970202387539639,0.10545286071490233,1540,0,192,0,pre_onset_currently_healthy,10,all_sessions,no_graph,S1_LOW_SOC_STRESS,ExtraTrees,session:S3_MEDIUM_SOC_WHOLETESTING,platt_sigmoid,3374,1045,1732,0.18243662500754,0.01723402656394855,24,command_mismatch_share_10s|command_mismatch_share_30s
1732,0.11085450346420324,0.14,0.9451501154734411,0.857286960413481,0.7679558011049724,0.7239583333333334,0.7453083109919572,0.9745298971861471,0.7106959392507951,0.0780440760015052,1498,42,53,139,pre_onset_currently_healthy,10,all_sessions,no_graph,S1_LOW_SOC_STRESS,RandomForest,session:S3_MEDIUM_SOC_WHOLETESTING,platt_sigmoid,3374,1045,1732,0.31363491699448787,0.01710630773110143,24,command_mismatch_share_10s|command_mismatch_share_30s
1732,0.11085450346420324,0.1,0.9232101616628176,0.7594904064908231,0.7657657657657657,0.4427083333333333,0.5610561056105611,0.9728321158008658,0.7290134200574704,0.09424920245234475,1514,26,107,85,pre_onset_currently_healthy,10,all_sessions,no_graph,S1_LOW_SOC_STRESS,HistGradientBoosting,session:S3_MEDIUM_SOC_WHOLETESTING,platt_sigmoid,3374,1045,1732,0.41809883300447837,0.00424470728482109,24,command_mismatch_share_10s|command_mismatch_share_30s
248,0.0,0.36000000000000004,1.0,0.5,0.0,0.0,0.0,,,1.667537069888441e-05,248,0,0,0,pre_onset_currently_healthy,10,all_sessions,no_graph,S2_HIGH_SOC_CONTROL,LogisticRegression,session:S4_SAFETY_RICH_NAVEEN12,platt_sigmoid,3356,2547,248,0.015088791988091543,0.007673725767451669,24,command_mismatch_share_10s|command_mismatch_share_30s
248,0.0,0.26,1.0,0.5,0.0,0.0,0.0,,,4.0781191164987494e-05,248,0,0,0,pre_onset_currently_healthy,10,all_sessions,no_graph,S2_HIGH_SOC_CONTROL,ExtraTrees,session:S4_SAFETY_RICH_NAVEEN12,platt_sigmoid,3356,2547,248,0.20891700001084246,0.11550470568885605,24,command_mismatch_share_10s|command_mismatch_share_30s
248,0.0,0.38000000000000006,1.0,0.5,0.0,0.0,0.0,,,1.5695325408706767e-05,248,0,0,0,pre_onset_currently_healthy,10,all_sessions,no_graph,S2_HIGH_SOC_CONTROL,RandomForest,session:S4_SAFETY_RICH_NAVEEN12,platt_sigmoid,3356,2547,248,0.3079857499978971,0.1227016128400611,24,command_mismatch_share_10s|command_mismatch_share_30s
248,0.0,0.24000000000000005,1.0,0.5,0.0,0.0,0.0,,,0.0004981494457017605,248,0,0,0,pre_onset_currently_healthy,10,all_sessions,no_graph,S2_HIGH_SOC_CONTROL,HistGradientBoosting,session:S4_SAFETY_RICH_NAVEEN12,platt_sigmoid,3356,2547,248,0.43150775000685826,0.032968750019790605,24,command_mismatch_share_10s|command_mismatch_share_30s
1045,0.031578947368421054,0.3400000000000001,0.8966507177033493,0.5865934065934066,0.14953271028037382,0.48484848484848486,0.22857142857142856,0.9129835908492036,0.4544123496881208,0.03992758079590849,921,91,17,16,pre_onset_currently_healthy,10,all_sessions,no_graph,S3_MEDIUM_SOC_WHOLETESTING,LogisticRegression,session:S4_SAFETY_RICH_NAVEEN12,platt_sigmoid,2559,2547,1045,0.012615832994924858,0.0022396334707647848,21,current_ma|wheel_mean|wheel_abs_diff|command_mismatch_share_10s|command_mismatch_share_30s
1045,0.031578947368421054,0.38000000000000006,0.8889952153110048,0.5782419907033707,0.1391304347826087,0.48484848484848486,0.21621621621621623,0.9245418613007546,0.4004174176944695,0.04778708802189998,913,99,17,16,pre_onset_currently_healthy,10,all_sessions,no_graph,S3_MEDIUM_SOC_WHOLETESTING,ExtraTrees,session:S4_SAFETY_RICH_NAVEEN12,platt_sigmoid,2559,2547,1045,0.19637762499041855,0.028622727289697843,21,current_ma|wheel_mean|wheel_abs_diff|command_mismatch_share_10s|command_mismatch_share_30s
1045,0.031578947368421054,0.24000000000000005,0.8574162679425837,0.5493721221663015,0.10810810810810811,0.48484848484848486,0.17679558011049723,0.9190921068391424,0.3479634109179084,0.05236343799642915,880,132,17,16,pre_onset_currently_healthy,10,all_sessions,no_graph,S3_MEDIUM_SOC_WHOLETESTING,RandomForest,session:S4_SAFETY_RICH_NAVEEN12,platt_sigmoid,2559,2547,1045,0.28970054199453443,0.028409768407273165,21,current_ma|wheel_mean|wheel_abs_diff|command_mismatch_share_10s|command_mismatch_share_30s
1045,0.031578947368421054,0.24000000000000005,0.8889952153110048,0.5782419907033707,0.1391304347826087,0.48484848484848486,0.21621621621621623,0.7236794825727633,0.32616012381696974,0.05761536525565242,913,99,17,16,pre_onset_currently_healthy,10,all_sessions,no_graph,S3_MEDIUM_SOC_WHOLETESTING,HistGradientBoosting,session:S4_SAFETY_RICH_NAVEEN12,platt_sigmoid,2559,2547,1045,0.37386474999948405,0.007214593315612899,21,current_ma|wheel_mean|wheel_abs_diff|command_mismatch_share_10s|command_mismatch_share_30s
2547,0.09108755398508049,0.22000000000000003,0.9399293286219081,0.7850532139340803,0.7581699346405228,0.5,0.6025974025974026,0.9710396961346541,0.7404521344941445,0.05922158702096822,2278,37,116,116,pre_onset_currently_healthy,10,all_sessions,no_graph,S4_SAFETY_RICH_NAVEEN12,LogisticRegression,session:S3_MEDIUM_SOC_WHOLETESTING,platt_sigmoid,2559,1045,2547,0.012956124992342666,0.0009989528834503868,21,current_ma|wheel_mean|wheel_abs_diff|command_mismatch_share_10s|command_mismatch_share_30s
2547,0.09108755398508049,0.26,0.9093050647820966,0.5707193748563548,0.5094339622641509,0.11637931034482758,0.18947368421052632,0.9649195650554852,0.650484057236748,0.06387647153591379,2289,26,205,27,pre_onset_currently_healthy,10,all_sessions,no_graph,S4_SAFETY_RICH_NAVEEN12,ExtraTrees,session:S3_MEDIUM_SOC_WHOLETESTING,platt_sigmoid,2559,1045,2547,0.19720250001410022,0.011769745194122435,21,current_ma|wheel_mean|wheel_abs_diff|command_mismatch_share_10s|command_mismatch_share_30s
2547,0.09108755398508049,0.24000000000000005,0.9128386336866903,0.6298740573942188,0.5568181818181818,0.21120689655172414,0.30625,0.9638349966485439,0.6359194867944434,0.06775676798903918,2276,39,183,49,pre_onset_currently_healthy,10,all_sessions,no_graph,S4_SAFETY_RICH_NAVEEN12,RandomForest,session:S3_MEDIUM_SOC_WHOLETESTING,platt_sigmoid,2559,1045,2547,0.30358566698851064,0.01143672320292257,21,current_ma|wheel_mean|wheel_abs_diff|command_mismatch_share_10s|command_mismatch_share_30s
2547,0.09108755398508049,0.22000000000000003,0.928543384373773,0.6736013316359294,0.890625,0.24568965517241378,0.38513513513513514,0.926024056006554,0.6830563464735755,0.07036291468581655,2308,7,175,57,pre_onset_currently_healthy,10,all_sessions,no_graph,S4_SAFETY_RICH_NAVEEN12,HistGradientBoosting,session:S3_MEDIUM_SOC_WHOLETESTING,platt_sigmoid,2559,1045,2547,0.36711108399322256,0.003908143311970793,21,current_ma|wheel_mean|wheel_abs_diff|command_mismatch_share_10s|command_mismatch_share_30s
579,0.0,0.3400000000000001,1.0,0.5,0.0,0.0,0.0,,,5.778696329998973e-05,579,0,0,0,pre_onset_currently_healthy,10,all_sessions,no_graph,S5_REAL_TMS_JULY10,LogisticRegression,session:S4_SAFETY_RICH_NAVEEN12,platt_sigmoid,3025,2547,579,0.01490970901795663,0.003923214139619485,24,command_mismatch_share_10s|command_mismatch_share_30s
579,0.0,0.24000000000000005,0.9965457685664939,0.4991349480968858,0.0,0.0,0.0,,,0.0003912389858662179,577,2,0,0,pre_onset_currently_healthy,10,all_sessions,no_graph,S5_REAL_TMS_JULY10,ExtraTrees,session:S4_SAFETY_RICH_NAVEEN12,platt_sigmoid,3025,2547,579,0.19893754200893454,0.05188284452686115,24,command_mismatch_share_10s|command_mismatch_share_30s
579,0.0,0.28,1.0,0.5,0.0,0.0,0.0,,,0.00010707512682815975,579,0,0,0,pre_onset_currently_healthy,10,all_sessions,no_graph,S5_REAL_TMS_JULY10,RandomForest,session:S4_SAFETY_RICH_NAVEEN12,platt_sigmoid,3025,2547,579,0.36116533298627473,0.052487694305272864,24,command_mismatch_share_10s|command_mismatch_share_30s
579,0.0,0.18000000000000002,1.0,0.5,0.0,0.0,0.0,,,0.0003153362594949023,579,0,0,0,pre_onset_currently_healthy,10,all_sessions,no_graph,S5_REAL_TMS_JULY10,HistGradientBoosting,session:S4_SAFETY_RICH_NAVEEN12,platt_sigmoid,3025,2547,579,0.41348691598977894,0.011073834172712191,24,command_mismatch_share_10s|command_mismatch_share_30s
1732,0.11085450346420324,0.5000000000000001,0.8897228637413395,0.4759853826134202,1.0,0.005208333333333333,0.010362694300518135,0.975777867965368,0.793945072304971,0.10181476160105958,1540,0,191,1,pre_onset_currently_healthy,10,all_sessions,euclidean_only,S1_LOW_SOC_STRESS,LogisticRegression,session:S3_MEDIUM_SOC_WHOLETESTING,platt_sigmoid,3374,1045,1732,0.01707116700708866,0.0013615519647738159,27,command_mismatch_share_10s|command_mismatch_share_30s
1732,0.11085450346420324,0.3400000000000001,0.8891454965357968,0.4706601466992665,0.0,0.0,0.0,0.9768296807359308,0.7244242302108871,0.10548389426920894,1540,0,192,0,pre_onset_currently_healthy,10,all_sessions,euclidean_only,S1_LOW_SOC_STRESS,ExtraTrees,session:S3_MEDIUM_SOC_WHOLETESTING,platt_sigmoid,3374,1045,1732,0.20032025000546128,0.017567239041030448,27,command_mismatch_share_10s|command_mismatch_share_30s
1732,0.11085450346420324,0.38000000000000006,0.8891454965357968,0.4706601466992665,0.0,0.0,0.0,0.975387242965368,0.7355795567118755,0.09342530202225408,1540,0,192,0,pre_onset_currently_healthy,10,all_sessions,euclidean_only,S1_LOW_SOC_STRESS,RandomForest,session:S3_MEDIUM_SOC_WHOLETESTING,platt_sigmoid,3374,1045,1732,0.32616720799705945,0.0177334243662636,27,command_mismatch_share_10s|command_mismatch_share_30s
1732,0.11085450346420324,0.26,0.8891454965357968,0.4706601466992665,0.0,0.0,0.0,0.9807122564935065,0.8291023228763544,0.09440756051037229,1540,0,192,0,pre_onset_currently_healthy,10,all_sessions,euclidean_only,S1_LOW_SOC_STRESS,HistGradientBoosting,session:S3_MEDIUM_SOC_WHOLETESTING,platt_sigmoid,3374,1045,1732,0.4531399999978021,0.008309516736078259,27,command_mismatch_share_10s|command_mismatch_share_30s
248,0.0,0.36000000000000004,1.0,0.5,0.0,0.0,0.0,,,5.612820557564028e-05,248,0,0,0,pre_onset_currently_healthy,10,all_sessions,euclidean_only,S2_HIGH_SOC_CONTROL,LogisticRegression,session:S4_SAFETY_RICH_NAVEEN12,platt_sigmoid,3356,2547,248,0.015882124978816137,0.010065185521060841,27,command_mismatch_share_10s|command_mismatch_share_30s
248,0.0,0.22000000000000003,1.0,0.5,0.0,0.0,0.0,,,6.146814203717884e-05,248,0,0,0,pre_onset_currently_healthy,10,all_sessions,euclidean_only,S2_HIGH_SOC_CONTROL,ExtraTrees,session:S4_SAFETY_RICH_NAVEEN12,platt_sigmoid,3356,2547,248,0.2159070839988999,0.11727755648485806,27,command_mismatch_share_10s|command_mismatch_share_30s
248,0.0,0.32000000000000006,1.0,0.5,0.0,0.0,0.0,,,2.327588925484836e-05,248,0,0,0,pre_onset_currently_healthy,10,all_sessions,euclidean_only,S2_HIGH_SOC_CONTROL,RandomForest,session:S4_SAFETY_RICH_NAVEEN12,platt_sigmoid,3356,2547,248,0.33995470800437033,0.12369926210545425,27,command_mismatch_share_10s|command_mismatch_share_30s
248,0.0,0.28,1.0,0.5,0.0,0.0,0.0,,,0.0001732929247234497,248,0,0,0,pre_onset_currently_healthy,10,all_sessions,euclidean_only,S2_HIGH_SOC_CONTROL,HistGradientBoosting,session:S4_SAFETY_RICH_NAVEEN12,platt_sigmoid,3356,2547,248,0.4639237090013921,0.026066197601575105,27,command_mismatch_share_10s|command_mismatch_share_30s
1045,0.031578947368421054,0.3400000000000001,0.9043062200956937,0.5956758597208036,0.16161616161616163,0.48484848484848486,0.24242424242424243,0.9106180380883938,0.3674614634538604,0.039334705922749104,929,83,17,16,pre_onset_currently_healthy,10,all_sessions,euclidean_only,S3_MEDIUM_SOC_WHOLETESTING,LogisticRegression,session:S4_SAFETY_RICH_NAVEEN12,platt_sigmoid,2559,2547,1045,0.012744542007567361,0.0023008765637179455,24,current_ma|wheel_mean|wheel_abs_diff|command_mismatch_share_10s|command_mismatch_share_30s
1045,0.031578947368421054,0.42000000000000004,0.9090909090909091,0.6017865953205161,0.1702127659574468,0.48484848484848486,0.25196850393700787,0.9274164570607258,0.453097691890059,0.0437491092986213,934,78,17,16,pre_onset_currently_healthy,10,all_sessions,euclidean_only,S3_MEDIUM_SOC_WHOLETESTING,ExtraTrees,session:S4_SAFETY_RICH_NAVEEN12,platt_sigmoid,2559,2547,1045,0.19723379099741578,0.041111244020190396,24,current_ma|wheel_mean|wheel_abs_diff|command_mismatch_share_10s|command_mismatch_share_30s
1045,0.031578947368421054,0.24000000000000005,0.8803827751196173,0.5695776671356692,0.12903225806451613,0.48484848484848486,0.20382165605095542,0.9157982991975087,0.5054348568508978,0.04278374679579902,904,108,17,16,pre_onset_currently_healthy,10,all_sessions,euclidean_only,S3_MEDIUM_SOC_WHOLETESTING,RandomForest,session:S4_SAFETY_RICH_NAVEEN12,platt_sigmoid,2559,2547,1045,0.3022419170010835,0.029299401931027976,24,current_ma|wheel_mean|wheel_abs_diff|command_mismatch_share_10s|command_mismatch_share_30s
1045,0.031578947368421054,0.3400000000000001,0.907177033492823,0.5992987283026774,0.16666666666666666,0.48484848484848486,0.24806201550387597,0.8928614205294048,0.44950368383716005,0.046956403243591745,932,80,17,16,pre_onset_currently_healthy,10,all_sessions,euclidean_only,S3_MEDIUM_SOC_WHOLETESTING,HistGradientBoosting,session:S4_SAFETY_RICH_NAVEEN12,platt_sigmoid,2559,2547,1045,0.4178994169924408,0.008126555047439117,24,current_ma|wheel_mean|wheel_abs_diff|command_mismatch_share_10s|command_mismatch_share_30s
2547,0.09108755398508049,0.22000000000000003,0.9387514723203769,0.7834183673469388,0.740506329113924,0.5043103448275862,0.6,0.9686545765993891,0.7448330867658636,0.05896192371482956,2274,41,115,117,pre_onset_currently_healthy,10,all_sessions,euclidean_only,S4_SAFETY_RICH_NAVEEN12,LogisticRegression,session:S3_MEDIUM_SOC_WHOLETESTING,platt_sigmoid,2559,1045,2547,0.012579458008985966,0.0010774770405503303,24,current_ma|wheel_mean|wheel_abs_diff|command_mismatch_share_10s|command_mismatch_share_30s
2547,0.09108755398508049,0.26,0.9210836277974087,0.6429202660240426,0.7313432835820896,0.21120689655172414,0.3277591973244147,0.9681742012363149,0.7021439773139583,0.061490568948685126,2297,18,183,49,pre_onset_currently_healthy,10,all_sessions,euclidean_only,S4_SAFETY_RICH_NAVEEN12,ExtraTrees,session:S3_MEDIUM_SOC_WHOLETESTING,platt_sigmoid,2559,1045,2547,0.19988391699735075,0.012103994905328489,24,current_ma|wheel_mean|wheel_abs_diff|command_mismatch_share_10s|command_mismatch_share_30s
2547,0.09108755398508049,0.3400000000000001,0.9191205339615234,0.608109359688329,0.782608695652174,0.15517241379310345,0.2589928057553957,0.9583246443732778,0.6608685190875965,0.06311748708111899,2305,10,196,36,pre_onset_currently_healthy,10,all_sessions,euclidean_only,S4_SAFETY_RICH_NAVEEN12,RandomForest,session:S3_MEDIUM_SOC_WHOLETESTING,platt_sigmoid,2559,1045,2547,0.3140381670091301,0.011771773846515041,24,current_ma|wheel_mean|wheel_abs_diff|command_mismatch_share_10s|command_mismatch_share_30s
2547,0.09108755398508049,0.26,0.9356105221829604,0.7343027249828258,0.8469387755102041,0.3577586206896552,0.503030303030303,0.9619079094362107,0.7440463253277179,0.060915224740908026,2300,15,149,83,pre_onset_currently_healthy,10,all_sessions,euclidean_only,S4_SAFETY_RICH_NAVEEN12,HistGradientBoosting,session:S3_MEDIUM_SOC_WHOLETESTING,platt_sigmoid,2559,1045,2547,0.4361593750072643,0.01821378091003557,24,current_ma|wheel_mean|wheel_abs_diff|command_mismatch_share_10s|command_mismatch_share_30s
579,0.0,0.38000000000000006,1.0,0.5,0.0,0.0,0.0,,,0.000141342739096092,579,0,0,0,pre_onset_currently_healthy,10,all_sessions,euclidean_only,S5_REAL_TMS_JULY10,LogisticRegression,session:S4_SAFETY_RICH_NAVEEN12,platt_sigmoid,3025,2547,579,0.01474270800827071,0.003831319523804752,27,command_mismatch_share_10s|command_mismatch_share_30s
579,0.0,0.22000000000000003,1.0,0.5,0.0,0.0,0.0,,,0.00019891967314742112,579,0,0,0,pre_onset_currently_healthy,10,all_sessions,euclidean_only,S5_REAL_TMS_JULY10,ExtraTrees,session:S4_SAFETY_RICH_NAVEEN12,platt_sigmoid,3025,2547,579,0.21983279098640196,0.05229058718093267,27,command_mismatch_share_10s|command_mismatch_share_30s
579,0.0,0.3400000000000001,1.0,0.5,0.0,0.0,0.0,,,5.676423474904804e-05,579,0,0,0,pre_onset_currently_healthy,10,all_sessions,euclidean_only,S5_REAL_TMS_JULY10,RandomForest,session:S4_SAFETY_RICH_NAVEEN12,platt_sigmoid,3025,2547,579,0.33502016597776674,0.06343365112272942,27,command_mismatch_share_10s|command_mismatch_share_30s
579,0.0,0.24000000000000005,1.0,0.5,0.0,0.0,0.0,,,8.514606244448428e-05,579,0,0,0,pre_onset_currently_healthy,10,all_sessions,euclidean_only,S5_REAL_TMS_JULY10,HistGradientBoosting,session:S4_SAFETY_RICH_NAVEEN12,platt_sigmoid,3025,2547,579,0.5154314169776626,0.011056131252613633,27,command_mismatch_share_10s|command_mismatch_share_30s
1732,0.11085450346420324,0.5000000000000001,0.8891454965357968,0.4706601466992665,0.0,0.0,0.0,0.9775466720779221,0.7899843885686227,0.09813580819432448,1540,0,192,0,pre_onset_currently_healthy,10,all_sessions,euclidean_no_soc,S1_LOW_SOC_STRESS,LogisticRegression,session:S3_MEDIUM_SOC_WHOLETESTING,platt_sigmoid,3374,1045,1732,0.01650204198085703,0.001493889720025354,24,command_mismatch_share_10s|command_mismatch_share_30s
1732,0.11085450346420324,0.3400000000000001,0.8891454965357968,0.4706601466992665,0.0,0.0,0.0,0.9756307494588744,0.7324849161481899,0.10669788918428924,1540,0,192,0,pre_onset_currently_healthy,10,all_sessions,euclidean_no_soc,S1_LOW_SOC_STRESS,ExtraTrees,session:S3_MEDIUM_SOC_WHOLETESTING,platt_sigmoid,3374,1045,1732,0.20164191702497192,0.01677133833710427,24,command_mismatch_share_10s|command_mismatch_share_30s
1732,0.11085450346420324,0.38000000000000006,0.8891454965357968,0.4706601466992665,0.0,0.0,0.0,0.9745670995670995,0.7090054655355184,0.09450515365805175,1540,0,192,0,pre_onset_currently_healthy,10,all_sessions,euclidean_no_soc,S1_LOW_SOC_STRESS,RandomForest,session:S3_MEDIUM_SOC_WHOLETESTING,platt_sigmoid,3374,1045,1732,0.3228639159933664,0.01752987876305933,24,command_mismatch_share_10s|command_mismatch_share_30s
1732,0.11085450346420324,0.28,0.8891454965357968,0.4706601466992665,0.0,0.0,0.0,0.9775297619047618,0.8253798608633798,0.08868444839711884,1540,0,192,0,pre_onset_currently_healthy,10,all_sessions,euclidean_no_soc,S1_LOW_SOC_STRESS,HistGradientBoosting,session:S3_MEDIUM_SOC_WHOLETESTING,platt_sigmoid,3374,1045,1732,0.4023330410127528,0.004418927821407082,24,command_mismatch_share_10s|command_mismatch_share_30s
248,0.0,0.3400000000000001,1.0,0.5,0.0,0.0,0.0,,,0.0002583770042016289,248,0,0,0,pre_onset_currently_healthy,10,all_sessions,euclidean_no_soc,S2_HIGH_SOC_CONTROL,LogisticRegression,session:S4_SAFETY_RICH_NAVEEN12,platt_sigmoid,3356,2547,248,0.015100125019671395,0.009060653317118845,24,command_mismatch_share_10s|command_mismatch_share_30s
248,0.0,0.24000000000000005,1.0,0.5,0.0,0.0,0.0,,,9.150094348707273e-05,248,0,0,0,pre_onset_currently_healthy,10,all_sessions,euclidean_no_soc,S2_HIGH_SOC_CONTROL,ExtraTrees,session:S4_SAFETY_RICH_NAVEEN12,platt_sigmoid,3356,2547,248,0.20969016599701717,0.12056720574506588,24,command_mismatch_share_10s|command_mismatch_share_30s
248,0.0,0.24000000000000005,1.0,0.5,0.0,0.0,0.0,,,0.00016866721352016702,248,0,0,0,pre_onset_currently_healthy,10,all_sessions,euclidean_no_soc,S2_HIGH_SOC_CONTROL,RandomForest,session:S4_SAFETY_RICH_NAVEEN12,platt_sigmoid,3356,2547,248,0.34199154199450277,0.11740473787687088,24,command_mismatch_share_10s|command_mismatch_share_30s
248,0.0,0.24000000000000005,1.0,0.5,0.0,0.0,0.0,,,0.0002730140008984672,248,0,0,0,pre_onset_currently_healthy,10,all_sessions,euclidean_no_soc,S2_HIGH_SOC_CONTROL,HistGradientBoosting,session:S4_SAFETY_RICH_NAVEEN12,platt_sigmoid,3356,2547,248,0.4060999999928754,0.031462866900255904,24,command_mismatch_share_10s|command_mismatch_share_30s
1045,0.031578947368421054,0.30000000000000004,0.876555023923445,0.565941867990688,0.125,0.48484848484848486,0.19875776397515527,0.9113666307342196,0.36751623807774103,0.04766925372823162,900,112,17,16,pre_onset_currently_healthy,10,all_sessions,euclidean_no_soc,S3_MEDIUM_SOC_WHOLETESTING,LogisticRegression,session:S4_SAFETY_RICH_NAVEEN12,platt_sigmoid,2559,2547,1045,0.011853083007736132,0.002191267945496232,21,current_ma|wheel_mean|wheel_abs_diff|command_mismatch_share_10s|command_mismatch_share_30s
1045,0.031578947368421054,0.36000000000000004,0.8995215311004785,0.5899066007377757,0.15384615384615385,0.48484848484848486,0.23357664233576642,0.9338244101089951,0.32534695772648425,0.04147697644055406,924,88,17,16,pre_onset_currently_healthy,10,all_sessions,euclidean_no_soc,S3_MEDIUM_SOC_WHOLETESTING,ExtraTrees,session:S4_SAFETY_RICH_NAVEEN12,platt_sigmoid,2559,2547,1045,0.19792741700075567,0.02884828515070085,21,current_ma|wheel_mean|wheel_abs_diff|command_mismatch_share_10s|command_mismatch_share_30s
1045,0.031578947368421054,0.36000000000000004,0.9234449760765551,0.622634695941066,0.20253164556962025,0.48484848484848486,0.2857142857142857,0.9120553359683795,0.5043144220804825,0.039418388550809855,949,63,17,16,pre_onset_currently_healthy,10,all_sessions,euclidean_no_soc,S3_MEDIUM_SOC_WHOLETESTING,RandomForest,session:S4_SAFETY_RICH_NAVEEN12,platt_sigmoid,2559,2547,1045,0.30422833299962804,0.02886188232103746,21,current_ma|wheel_mean|wheel_abs_diff|command_mismatch_share_10s|command_mismatch_share_30s
1045,0.031578947368421054,0.3400000000000001,0.9090909090909091,0.6017865953205161,0.1702127659574468,0.48484848484848486,0.25196850393700787,0.9055575518026111,0.4793748817996971,0.04759817040896085,934,78,17,16,pre_onset_currently_healthy,10,all_sessions,euclidean_no_soc,S3_MEDIUM_SOC_WHOLETESTING,HistGradientBoosting,session:S4_SAFETY_RICH_NAVEEN12,platt_sigmoid,2559,2547,1045,0.3435292920039501,0.008016427768323054,21,current_ma|wheel_mean|wheel_abs_diff|command_mismatch_share_10s|command_mismatch_share_30s
2547,0.09108755398508049,0.22000000000000003,0.9348252846486063,0.7384233710312059,0.8055555555555556,0.375,0.5117647058823529,0.9687290533998659,0.7481792999730643,0.06244906682954255,2294,21,145,87,pre_onset_currently_healthy,10,all_sessions,euclidean_no_soc,S4_SAFETY_RICH_NAVEEN12,LogisticRegression,session:S3_MEDIUM_SOC_WHOLETESTING,platt_sigmoid,2559,1045,2547,0.012468542001442984,0.0010714240265775415,21,current_ma|wheel_mean|wheel_abs_diff|command_mismatch_share_10s|command_mismatch_share_30s
2547,0.09108755398508049,0.22000000000000003,0.939144091087554,0.7892574887698479,0.7305389221556886,0.5258620689655172,0.6115288220551378,0.9688389066805689,0.7211109459603484,0.0597852709478962,2270,45,110,122,pre_onset_currently_healthy,10,all_sessions,euclidean_no_soc,S4_SAFETY_RICH_NAVEEN12,ExtraTrees,session:S3_MEDIUM_SOC_WHOLETESTING,platt_sigmoid,2559,1045,2547,0.19845687501947396,0.012264608558739782,21,current_ma|wheel_mean|wheel_abs_diff|command_mismatch_share_10s|command_mismatch_share_30s
2547,0.09108755398508049,0.32000000000000006,0.9234393404004712,0.6399958249040126,0.8363636363636363,0.19827586206896552,0.3205574912891986,0.959009830937663,0.6943822133315507,0.06105693359233779,2306,9,186,46,pre_onset_currently_healthy,10,all_sessions,euclidean_no_soc,S4_SAFETY_RICH_NAVEEN12,RandomForest,session:S3_MEDIUM_SOC_WHOLETESTING,platt_sigmoid,2559,1045,2547,0.33272891701199114,0.01226266196155193,21,current_ma|wheel_mean|wheel_abs_diff|command_mismatch_share_10s|command_mismatch_share_30s
2547,0.09108755398508049,0.26,0.9367883784844916,0.7398964703375022,0.8585858585858586,0.36637931034482757,0.513595166163142,0.9634002383257616,0.7546604940393477,0.06067285484554694,2301,14,147,85,pre_onset_currently_healthy,10,all_sessions,euclidean_no_soc,S4_SAFETY_RICH_NAVEEN12,HistGradientBoosting,session:S3_MEDIUM_SOC_WHOLETESTING,platt_sigmoid,2559,1045,2547,0.33905691700056195,0.0032218786806283532,21,current_ma|wheel_mean|wheel_abs_diff|command_mismatch_share_10s|command_mismatch_share_30s
579,0.0,0.3400000000000001,1.0,0.5,0.0,0.0,0.0,,,0.0005741826153633203,579,0,0,0,pre_onset_currently_healthy,10,all_sessions,euclidean_no_soc,S5_REAL_TMS_JULY10,LogisticRegression,session:S4_SAFETY_RICH_NAVEEN12,platt_sigmoid,3025,2547,579,0.014056874992093071,0.0038326856445373134,24,command_mismatch_share_10s|command_mismatch_share_30s
579,0.0,0.24000000000000005,0.998272884283247,0.4995678478824546,0.0,0.0,0.0,,,0.0005871079696101253,578,1,0,0,pre_onset_currently_healthy,10,all_sessions,euclidean_no_soc,S5_REAL_TMS_JULY10,ExtraTrees,session:S4_SAFETY_RICH_NAVEEN12,platt_sigmoid,3025,2547,579,0.20002887499867938,0.05285182725702491,24,command_mismatch_share_10s|command_mismatch_share_30s
579,0.0,0.36000000000000004,1.0,0.5,0.0,0.0,0.0,,,4.9559562975299135e-05,579,0,0,0,pre_onset_currently_healthy,10,all_sessions,euclidean_no_soc,S5_REAL_TMS_JULY10,RandomForest,session:S4_SAFETY_RICH_NAVEEN12,platt_sigmoid,3025,2547,579,0.3296945829933975,0.05301309670868534,24,command_mismatch_share_10s|command_mismatch_share_30s
579,0.0,0.24000000000000005,1.0,0.5,0.0,0.0,0.0,,,8.897455813373207e-05,579,0,0,0,pre_onset_currently_healthy,10,all_sessions,euclidean_no_soc,S5_REAL_TMS_JULY10,HistGradientBoosting,session:S4_SAFETY_RICH_NAVEEN12,platt_sigmoid,3025,2547,579,0.45134654198773205,0.010581101899699586,24,command_mismatch_share_10s|command_mismatch_share_30s
1732,0.11085450346420324,0.38000000000000006,0.9041570438799076,0.6038470017636685,0.90625,0.15104166666666666,0.25892857142857145,0.9204883658008658,0.6540779203962301,0.08635124423573357,1537,3,163,29,pre_onset_currently_healthy,10,all_sessions,full_graph,S1_LOW_SOC_STRESS,LogisticRegression,session:S3_MEDIUM_SOC_WHOLETESTING,platt_sigmoid,3374,1045,1732,0.02128229200025089,0.0014553983919225702,43,command_mismatch_share_10s|command_mismatch_share_30s
1732,0.11085450346420324,0.42000000000000004,0.8891454965357968,0.4706601466992665,0.0,0.0,0.0,0.9761312905844155,0.7244357132104907,0.10853698076205001,1540,0,192,0,pre_onset_currently_healthy,10,all_sessions,full_graph,S1_LOW_SOC_STRESS,ExtraTrees,session:S3_MEDIUM_SOC_WHOLETESTING,platt_sigmoid,3374,1045,1732,0.20477754098828882,0.017699913389138733,43,command_mismatch_share_10s|command_mismatch_share_30s
1732,0.11085450346420324,0.36000000000000004,0.8891454965357968,0.4706601466992665,0.0,0.0,0.0,0.9765354437229437,0.7194250415820276,0.09880819011062042,1540,0,192,0,pre_onset_currently_healthy,10,all_sessions,full_graph,S1_LOW_SOC_STRESS,RandomForest,session:S3_MEDIUM_SOC_WHOLETESTING,platt_sigmoid,3374,1045,1732,0.3412640000169631,0.01715244918251862,43,command_mismatch_share_10s|command_mismatch_share_30s
1732,0.11085450346420324,0.42000000000000004,0.8891454965357968,0.4706601466992665,0.0,0.0,0.0,0.9745654085497836,0.7448534272545857,0.09023633458001241,1540,0,192,0,pre_onset_currently_healthy,10,all_sessions,full_graph,S1_LOW_SOC_STRESS,HistGradientBoosting,session:S3_MEDIUM_SOC_WHOLETESTING,platt_sigmoid,3374,1045,1732,0.4169800420058891,0.004750817536116163,43,command_mismatch_share_10s|command_mismatch_share_30s
248,0.0,0.2,0.9838709677419355,0.4959349593495935,0.0,0.0,0.0,,,0.0034121340094832274,244,4,0,0,pre_onset_currently_healthy,10,all_sessions,full_graph,S2_HIGH_SOC_CONTROL,LogisticRegression,session:S4_SAFETY_RICH_NAVEEN12,platt_sigmoid,3356,2547,248,0.019522499991580844,0.008798217740766104,43,command_mismatch_share_10s|command_mismatch_share_30s
248,0.0,0.28,1.0,0.5,0.0,0.0,0.0,,,3.232336069974284e-05,248,0,0,0,pre_onset_currently_healthy,10,all_sessions,full_graph,S2_HIGH_SOC_CONTROL,ExtraTrees,session:S4_SAFETY_RICH_NAVEEN12,platt_sigmoid,3356,2547,248,0.2104673330031801,0.12084139926892315,43,command_mismatch_share_10s|command_mismatch_share_30s
248,0.0,0.36000000000000004,1.0,0.5,0.0,0.0,0.0,,,1.5702487689827788e-06,248,0,0,0,pre_onset_currently_healthy,10,all_sessions,full_graph,S2_HIGH_SOC_CONTROL,RandomForest,session:S4_SAFETY_RICH_NAVEEN12,platt_sigmoid,3356,2547,248,0.36729529200238176,0.12351209678003684,43,command_mismatch_share_10s|command_mismatch_share_30s
248,0.0,0.38000000000000006,1.0,0.5,0.0,0.0,0.0,,,1.4022836665411866e-05,248,0,0,0,pre_onset_currently_healthy,10,all_sessions,full_graph,S2_HIGH_SOC_CONTROL,HistGradientBoosting,session:S4_SAFETY_RICH_NAVEEN12,platt_sigmoid,3356,2547,248,0.44350445800228044,0.08213995170081034,43,command_mismatch_share_10s|command_mismatch_share_30s
1045,0.031578947368421054,0.22000000000000003,0.8956937799043062,0.585512119326514,0.14814814814814814,0.48484848484848486,0.22695035460992907,0.8169840699484968,0.22278011516818724,0.033327411517507614,920,92,17,16,pre_onset_currently_healthy,10,all_sessions,full_graph,S3_MEDIUM_SOC_WHOLETESTING,LogisticRegression,session:S4_SAFETY_RICH_NAVEEN12,platt_sigmoid,2559,2547,1045,0.014930000004824251,0.002467503373479943,40,current_ma|wheel_mean|wheel_abs_diff|command_mismatch_share_10s|command_mismatch_share_30s
1045,0.031578947368421054,0.32000000000000006,0.8947368421052632,0.5897924517528834,0.15315315315315314,0.5151515151515151,0.2361111111111111,0.9283746556473829,0.5081876777501795,0.04129127439485569,918,94,16,17,pre_onset_currently_healthy,10,all_sessions,full_graph,S3_MEDIUM_SOC_WHOLETESTING,ExtraTrees,session:S4_SAFETY_RICH_NAVEEN12,platt_sigmoid,2559,2547,1045,0.20061370899202302,0.029426514846161364,40,current_ma|wheel_mean|wheel_abs_diff|command_mismatch_share_10s|command_mismatch_share_30s
1045,0.031578947368421054,0.32000000000000006,0.9138755980861244,0.6082816873250699,0.1797752808988764,0.48484848484848486,0.26229508196721313,0.9091507965025751,0.4963442130383542,0.040826875113951215,939,73,17,16,pre_onset_currently_healthy,10,all_sessions,full_graph,S3_MEDIUM_SOC_WHOLETESTING,RandomForest,session:S4_SAFETY_RICH_NAVEEN12,platt_sigmoid,2559,2547,1045,0.3175677910039667,0.029745055518545317,40,current_ma|wheel_mean|wheel_abs_diff|command_mismatch_share_10s|command_mismatch_share_30s
1045,0.031578947368421054,0.6200000000000001,0.9665071770334929,0.713588773776243,0.4666666666666667,0.42424242424242425,0.4444444444444444,0.8191100730626422,0.44814761918236473,0.035498504281688444,996,16,19,14,pre_onset_currently_healthy,10,all_sessions,full_graph,S3_MEDIUM_SOC_WHOLETESTING,HistGradientBoosting,session:S4_SAFETY_RICH_NAVEEN12,platt_sigmoid,2559,2547,1045,0.3735359579732176,0.00791431387382867,40,current_ma|wheel_mean|wheel_abs_diff|command_mismatch_share_10s|command_mismatch_share_30s
2547,0.09108755398508049,0.14,0.9128386336866903,0.7119658903355951,0.526595744680851,0.4267241379310345,0.4714285714285714,0.9389830192894913,0.5559445091635793,0.06472967129254313,2226,89,133,99,pre_onset_currently_healthy,10,all_sessions,full_graph,S4_SAFETY_RICH_NAVEEN12,LogisticRegression,session:S3_MEDIUM_SOC_WHOLETESTING,platt_sigmoid,2559,1045,2547,0.014690417010569945,0.0010668759331696575,40,current_ma|wheel_mean|wheel_abs_diff|command_mismatch_share_10s|command_mismatch_share_30s
2547,0.09108755398508049,0.28,0.9246171967020024,0.676110442905511,0.7380952380952381,0.2672413793103448,0.3924050632911392,0.9690604751619871,0.7189499460710947,0.05915362319055314,2293,22,170,62,pre_onset_currently_healthy,10,all_sessions,full_graph,S4_SAFETY_RICH_NAVEEN12,ExtraTrees,session:S3_MEDIUM_SOC_WHOLETESTING,platt_sigmoid,2559,1045,2547,0.20247337501496077,0.011900749499425087,40,current_ma|wheel_mean|wheel_abs_diff|command_mismatch_share_10s|command_mismatch_share_30s
2547,0.09108755398508049,0.30000000000000004,0.9312917157440126,0.6967050419533359,0.88,0.28448275862068967,0.42996742671009774,0.9633853429656661,0.7607465335986174,0.05784071126569126,2306,9,166,66,pre_onset_currently_healthy,10,all_sessions,full_graph,S4_SAFETY_RICH_NAVEEN12,RandomForest,session:S3_MEDIUM_SOC_WHOLETESTING,platt_sigmoid,2559,1045,2547,0.3139783750229981,0.012183074594790158,40,current_ma|wheel_mean|wheel_abs_diff|command_mismatch_share_10s|command_mismatch_share_30s
2547,0.09108755398508049,0.36000000000000004,0.9383588535531998,0.7374787047218894,0.9310344827586207,0.34913793103448276,0.5078369905956113,0.9426361063528711,0.7782905240720884,0.053788642686472946,2309,6,151,81,pre_onset_currently_healthy,10,all_sessions,full_graph,S4_SAFETY_RICH_NAVEEN12,HistGradientBoosting,session:S3_MEDIUM_SOC_WHOLETESTING,platt_sigmoid,2559,1045,2547,0.6394171249994542,0.0036019992166863185,40,current_ma|wheel_mean|wheel_abs_diff|command_mismatch_share_10s|command_mismatch_share_30s
579,0.0,0.24000000000000005,0.9740932642487047,0.49343832020997375,0.0,0.0,0.0,,,0.006027880180047488,564,15,0,0,pre_onset_currently_healthy,10,all_sessions,full_graph,S5_REAL_TMS_JULY10,LogisticRegression,session:S4_SAFETY_RICH_NAVEEN12,platt_sigmoid,3025,2547,579,0.019133166002575308,0.004115428352110821,43,command_mismatch_share_10s|command_mismatch_share_30s
579,0.0,0.26,1.0,0.5,0.0,0.0,0.0,,,0.00022264738238266646,579,0,0,0,pre_onset_currently_healthy,10,all_sessions,full_graph,S5_REAL_TMS_JULY10,ExtraTrees,session:S4_SAFETY_RICH_NAVEEN12,platt_sigmoid,3025,2547,579,0.21471912498236634,0.05314003972542538,43,command_mismatch_share_10s|command_mismatch_share_30s
579,0.0,0.5200000000000001,1.0,0.5,0.0,0.0,0.0,,,3.764965198949681e-06,579,0,0,0,pre_onset_currently_healthy,10,all_sessions,full_graph,S5_REAL_TMS_JULY10,RandomForest,session:S4_SAFETY_RICH_NAVEEN12,platt_sigmoid,3025,2547,579,0.3559917910024524,0.0511937962108274,43,command_mismatch_share_10s|command_mismatch_share_30s
579,0.0,0.18000000000000002,1.0,0.5,0.0,0.0,0.0,,,1.8054543698159147e-05,579,0,0,0,pre_onset_currently_healthy,10,all_sessions,full_graph,S5_REAL_TMS_JULY10,HistGradientBoosting,session:S4_SAFETY_RICH_NAVEEN12,platt_sigmoid,3025,2547,579,0.4348529579874594,0.014884499125246968,43,command_mismatch_share_10s|command_mismatch_share_30s
1732,0.11085450346420324,0.30000000000000004,0.918013856812933,0.7424465193041541,0.7272727272727273,0.4166666666666667,0.5298013245033113,0.9687787472943723,0.7163126147837384,0.0727753707367857,1510,30,112,80,pre_onset_currently_healthy,10,all_sessions,full_graph_no_soc,S1_LOW_SOC_STRESS,LogisticRegression,session:S3_MEDIUM_SOC_WHOLETESTING,platt_sigmoid,3374,1045,1732,0.021056958008557558,0.0015807349955895378,40,command_mismatch_share_10s|command_mismatch_share_30s
1732,0.11085450346420324,0.44000000000000006,0.8891454965357968,0.4706601466992665,0.0,0.0,0.0,0.9777495941558443,0.7683795358518659,0.10903275530987284,1540,0,192,0,pre_onset_currently_healthy,10,all_sessions,full_graph_no_soc,S1_LOW_SOC_STRESS,ExtraTrees,session:S3_MEDIUM_SOC_WHOLETESTING,platt_sigmoid,3374,1045,1732,0.20475254202028736,0.0167611385703702,40,command_mismatch_share_10s|command_mismatch_share_30s
1732,0.11085450346420324,0.36000000000000004,0.8891454965357968,0.4706601466992665,0.0,0.0,0.0,0.9756933170995671,0.7350554005046661,0.09990401748274765,1540,0,192,0,pre_onset_currently_healthy,10,all_sessions,full_graph_no_soc,S1_LOW_SOC_STRESS,RandomForest,session:S3_MEDIUM_SOC_WHOLETESTING,platt_sigmoid,3374,1045,1732,0.3481452919950243,0.017681534068151344,40,command_mismatch_share_10s|command_mismatch_share_30s
1732,0.11085450346420324,0.18000000000000002,0.9105080831408776,0.6462115271838327,0.9302325581395349,0.20833333333333334,0.3404255319148936,0.9701890557359307,0.8003986782595385,0.08773435969008002,1537,3,152,40,pre_onset_currently_healthy,10,all_sessions,full_graph_no_soc,S1_LOW_SOC_STRESS,HistGradientBoosting,session:S3_MEDIUM_SOC_WHOLETESTING,platt_sigmoid,3374,1045,1732,0.40972737499396317,0.005056124716119595,40,command_mismatch_share_10s|command_mismatch_share_30s
248,0.0,0.22000000000000003,0.9758064516129032,0.49387755102040815,0.0,0.0,0.0,,,0.006593932476758577,242,6,0,0,pre_onset_currently_healthy,10,all_sessions,full_graph_no_soc,S2_HIGH_SOC_CONTROL,LogisticRegression,session:S4_SAFETY_RICH_NAVEEN12,platt_sigmoid,3356,2547,248,0.019277874991530553,0.009958504022271823,40,command_mismatch_share_10s|command_mismatch_share_30s
248,0.0,0.28,1.0,0.5,0.0,0.0,0.0,,,2.3158255350087003e-05,248,0,0,0,pre_onset_currently_healthy,10,all_sessions,full_graph_no_soc,S2_HIGH_SOC_CONTROL,ExtraTrees,session:S4_SAFETY_RICH_NAVEEN12,platt_sigmoid,3356,2547,248,0.2118067920091562,0.11473454029445777,40,command_mismatch_share_10s|command_mismatch_share_30s
248,0.0,0.3400000000000001,1.0,0.5,0.0,0.0,0.0,,,1.3862199584508284e-06,248,0,0,0,pre_onset_currently_healthy,10,all_sessions,full_graph_no_soc,S2_HIGH_SOC_CONTROL,RandomForest,session:S4_SAFETY_RICH_NAVEEN12,platt_sigmoid,3356,2547,248,0.3645335420151241,0.10553074588965354,40,command_mismatch_share_10s|command_mismatch_share_30s
248,0.0,0.28,1.0,0.5,0.0,0.0,0.0,,,1.9620962682688108e-05,248,0,0,0,pre_onset_currently_healthy,10,all_sessions,full_graph_no_soc,S2_HIGH_SOC_CONTROL,HistGradientBoosting,session:S4_SAFETY_RICH_NAVEEN12,platt_sigmoid,3356,2547,248,0.4284030410053674,0.025905580719887848,40,command_mismatch_share_10s|command_mismatch_share_30s
1045,0.031578947368421054,0.24000000000000005,0.876555023923445,0.565941867990688,0.125,0.48484848484848486,0.19875776397515527,0.8177326625943228,0.26880299992023615,0.03779299909078936,900,112,17,16,pre_onset_currently_healthy,10,all_sessions,full_graph_no_soc,S3_MEDIUM_SOC_WHOLETESTING,LogisticRegression,session:S4_SAFETY_RICH_NAVEEN12,platt_sigmoid,2559,2547,1045,0.015577750018564984,0.002218221044658046,37,current_ma|wheel_mean|wheel_abs_diff|command_mismatch_share_10s|command_mismatch_share_30s
1045,0.031578947368421054,0.30000000000000004,0.8918660287081339,0.5812959843985462,0.14285714285714285,0.48484848484848486,0.2206896551724138,0.930231165409031,0.49336726241427936,0.0372621566169337,916,96,17,16,pre_onset_currently_healthy,10,all_sessions,full_graph_no_soc,S3_MEDIUM_SOC_WHOLETESTING,ExtraTrees,session:S4_SAFETY_RICH_NAVEEN12,platt_sigmoid,2559,2547,1045,0.2000767079880461,0.02964944211079886,37,current_ma|wheel_mean|wheel_abs_diff|command_mismatch_share_10s|command_mismatch_share_30s
1045,0.031578947368421054,0.42000000000000004,0.9358851674641149,0.6447904458954182,0.24242424242424243,0.48484848484848486,0.32323232323232326,0.9175649778416577,0.509441507911046,0.03743118248743981,962,50,17,16,pre_onset_currently_healthy,10,all_sessions,full_graph_no_soc,S3_MEDIUM_SOC_WHOLETESTING,RandomForest,session:S4_SAFETY_RICH_NAVEEN12,platt_sigmoid,2559,2547,1045,0.32852183299837634,0.02979605264279938,37,current_ma|wheel_mean|wheel_abs_diff|command_mismatch_share_10s|command_mismatch_share_30s
1045,0.031578947368421054,0.5800000000000001,0.9607655502392345,0.6927550574044992,0.3888888888888889,0.42424242424242425,0.4057971014492754,0.8166247454785005,0.41891631591178274,0.03586733759815439,990,22,19,14,pre_onset_currently_healthy,10,all_sessions,full_graph_no_soc,S3_MEDIUM_SOC_WHOLETESTING,HistGradientBoosting,session:S4_SAFETY_RICH_NAVEEN12,platt_sigmoid,2559,2547,1045,0.3769177919893991,0.007675637315031872,37,current_ma|wheel_mean|wheel_abs_diff|command_mismatch_share_10s|command_mismatch_share_30s
2547,0.09108755398508049,0.16000000000000003,0.917157440125638,0.7021486848457004,0.5695364238410596,0.3706896551724138,0.4490861618798956,0.9416976986668654,0.5814489595357857,0.06647028902596222,2250,65,146,86,pre_onset_currently_healthy,10,all_sessions,full_graph_no_soc,S4_SAFETY_RICH_NAVEEN12,LogisticRegression,session:S3_MEDIUM_SOC_WHOLETESTING,platt_sigmoid,2559,1045,2547,0.015305582986911759,0.0011228735769488586,37,current_ma|wheel_mean|wheel_abs_diff|command_mismatch_share_10s|command_mismatch_share_30s
2547,0.09108755398508049,0.28,0.9214762465645858,0.6795903990338651,0.6568627450980392,0.28879310344827586,0.40119760479041916,0.9669211290682953,0.6994068525921703,0.05685525177869292,2280,35,165,67,pre_onset_currently_healthy,10,all_sessions,full_graph_no_soc,S4_SAFETY_RICH_NAVEEN12,ExtraTrees,session:S3_MEDIUM_SOC_WHOLETESTING,platt_sigmoid,2559,1045,2547,0.19940024998504668,0.012093557519849184,37,current_ma|wheel_mean|wheel_abs_diff|command_mismatch_share_10s|command_mismatch_share_30s
2547,0.09108755398508049,0.32000000000000006,0.9312917157440126,0.7003555599177956,0.8607594936708861,0.29310344827586204,0.43729903536977494,0.9675430103522753,0.7800024695803099,0.054040714886410754,2304,11,164,68,pre_onset_currently_healthy,10,all_sessions,full_graph_no_soc,S4_SAFETY_RICH_NAVEEN12,RandomForest,session:S3_MEDIUM_SOC_WHOLETESTING,platt_sigmoid,2559,1045,2547,0.3221554169722367,0.0125355810805655,37,current_ma|wheel_mean|wheel_abs_diff|command_mismatch_share_10s|command_mismatch_share_30s
2547,0.09108755398508049,0.26,0.956026698076168,0.8376029839734394,0.9285714285714286,0.5603448275862069,0.6989247311827957,0.9428800178744321,0.7953287161331092,0.05342040477913419,2305,10,102,130,pre_onset_currently_healthy,10,all_sessions,full_graph_no_soc,S4_SAFETY_RICH_NAVEEN12,HistGradientBoosting,session:S3_MEDIUM_SOC_WHOLETESTING,platt_sigmoid,2559,1045,2547,0.3700635420100298,0.003637138589676199,37,current_ma|wheel_mean|wheel_abs_diff|command_mismatch_share_10s|command_mismatch_share_30s
579,0.0,0.24000000000000005,0.9602763385146805,0.48986784140969164,0.0,0.0,0.0,,,0.00979294540902416,556,23,0,0,pre_onset_currently_healthy,10,all_sessions,full_graph_no_soc,S5_REAL_TMS_JULY10,LogisticRegression,session:S4_SAFETY_RICH_NAVEEN12,platt_sigmoid,3025,2547,579,0.018107209005393088,0.0041572400509494005,40,command_mismatch_share_10s|command_mismatch_share_30s
579,0.0,0.22000000000000003,0.9965457685664939,0.4991349480968858,0.0,0.0,0.0,,,0.0004660458451651417,577,2,0,0,pre_onset_currently_healthy,10,all_sessions,full_graph_no_soc,S5_REAL_TMS_JULY10,ExtraTrees,session:S4_SAFETY_RICH_NAVEEN12,platt_sigmoid,3025,2547,579,0.21415341697866097,0.05122394989033926,40,command_mismatch_share_10s|command_mismatch_share_30s
579,0.0,0.4600000000000001,1.0,0.5,0.0,0.0,0.0,,,1.4749583881842478e-05,579,0,0,0,pre_onset_currently_healthy,10,all_sessions,full_graph_no_soc,S5_REAL_TMS_JULY10,RandomForest,session:S4_SAFETY_RICH_NAVEEN12,platt_sigmoid,3025,2547,579,0.355657665990293,0.050626870482799714,40,command_mismatch_share_10s|command_mismatch_share_30s
579,0.0,0.18000000000000002,1.0,0.5,0.0,0.0,0.0,,,4.3689999876385215e-05,579,0,0,0,pre_onset_currently_healthy,10,all_sessions,full_graph_no_soc,S5_REAL_TMS_JULY10,HistGradientBoosting,session:S4_SAFETY_RICH_NAVEEN12,platt_sigmoid,3025,2547,579,0.42529675000696443,0.012715169271238676,40,command_mismatch_share_10s|command_mismatch_share_30s
1732,0.11085450346420324,0.18000000000000002,0.9203233256351039,0.770138023357799,0.6928571428571428,0.5052083333333334,0.5843373493975904,0.8769581980519481,0.6300256082831336,0.07319731980836294,1497,43,95,97,pre_onset_currently_healthy,10,annotated_sessions,full_graph,S1_LOW_SOC_STRESS,LogisticRegression,blocked_tail_20pct,platt_sigmoid,2698,676,1732,0.01942679099738598,0.0016085450330751306,43,command_mismatch_share_10s|command_mismatch_share_30s
1732,0.11085450346420324,0.3400000000000001,0.9064665127020786,0.6852745872218234,0.6704545454545454,0.3072916666666667,0.42142857142857143,0.9747311282467532,0.7348522033238983,0.06770389702075695,1511,29,133,59,pre_onset_currently_healthy,10,annotated_sessions,full_graph,S1_LOW_SOC_STRESS,ExtraTrees,blocked_tail_20pct,platt_sigmoid,2698,676,1732,0.2041267080057878,0.01644952829381963,43,command_mismatch_share_10s|command_mismatch_share_30s
1732,0.11085450346420324,0.36000000000000004,0.9255196304849884,0.7785436260968597,0.7441860465116279,0.5,0.5981308411214953,0.9756730248917749,0.7058346456466377,0.05757408154783136,1507,33,96,96,pre_onset_currently_healthy,10,annotated_sessions,full_graph,S1_LOW_SOC_STRESS,RandomForest,blocked_tail_20pct,platt_sigmoid,2698,676,1732,0.31458949999068864,0.017844135102070655,43,command_mismatch_share_10s|command_mismatch_share_30s
1732,0.11085450346420324,0.14,0.9226327944572749,0.7524996587496587,0.7788461538461539,0.421875,0.5472972972972973,0.9575030438311688,0.7101237511214133,0.08336130832921336,1517,23,111,81,pre_onset_currently_healthy,10,annotated_sessions,full_graph,S1_LOW_SOC_STRESS,HistGradientBoosting,blocked_tail_20pct,platt_sigmoid,2698,676,1732,0.3754605409922078,0.005666642623478181,43,command_mismatch_share_10s|command_mismatch_share_30s
248,0.0,0.22000000000000003,1.0,0.5,0.0,0.0,0.0,,,0.00200476562184334,248,0,0,0,pre_onset_currently_healthy,10,annotated_sessions,full_graph,S2_HIGH_SOC_CONTROL,LogisticRegression,session:S4_SAFETY_RICH_NAVEEN12,platt_sigmoid,2311,2547,248,0.013898792007239535,0.008967741920177134,40,current_ma|wheel_mean|wheel_abs_diff|command_mismatch_share_10s|command_mismatch_share_30s
248,0.0,0.42000000000000004,1.0,0.5,0.0,0.0,0.0,,,3.712578370788776e-08,248,0,0,0,pre_onset_currently_healthy,10,annotated_sessions,full_graph,S2_HIGH_SOC_CONTROL,ExtraTrees,session:S4_SAFETY_RICH_NAVEEN12,platt_sigmoid,2311,2547,248,0.2023817089793738,0.11991851610101519,40,current_ma|wheel_mean|wheel_abs_diff|command_mismatch_share_10s|command_mismatch_share_30s
248,0.0,0.26,1.0,0.5,0.0,0.0,0.0,,,2.9835728125171765e-06,248,0,0,0,pre_onset_currently_healthy,10,annotated_sessions,full_graph,S2_HIGH_SOC_CONTROL,RandomForest,session:S4_SAFETY_RICH_NAVEEN12,platt_sigmoid,2311,2547,248,0.31693433297914453,0.12282106845598337,40,current_ma|wheel_mean|wheel_abs_diff|command_mismatch_share_10s|command_mismatch_share_30s
248,0.0,0.54,1.0,0.5,0.0,0.0,0.0,,,0.00013228699828158838,248,0,0,0,pre_onset_currently_healthy,10,annotated_sessions,full_graph,S2_HIGH_SOC_CONTROL,HistGradientBoosting,session:S4_SAFETY_RICH_NAVEEN12,platt_sigmoid,2311,2547,248,0.3958976659923792,0.02644052426236862,40,current_ma|wheel_mean|wheel_abs_diff|command_mismatch_share_10s|command_mismatch_share_30s
2547,0.09108755398508049,0.44000000000000006,0.90616411464468,0.6892356387119829,0.48128342245989303,0.3879310344827586,0.4295942720763723,0.9143591271318985,0.46489003587915934,0.07708052758084827,2218,97,142,90,pre_onset_currently_healthy,10,annotated_sessions,full_graph,S4_SAFETY_RICH_NAVEEN12,LogisticRegression,blocked_tail_20pct,platt_sigmoid,2046,513,2547,0.014319874986540526,0.0011301366223807037,40,current_ma|wheel_mean|wheel_abs_diff|command_mismatch_share_10s|command_mismatch_share_30s
2547,0.09108755398508049,0.36000000000000004,0.9316843345111896,0.7896200440528635,0.6306306306306306,0.603448275862069,0.6167400881057269,0.9639420570492292,0.6648662273255148,0.046545076697268484,2233,82,92,140,pre_onset_currently_healthy,10,annotated_sessions,full_graph,S4_SAFETY_RICH_NAVEEN12,ExtraTrees,blocked_tail_20pct,platt_sigmoid,2046,513,2547,0.20113529200898483,0.01318091519085912,40,current_ma|wheel_mean|wheel_abs_diff|command_mismatch_share_10s|command_mismatch_share_30s
2547,0.09108755398508049,0.5000000000000001,0.9442481350608559,0.8073743076267575,0.7678571428571429,0.5560344827586207,0.645,0.9622663290385045,0.7374083189820162,0.041363038685139124,2276,39,103,129,pre_onset_currently_healthy,10,annotated_sessions,full_graph,S4_SAFETY_RICH_NAVEEN12,RandomForest,blocked_tail_20pct,platt_sigmoid,2046,513,2547,0.29148208402330056,0.017397870049304737,40,current_ma|wheel_mean|wheel_abs_diff|command_mismatch_share_10s|command_mismatch_share_30s
2547,0.09108755398508049,0.6000000000000001,0.955634079308991,0.8497984255009354,0.8361581920903954,0.6379310344827587,0.7237163814180929,0.956494377001564,0.7856764159197909,0.04109320028256469,2286,29,84,148,pre_onset_currently_healthy,10,annotated_sessions,full_graph,S4_SAFETY_RICH_NAVEEN12,HistGradientBoosting,blocked_tail_20pct,platt_sigmoid,2046,513,2547,0.39088266700855456,0.003990282685871441,40,current_ma|wheel_mean|wheel_abs_diff|command_mismatch_share_10s|command_mismatch_share_30s
579,0.0,0.2,0.9965457685664939,0.4991349480968858,0.0,0.0,0.0,,,0.002415313967111036,577,2,0,0,pre_onset_currently_healthy,10,annotated_sessions,full_graph,S5_REAL_TMS_JULY10,LogisticRegression,session:S4_SAFETY_RICH_NAVEEN12,platt_sigmoid,1980,2547,579,0.01376099998014979,0.003850101899445726,40,current_ma|wheel_mean|wheel_abs_diff|command_mismatch_share_10s|command_mismatch_share_30s
579,0.0,0.4000000000000001,1.0,0.5,0.0,0.0,0.0,,,4.793413708044442e-07,579,0,0,0,pre_onset_currently_healthy,10,annotated_sessions,full_graph,S5_REAL_TMS_JULY10,ExtraTrees,session:S4_SAFETY_RICH_NAVEEN12,platt_sigmoid,1980,2547,579,0.200924834003672,0.0494575423119342,40,current_ma|wheel_mean|wheel_abs_diff|command_mismatch_share_10s|command_mismatch_share_30s
579,0.0,0.30000000000000004,1.0,0.5,0.0,0.0,0.0,,,1.0946882820042751e-06,579,0,0,0,pre_onset_currently_healthy,10,annotated_sessions,full_graph,S5_REAL_TMS_JULY10,RandomForest,session:S4_SAFETY_RICH_NAVEEN12,platt_sigmoid,1980,2547,579,0.30729420800344087,0.053526986209797914,40,current_ma|wheel_mean|wheel_abs_diff|command_mismatch_share_10s|command_mismatch_share_30s
579,0.0,0.5800000000000001,1.0,0.5,0.0,0.0,0.0,,,0.00011745040823824873,579,0,0,0,pre_onset_currently_healthy,10,annotated_sessions,full_graph,S5_REAL_TMS_JULY10,HistGradientBoosting,session:S4_SAFETY_RICH_NAVEEN12,platt_sigmoid,1980,2547,579,0.4033653330116067,0.01593911919794295,40,current_ma|wheel_mean|wheel_abs_diff|command_mismatch_share_10s|command_mismatch_share_30s
248,0.0,0.36000000000000004,1.0,0.5,0.0,0.0,0.0,,,8.143077941986765e-05,248,0,0,0,pre_onset_currently_healthy,10,recorded_route_only,full_graph,S2_HIGH_SOC_CONTROL,LogisticRegression,blocked_tail_20pct,platt_sigmoid,1799,451,248,0.012892166007077321,0.008506721754994003,40,current_ma|wheel_mean|wheel_abs_diff|command_mismatch_share_10s|command_mismatch_share_30s
248,0.0,0.6400000000000001,1.0,0.5,0.0,0.0,0.0,,,2.4233340361931976e-08,248,0,0,0,pre_onset_currently_healthy,10,recorded_route_only,full_graph,S2_HIGH_SOC_CONTROL,ExtraTrees,blocked_tail_20pct,platt_sigmoid,1799,451,248,0.2384626250131987,0.12636827816623414,40,current_ma|wheel_mean|wheel_abs_diff|command_mismatch_share_10s|command_mismatch_share_30s
248,0.0,0.22000000000000003,1.0,0.5,0.0,0.0,0.0,,,2.189721850528688e-07,248,0,0,0,pre_onset_currently_healthy,10,recorded_route_only,full_graph,S2_HIGH_SOC_CONTROL,RandomForest,blocked_tail_20pct,platt_sigmoid,1799,451,248,0.34678633298608474,0.12539784673267165,40,current_ma|wheel_mean|wheel_abs_diff|command_mismatch_share_10s|command_mismatch_share_30s
248,0.0,0.32000000000000006,1.0,0.5,0.0,0.0,0.0,,,1.1082046046576258e-07,248,0,0,0,pre_onset_currently_healthy,10,recorded_route_only,full_graph,S2_HIGH_SOC_CONTROL,HistGradientBoosting,blocked_tail_20pct,platt_sigmoid,1799,451,248,0.3624960420129355,0.027534104799175816,40,current_ma|wheel_mean|wheel_abs_diff|command_mismatch_share_10s|command_mismatch_share_30s
569,0.0,0.38000000000000006,1.0,0.5,0.0,0.0,0.0,,,0.00037264360517452256,569,0,0,0,pre_onset_currently_healthy,10,recorded_route_only,full_graph,S5_REAL_TMS_JULY10,LogisticRegression,blocked_tail_20pct,platt_sigmoid,1542,387,569,0.01262212501023896,0.004597246020407087,40,current_ma|wheel_mean|wheel_abs_diff|command_mismatch_share_10s|command_mismatch_share_30s
569,0.0,0.5800000000000001,1.0,0.5,0.0,0.0,0.0,,,2.4806244096535168e-06,569,0,0,0,pre_onset_currently_healthy,10,recorded_route_only,full_graph,S5_REAL_TMS_JULY10,ExtraTrees,blocked_tail_20pct,platt_sigmoid,1542,387,569,0.2009719170164317,0.07516066256300047,40,current_ma|wheel_mean|wheel_abs_diff|command_mismatch_share_10s|command_mismatch_share_30s
569,0.0,0.5000000000000001,1.0,0.5,0.0,0.0,0.0,,,5.887321306591371e-07,569,0,0,0,pre_onset_currently_healthy,10,recorded_route_only,full_graph,S5_REAL_TMS_JULY10,RandomForest,blocked_tail_20pct,platt_sigmoid,1542,387,569,0.2769529580255039,0.052310778536000704,40,current_ma|wheel_mean|wheel_abs_diff|command_mismatch_share_10s|command_mismatch_share_30s
569,0.0,0.22000000000000003,1.0,0.5,0.0,0.0,0.0,,,7.1863572627838e-07,569,0,0,0,pre_onset_currently_healthy,10,recorded_route_only,full_graph,S5_REAL_TMS_JULY10,HistGradientBoosting,blocked_tail_20pct,platt_sigmoid,1542,387,569,0.34816591598792,0.013980594044633091,40,current_ma|wheel_mean|wheel_abs_diff|command_mismatch_share_10s|command_mismatch_share_30s
1732,0.11085450346420324,0.5,0.8891454965357968,0.4706601466992665,0.0,0.0,0.0,0.5,0.11085450346420324,0.11085450346420324,1540,0,192,0,pre_onset_currently_healthy,10,all_sessions,engineering_baseline,S1_LOW_SOC_STRESS,AlwaysNegative,fixed_rule_no_training,not_applicable,0,0,1732,0.0,0.0,0,
1732,0.11085450346420324,0.5,0.8891454965357968,0.4706601466992665,0.0,0.0,0.0,0.5,0.11085450346420324,0.11085450346420324,1540,0,192,0,pre_onset_currently_healthy,10,all_sessions,engineering_baseline,S1_LOW_SOC_STRESS,PersistenceH0,fixed_rule_no_training,not_applicable,0,0,1732,0.0,0.0,0,
248,0.0,0.5,1.0,0.5,0.0,0.0,0.0,,,0.0,248,0,0,0,pre_onset_currently_healthy,10,all_sessions,engineering_baseline,S2_HIGH_SOC_CONTROL,AlwaysNegative,fixed_rule_no_training,not_applicable,0,0,248,0.0,0.0,0,
248,0.0,0.5,1.0,0.5,0.0,0.0,0.0,,,0.0,248,0,0,0,pre_onset_currently_healthy,10,all_sessions,engineering_baseline,S2_HIGH_SOC_CONTROL,PersistenceH0,fixed_rule_no_training,not_applicable,0,0,248,0.0,0.0,0,
1045,0.031578947368421054,0.5,0.968421052631579,0.4919786096256685,0.0,0.0,0.0,0.5,0.031578947368421054,0.031578947368421054,1012,0,33,0,pre_onset_currently_healthy,10,all_sessions,engineering_baseline,S3_MEDIUM_SOC_WHOLETESTING,AlwaysNegative,fixed_rule_no_training,not_applicable,0,0,1045,0.0,0.0,0,
1045,0.031578947368421054,0.5,0.968421052631579,0.4919786096256685,0.0,0.0,0.0,0.5,0.031578947368421054,0.031578947368421054,1012,0,33,0,pre_onset_currently_healthy,10,all_sessions,engineering_baseline,S3_MEDIUM_SOC_WHOLETESTING,PersistenceH0,fixed_rule_no_training,not_applicable,0,0,1045,0.0,0.0,0,
2547,0.09108755398508049,0.5,0.9089124460149195,0.4761415055532703,0.0,0.0,0.0,0.5,0.09108755398508049,0.09108755398508049,2315,0,232,0,pre_onset_currently_healthy,10,all_sessions,engineering_baseline,S4_SAFETY_RICH_NAVEEN12,AlwaysNegative,fixed_rule_no_training,not_applicable,0,0,2547,0.0,0.0,0,
2547,0.09108755398508049,0.5,0.9089124460149195,0.4761415055532703,0.0,0.0,0.0,0.5,0.09108755398508049,0.09108755398508049,2315,0,232,0,pre_onset_currently_healthy,10,all_sessions,engineering_baseline,S4_SAFETY_RICH_NAVEEN12,PersistenceH0,fixed_rule_no_training,not_applicable,0,0,2547,0.0,0.0,0,
579,0.0,0.5,1.0,0.5,0.0,0.0,0.0,,,0.0,579,0,0,0,pre_onset_currently_healthy,10,all_sessions,engineering_baseline,S5_REAL_TMS_JULY10,AlwaysNegative,fixed_rule_no_training,not_applicable,0,0,579,0.0,0.0,0,
579,0.0,0.5,1.0,0.5,0.0,0.0,0.0,,,0.0,579,0,0,0,pre_onset_currently_healthy,10,all_sessions,engineering_baseline,S5_REAL_TMS_JULY10,PersistenceH0,fixed_rule_no_training,not_applicable,0,0,579,0.0,0.0,0,
1189,0.2926829268292683,0.24000000000000005,0.7796467619848613,0.6591229406306354,0.8208955223880597,0.3160919540229885,0.45643153526970953,0.7284875695327128,0.5701034835190064,0.19692938924209055,817,24,238,110,pre_onset_currently_healthy,20,all_sessions,no_graph,S1_LOW_SOC_STRESS,LogisticRegression,session:S4_SAFETY_RICH_NAVEEN12,platt_sigmoid,1305,2150,1189,0.01051895899581723,0.0019482405426621413,24,command_mismatch_share_10s|command_mismatch_share_30s
1189,0.2926829268292683,0.32000000000000006,0.8225399495374264,0.7482158359301689,0.8512820512820513,0.47701149425287354,0.6114180478821363,0.7929035630817172,0.6663362508945909,0.17610609118169257,812,29,182,166,pre_onset_currently_healthy,20,all_sessions,no_graph,S1_LOW_SOC_STRESS,ExtraTrees,session:S4_SAFETY_RICH_NAVEEN12,platt_sigmoid,1305,2150,1189,0.18616416701115668,0.025874439884827818,24,command_mismatch_share_10s|command_mismatch_share_30s
1189,0.2926829268292683,0.4600000000000001,0.8174936921783011,0.739016221651054,0.8465608465608465,0.45977011494252873,0.595903165735568,0.7971968237046756,0.6579405075716451,0.1508383507190652,812,29,188,160,pre_onset_currently_healthy,20,all_sessions,no_graph,S1_LOW_SOC_STRESS,RandomForest,session:S4_SAFETY_RICH_NAVEEN12,platt_sigmoid,1305,2150,1189,0.26058520798687823,0.02565310429957914,24,command_mismatch_share_10s|command_mismatch_share_30s
1189,0.2926829268292683,0.44000000000000006,0.7720773759461732,0.635390393295743,0.8407079646017699,0.27298850574712646,0.4121475054229935,0.7798033949731437,0.6751010443392124,0.17022569512537325,823,18,253,95,pre_onset_currently_healthy,20,all_sessions,no_graph,S1_LOW_SOC_STRESS,HistGradientBoosting,session:S4_SAFETY_RICH_NAVEEN12,platt_sigmoid,1305,2150,1189,0.25907458300935104,0.007958823382812164,24,command_mismatch_share_10s|command_mismatch_share_30s
93,0.0,0.38000000000000006,1.0,0.5,0.0,0.0,0.0,,,0.03081147033042456,93,0,0,0,pre_onset_currently_healthy,20,all_sessions,no_graph,S2_HIGH_SOC_CONTROL,LogisticRegression,session:S4_SAFETY_RICH_NAVEEN12,platt_sigmoid,2401,2150,93,0.013272167008835822,0.021868279599334284,24,command_mismatch_share_10s|command_mismatch_share_30s
93,0.0,0.4000000000000001,1.0,0.5,0.0,0.0,0.0,,,0.020631443473363466,93,0,0,0,pre_onset_currently_healthy,20,all_sessions,no_graph,S2_HIGH_SOC_CONTROL,ExtraTrees,session:S4_SAFETY_RICH_NAVEEN12,platt_sigmoid,2401,2150,93,0.20905712500098161,0.3369605698828055,24,command_mismatch_share_10s|command_mismatch_share_30s
93,0.0,0.38000000000000006,1.0,0.5,0.0,0.0,0.0,,,0.007906458515007776,93,0,0,0,pre_onset_currently_healthy,20,all_sessions,no_graph,S2_HIGH_SOC_CONTROL,RandomForest,session:S4_SAFETY_RICH_NAVEEN12,platt_sigmoid,2401,2150,93,0.3027067919902038,0.32934946257130354,24,command_mismatch_share_10s|command_mismatch_share_30s
93,0.0,0.4000000000000001,1.0,0.5,0.0,0.0,0.0,,,0.005481953882703837,93,0,0,0,pre_onset_currently_healthy,20,all_sessions,no_graph,S2_HIGH_SOC_CONTROL,HistGradientBoosting,session:S4_SAFETY_RICH_NAVEEN12,platt_sigmoid,2401,2150,93,0.4266821249912027,0.06457212880524175,24,command_mismatch_share_10s|command_mismatch_share_30s
844,0.0509478672985782,0.28,0.7760663507109005,0.5662579839953014,0.1588785046728972,0.7906976744186046,0.26459143968871596,0.8595360450599542,0.18200312395115656,0.10031416869335522,621,180,9,34,pre_onset_currently_healthy,20,all_sessions,no_graph,S3_MEDIUM_SOC_WHOLETESTING,LogisticRegression,session:S4_SAFETY_RICH_NAVEEN12,platt_sigmoid,1650,2150,844,0.010266166995279491,0.0028935130310390514,21,current_ma|wheel_mean|wheel_abs_diff|command_mismatch_share_10s|command_mismatch_share_30s
844,0.0509478672985782,0.4600000000000001,0.8767772511848341,0.6327241079199304,0.23008849557522124,0.6046511627906976,0.3333333333333333,0.9018958859565079,0.22879655659844741,0.08405737127010238,714,87,17,26,pre_onset_currently_healthy,20,all_sessions,no_graph,S3_MEDIUM_SOC_WHOLETESTING,ExtraTrees,session:S4_SAFETY_RICH_NAVEEN12,platt_sigmoid,1650,2150,844,0.1998531660065055,0.03569905213174141,21,current_ma|wheel_mean|wheel_abs_diff|command_mismatch_share_10s|command_mismatch_share_30s
844,0.0509478672985782,0.38000000000000006,0.8542654028436019,0.6079237088093665,0.19696969696969696,0.6046511627906976,0.29714285714285715,0.9198966408268733,0.5091956999308724,0.08955441417616611,695,106,17,26,pre_onset_currently_healthy,20,all_sessions,no_graph,S3_MEDIUM_SOC_WHOLETESTING,RandomForest,session:S4_SAFETY_RICH_NAVEEN12,platt_sigmoid,1650,2150,844,0.3238814159994945,0.03498573224744384,21,current_ma|wheel_mean|wheel_abs_diff|command_mismatch_share_10s|command_mismatch_share_30s
844,0.0509478672985782,0.4600000000000001,0.9016587677725119,0.6466428243554757,0.2619047619047619,0.5116279069767442,0.3464566929133858,0.915396452109282,0.3287514447956914,0.0671085675331182,739,62,21,22,pre_onset_currently_healthy,20,all_sessions,no_graph,S3_MEDIUM_SOC_WHOLETESTING,HistGradientBoosting,session:S4_SAFETY_RICH_NAVEEN12,platt_sigmoid,1650,2150,844,0.40806666598655283,0.008530855472354104,21,current_ma|wheel_mean|wheel_abs_diff|command_mismatch_share_10s|command_mismatch_share_30s
2150,0.1972093023255814,0.18000000000000002,0.8283720930232558,0.631763704948667,0.6774193548387096,0.24764150943396226,0.3626943005181347,0.7880064059118039,0.5289700933467346,0.1642060096725506,1676,50,319,105,pre_onset_currently_healthy,20,all_sessions,no_graph,S4_SAFETY_RICH_NAVEEN12,LogisticRegression,session:S3_MEDIUM_SOC_WHOLETESTING,platt_sigmoid,1650,844,2150,0.010205291997408494,0.0011623255789366572,21,current_ma|wheel_mean|wheel_abs_diff|command_mismatch_share_10s|command_mismatch_share_30s
2150,0.1972093023255814,0.26,0.826046511627907,0.6503797516787511,0.6237623762376238,0.2971698113207547,0.402555910543131,0.7806959050263452,0.5068199027048578,0.14975280355025208,1650,76,298,126,pre_onset_currently_healthy,20,all_sessions,no_graph,S4_SAFETY_RICH_NAVEEN12,ExtraTrees,session:S3_MEDIUM_SOC_WHOLETESTING,platt_sigmoid,1650,844,2150,0.20801587498863228,0.014630174413215109,21,current_ma|wheel_mean|wheel_abs_diff|command_mismatch_share_10s|command_mismatch_share_30s
2150,0.1972093023255814,0.3400000000000001,0.8116279069767441,0.5487451149682917,0.611764705882353,0.12264150943396226,0.2043222003929273,0.7801418100526902,0.5010537724732111,0.1554405890038899,1693,33,372,52,pre_onset_currently_healthy,20,all_sessions,no_graph,S4_SAFETY_RICH_NAVEEN12,RandomForest,session:S3_MEDIUM_SOC_WHOLETESTING,platt_sigmoid,1650,844,2150,0.2708373329951428,0.014745600475539822,21,current_ma|wheel_mean|wheel_abs_diff|command_mismatch_share_10s|command_mismatch_share_30s
2150,0.1972093023255814,0.36000000000000004,0.833953488372093,0.6201622086264822,0.7964601769911505,0.21226415094339623,0.33519553072625696,0.750377139858764,0.5590879726584209,0.1459329816228404,1703,23,334,90,pre_onset_currently_healthy,20,all_sessions,no_graph,S4_SAFETY_RICH_NAVEEN12,HistGradientBoosting,session:S3_MEDIUM_SOC_WHOLETESTING,platt_sigmoid,1650,844,2150,0.4320470830134582,0.004695561852544373,21,current_ma|wheel_mean|wheel_abs_diff|command_mismatch_share_10s|command_mismatch_share_30s
368,0.0,0.36000000000000004,0.7364130434782609,0.4241001564945227,0.0,0.0,0.0,,,0.09229253037269056,271,97,0,0,pre_onset_currently_healthy,20,all_sessions,no_graph,S5_REAL_TMS_JULY10,LogisticRegression,session:S4_SAFETY_RICH_NAVEEN12,platt_sigmoid,2126,2150,368,0.012205541017465293,0.006094883128357848,24,command_mismatch_share_10s|command_mismatch_share_30s
368,0.0,0.4000000000000001,0.9918478260869565,0.4979536152796726,0.0,0.0,0.0,,,0.07130535879843283,365,3,0,0,pre_onset_currently_healthy,20,all_sessions,no_graph,S5_REAL_TMS_JULY10,ExtraTrees,session:S4_SAFETY_RICH_NAVEEN12,platt_sigmoid,2126,2150,368,0.21214079202036373,0.08355797011893668,24,command_mismatch_share_10s|command_mismatch_share_30s
368,0.0,0.4800000000000001,1.0,0.5,0.0,0.0,0.0,,,0.007237388318646451,368,0,0,0,pre_onset_currently_healthy,20,all_sessions,no_graph,S5_REAL_TMS_JULY10,RandomForest,session:S4_SAFETY_RICH_NAVEEN12,platt_sigmoid,2126,2150,368,0.30508820799877867,0.08492572558917226,24,command_mismatch_share_10s|command_mismatch_share_30s
368,0.0,0.32000000000000006,1.0,0.5,0.0,0.0,0.0,,,0.003869452450401916,368,0,0,0,pre_onset_currently_healthy,20,all_sessions,no_graph,S5_REAL_TMS_JULY10,HistGradientBoosting,session:S4_SAFETY_RICH_NAVEEN12,platt_sigmoid,2126,2150,368,0.4141289579856675,0.01615081521816572,24,command_mismatch_share_10s|command_mismatch_share_30s
1189,0.2926829268292683,0.24000000000000005,0.776282590412111,0.6506618420238758,0.8203125,0.3017241379310345,0.4411764705882353,0.7685056104527999,0.60374012748698,0.19991245908118518,818,23,243,105,pre_onset_currently_healthy,20,all_sessions,euclidean_only,S1_LOW_SOC_STRESS,LogisticRegression,session:S4_SAFETY_RICH_NAVEEN12,platt_sigmoid,1305,2150,1189,0.01065837498754263,0.002088414650422946,27,command_mismatch_share_10s|command_mismatch_share_30s
1189,0.2926829268292683,0.3400000000000001,0.8200168208578638,0.7415994377960304,0.8602150537634409,0.45977011494252873,0.599250936329588,0.8340764962346413,0.6908139820953723,0.16847412956878607,815,26,188,160,pre_onset_currently_healthy,20,all_sessions,euclidean_only,S1_LOW_SOC_STRESS,ExtraTrees,session:S4_SAFETY_RICH_NAVEEN12,platt_sigmoid,1305,2150,1189,0.1870182919956278,0.025183523125293265,27,command_mismatch_share_10s|command_mismatch_share_30s
1189,0.2926829268292683,0.38000000000000006,0.8427249789739276,0.7970628636622932,0.7906137184115524,0.6293103448275862,0.7008,0.8173185999152625,0.6895126846090943,0.1492183285617667,783,58,129,219,pre_onset_currently_healthy,20,all_sessions,euclidean_only,S1_LOW_SOC_STRESS,RandomForest,session:S4_SAFETY_RICH_NAVEEN12,platt_sigmoid,1305,2150,1189,0.2638203749957029,0.025661200182347913,27,command_mismatch_share_10s|command_mismatch_share_30s
1189,0.2926829268292683,0.2,0.815811606391926,0.7359131038889255,0.8449197860962567,0.4540229885057471,0.5906542056074766,0.7543154700889746,0.6544260403661,0.17921991564885417,812,29,190,158,pre_onset_currently_healthy,20,all_sessions,euclidean_only,S1_LOW_SOC_STRESS,HistGradientBoosting,session:S4_SAFETY_RICH_NAVEEN12,platt_sigmoid,1305,2150,1189,0.2548020000103861,0.006342164004422079,27,command_mismatch_share_10s|command_mismatch_share_30s
93,0.0,0.22000000000000003,0.5161290322580645,0.3404255319148936,0.0,0.0,0.0,,,0.05281998934142018,48,45,0,0,pre_onset_currently_healthy,20,all_sessions,euclidean_only,S2_HIGH_SOC_CONTROL,LogisticRegression,session:S4_SAFETY_RICH_NAVEEN12,platt_sigmoid,2401,2150,93,0.01362570797209628,0.025165322366901624,27,command_mismatch_share_10s|command_mismatch_share_30s
93,0.0,0.42000000000000004,1.0,0.5,0.0,0.0,0.0,,,0.02073617361734944,93,0,0,0,pre_onset_currently_healthy,20,all_sessions,euclidean_only,S2_HIGH_SOC_CONTROL,ExtraTrees,session:S4_SAFETY_RICH_NAVEEN12,platt_sigmoid,2401,2150,93,0.21080824997625314,0.3330752689151033,27,command_mismatch_share_10s|command_mismatch_share_30s
93,0.0,0.42000000000000004,1.0,0.5,0.0,0.0,0.0,,,0.019875305815304358,93,0,0,0,pre_onset_currently_healthy,20,all_sessions,euclidean_only,S2_HIGH_SOC_CONTROL,RandomForest,session:S4_SAFETY_RICH_NAVEEN12,platt_sigmoid,2401,2150,93,0.3290235830063466,0.19036782799058302,27,command_mismatch_share_10s|command_mismatch_share_30s
93,0.0,0.44000000000000006,1.0,0.5,0.0,0.0,0.0,,,0.005125209845803421,93,0,0,0,pre_onset_currently_healthy,20,all_sessions,euclidean_only,S2_HIGH_SOC_CONTROL,HistGradientBoosting,session:S4_SAFETY_RICH_NAVEEN12,platt_sigmoid,2401,2150,93,0.5058602089993656,0.06156362360343337,27,command_mismatch_share_10s|command_mismatch_share_30s
844,0.0509478672985782,0.26,0.7760663507109005,0.5769872313342792,0.17117117117117117,0.8837209302325582,0.28679245283018867,0.8955085213250878,0.2632983910648604,0.09664156037028002,617,184,5,38,pre_onset_currently_healthy,20,all_sessions,euclidean_only,S3_MEDIUM_SOC_WHOLETESTING,LogisticRegression,session:S4_SAFETY_RICH_NAVEEN12,platt_sigmoid,1650,2150,844,0.011039249977329746,0.0027026564213314857,24,current_ma|wheel_mean|wheel_abs_diff|command_mismatch_share_10s|command_mismatch_share_30s
844,0.0509478672985782,0.38000000000000006,0.8436018957345972,0.5974213691026827,0.18439716312056736,0.6046511627906976,0.2826086956521739,0.8961472577882299,0.23052909849401754,0.0891690988647148,686,115,17,26,pre_onset_currently_healthy,20,all_sessions,euclidean_only,S3_MEDIUM_SOC_WHOLETESTING,ExtraTrees,session:S4_SAFETY_RICH_NAVEEN12,platt_sigmoid,1650,2150,844,0.22377391599002294,0.03753756872274564,24,current_ma|wheel_mean|wheel_abs_diff|command_mismatch_share_10s|command_mismatch_share_30s
844,0.0509478672985782,0.44000000000000006,0.8613744075829384,0.6153339747809794,0.20634920634920634,0.6046511627906976,0.3076923076923077,0.9165868246087738,0.42966559392479287,0.08913361346213887,701,100,17,26,pre_onset_currently_healthy,20,all_sessions,euclidean_only,S3_MEDIUM_SOC_WHOLETESTING,RandomForest,session:S4_SAFETY_RICH_NAVEEN12,platt_sigmoid,1650,2150,844,0.2926323330029845,0.03527359713102863,24,current_ma|wheel_mean|wheel_abs_diff|command_mismatch_share_10s|command_mismatch_share_30s
844,0.0509478672985782,0.3400000000000001,0.8613744075829384,0.6193317836450057,0.2109375,0.627906976744186,0.3157894736842105,0.9050895682722179,0.5315075891700152,0.07492388668928486,700,101,16,27,pre_onset_currently_healthy,20,all_sessions,euclidean_only,S3_MEDIUM_SOC_WHOLETESTING,HistGradientBoosting,session:S4_SAFETY_RICH_NAVEEN12,platt_sigmoid,1650,2150,844,0.41458516599959694,0.007953347164588004,24,current_ma|wheel_mean|wheel_abs_diff|command_mismatch_share_10s|command_mismatch_share_30s
2150,0.1972093023255814,0.22000000000000003,0.8023255813953488,0.47971559873844916,0.48484848484848486,0.03773584905660377,0.0700218818380744,0.8374226589999783,0.5166243026655529,0.16823324515997823,1709,17,408,16,pre_onset_currently_healthy,20,all_sessions,euclidean_only,S4_SAFETY_RICH_NAVEEN12,LogisticRegression,session:S3_MEDIUM_SOC_WHOLETESTING,platt_sigmoid,1650,844,2150,0.011823999986518174,0.0012864148769484356,24,current_ma|wheel_mean|wheel_abs_diff|command_mismatch_share_10s|command_mismatch_share_30s
2150,0.1972093023255814,0.24000000000000005,0.8246511627906977,0.6374148670864134,0.6298342541436464,0.2688679245283019,0.3768595041322314,0.8408442467041256,0.5634394245123799,0.15103409417545247,1659,67,310,114,pre_onset_currently_healthy,20,all_sessions,euclidean_only,S4_SAFETY_RICH_NAVEEN12,ExtraTrees,session:S3_MEDIUM_SOC_WHOLETESTING,platt_sigmoid,1650,844,2150,0.2305022919899784,0.014990406979936673,24,current_ma|wheel_mean|wheel_abs_diff|command_mismatch_share_10s|command_mismatch_share_30s
2150,0.1972093023255814,0.28,0.8241860465116279,0.6131392698628494,0.6666666666666666,0.2169811320754717,0.3274021352313167,0.8088987242834342,0.5241593194975709,0.15296201828500008,1680,46,332,92,pre_onset_currently_healthy,20,all_sessions,euclidean_only,S4_SAFETY_RICH_NAVEEN12,RandomForest,session:S3_MEDIUM_SOC_WHOLETESTING,platt_sigmoid,1650,844,2150,0.30112195800757036,0.013705465108762646,24,current_ma|wheel_mean|wheel_abs_diff|command_mismatch_share_10s|command_mismatch_share_30s
2150,0.1972093023255814,0.3400000000000001,0.8162790697674419,0.5237694690947835,0.8536585365853658,0.08254716981132075,0.15053763440860216,0.8121768348673999,0.60577948101714,0.15091602001731252,1720,6,389,35,pre_onset_currently_healthy,20,all_sessions,euclidean_only,S4_SAFETY_RICH_NAVEEN12,HistGradientBoosting,session:S3_MEDIUM_SOC_WHOLETESTING,platt_sigmoid,1650,844,2150,0.4104824170062784,0.006930426502232115,24,current_ma|wheel_mean|wheel_abs_diff|command_mismatch_share_10s|command_mismatch_share_30s
368,0.0,0.24000000000000005,0.10597826086956522,0.09582309582309582,0.0,0.0,0.0,,,0.17149694361064932,39,329,0,0,pre_onset_currently_healthy,20,all_sessions,euclidean_only,S5_REAL_TMS_JULY10,LogisticRegression,session:S4_SAFETY_RICH_NAVEEN12,platt_sigmoid,2126,2150,368,0.013969499996164814,0.0064516548856930886,27,command_mismatch_share_10s|command_mismatch_share_30s
368,0.0,0.36000000000000004,0.8940217391304348,0.4720229555236729,0.0,0.0,0.0,,,0.0756018325376413,329,39,0,0,pre_onset_currently_healthy,20,all_sessions,euclidean_only,S5_REAL_TMS_JULY10,ExtraTrees,session:S4_SAFETY_RICH_NAVEEN12,platt_sigmoid,2126,2150,368,0.23057012501521967,0.08498154349344196,27,command_mismatch_share_10s|command_mismatch_share_30s
368,0.0,0.42000000000000004,1.0,0.5,0.0,0.0,0.0,,,0.008891199870641778,368,0,0,0,pre_onset_currently_healthy,20,all_sessions,euclidean_only,S5_REAL_TMS_JULY10,RandomForest,session:S4_SAFETY_RICH_NAVEEN12,platt_sigmoid,2126,2150,368,0.31992462498601526,0.08463983154481115,27,command_mismatch_share_10s|command_mismatch_share_30s
368,0.0,0.42000000000000004,1.0,0.5,0.0,0.0,0.0,,,0.0023719670239751483,368,0,0,0,pre_onset_currently_healthy,20,all_sessions,euclidean_only,S5_REAL_TMS_JULY10,HistGradientBoosting,session:S4_SAFETY_RICH_NAVEEN12,platt_sigmoid,2126,2150,368,0.4831612920097541,0.018627942984533984,27,command_mismatch_share_10s|command_mismatch_share_30s
1189,0.2926829268292683,0.26,0.7830109335576114,0.6643271705446715,0.835820895522388,0.3218390804597701,0.46473029045643155,0.7659822734292783,0.6052403368832352,0.19683351749917458,819,22,236,112,pre_onset_currently_healthy,20,all_sessions,euclidean_no_soc,S1_LOW_SOC_STRESS,LogisticRegression,session:S4_SAFETY_RICH_NAVEEN12,platt_sigmoid,1305,2150,1189,0.01134674999048002,0.0023986543356413546,24,command_mismatch_share_10s|command_mismatch_share_30s
1189,0.2926829268292683,0.3400000000000001,0.8259041211101766,0.757948547482792,0.8341232227488151,0.5057471264367817,0.629695885509839,0.8099262645728265,0.6702399118894553,0.16683292472860656,806,35,172,176,pre_onset_currently_healthy,20,all_sessions,euclidean_no_soc,S1_LOW_SOC_STRESS,ExtraTrees,session:S4_SAFETY_RICH_NAVEEN12,platt_sigmoid,1305,2150,1189,0.21722608400159515,0.026535148043271634,24,command_mismatch_share_10s|command_mismatch_share_30s
1189,0.2926829268292683,0.28,0.815811606391926,0.7337844704285053,0.856353591160221,0.4454022988505747,0.5860113421550095,0.821372681673432,0.6700725332957661,0.18223359026146033,815,26,193,155,pre_onset_currently_healthy,20,all_sessions,euclidean_no_soc,S1_LOW_SOC_STRESS,RandomForest,session:S4_SAFETY_RICH_NAVEEN12,platt_sigmoid,1305,2150,1189,0.27414008299820125,0.024255186716279468,24,command_mismatch_share_10s|command_mismatch_share_30s
1189,0.2926829268292683,0.22000000000000003,0.8225399495374264,0.7488660990905769,0.8477157360406091,0.47988505747126436,0.6128440366972477,0.7789030573892601,0.6534824118120326,0.16469699977695995,811,30,181,167,pre_onset_currently_healthy,20,all_sessions,euclidean_no_soc,S1_LOW_SOC_STRESS,HistGradientBoosting,session:S4_SAFETY_RICH_NAVEEN12,platt_sigmoid,1305,2150,1189,0.23699249999481253,0.005942773754583927,24,command_mismatch_share_10s|command_mismatch_share_30s
93,0.0,0.24000000000000005,0.23655913978494625,0.19130434782608696,0.0,0.0,0.0,,,0.10286047378679487,22,71,0,0,pre_onset_currently_healthy,20,all_sessions,euclidean_no_soc,S2_HIGH_SOC_CONTROL,LogisticRegression,session:S4_SAFETY_RICH_NAVEEN12,platt_sigmoid,2401,2150,93,0.012844124983530492,0.023337817119975245,24,command_mismatch_share_10s|command_mismatch_share_30s
93,0.0,0.38000000000000006,1.0,0.5,0.0,0.0,0.0,,,0.03721588645051977,93,0,0,0,pre_onset_currently_healthy,20,all_sessions,euclidean_no_soc,S2_HIGH_SOC_CONTROL,ExtraTrees,session:S4_SAFETY_RICH_NAVEEN12,platt_sigmoid,2401,2150,93,0.22522937500616536,0.33098296794329357,24,command_mismatch_share_10s|command_mismatch_share_30s
93,0.0,0.4000000000000001,1.0,0.5,0.0,0.0,0.0,,,0.028616635663717818,93,0,0,0,pre_onset_currently_healthy,20,all_sessions,euclidean_no_soc,S2_HIGH_SOC_CONTROL,RandomForest,session:S4_SAFETY_RICH_NAVEEN12,platt_sigmoid,2401,2150,93,0.3240540419938043,0.3379569892766535,24,command_mismatch_share_10s|command_mismatch_share_30s
93,0.0,0.5000000000000001,1.0,0.5,0.0,0.0,0.0,,,0.006142136526606957,93,0,0,0,pre_onset_currently_healthy,20,all_sessions,euclidean_no_soc,S2_HIGH_SOC_CONTROL,HistGradientBoosting,session:S4_SAFETY_RICH_NAVEEN12,platt_sigmoid,2401,2150,93,0.4505946249992121,0.07773790338266921,24,command_mismatch_share_10s|command_mismatch_share_30s
844,0.0509478672985782,0.26,0.8139810426540285,0.6062953290132426,0.19680851063829788,0.8604651162790697,0.3203463203463203,0.897918299799669,0.2676077922943479,0.08267963331126194,650,151,6,37,pre_onset_currently_healthy,20,all_sessions,euclidean_no_soc,S3_MEDIUM_SOC_WHOLETESTING,LogisticRegression,session:S4_SAFETY_RICH_NAVEEN12,platt_sigmoid,1650,2150,844,0.010913624981185421,0.0030979466811043178,21,current_ma|wheel_mean|wheel_abs_diff|command_mismatch_share_10s|command_mismatch_share_30s
844,0.0509478672985782,0.4800000000000001,0.8661137440758294,0.6245300326368959,0.21774193548387097,0.627906976744186,0.32335329341317365,0.9066573759544755,0.24578625553806155,0.07934950608143512,704,97,16,27,pre_onset_currently_healthy,20,all_sessions,euclidean_no_soc,S3_MEDIUM_SOC_WHOLETESTING,ExtraTrees,session:S4_SAFETY_RICH_NAVEEN12,platt_sigmoid,1650,2150,844,0.22956079200957902,0.035357573440671405,21,current_ma|wheel_mean|wheel_abs_diff|command_mismatch_share_10s|command_mismatch_share_30s
844,0.0509478672985782,0.4800000000000001,0.8684834123222749,0.623115759831037,0.21666666666666667,0.6046511627906976,0.31901840490797545,0.9187643352785761,0.33624361258854296,0.07143838961473932,707,94,17,26,pre_onset_currently_healthy,20,all_sessions,euclidean_no_soc,S3_MEDIUM_SOC_WHOLETESTING,RandomForest,session:S4_SAFETY_RICH_NAVEEN12,platt_sigmoid,1650,2150,844,0.29469987499760464,0.03424659361031074,21,current_ma|wheel_mean|wheel_abs_diff|command_mismatch_share_10s|command_mismatch_share_30s
844,0.0509478672985782,0.4000000000000001,0.8732227488151659,0.6326658450174295,0.2288135593220339,0.627906976744186,0.33540372670807456,0.8936503788868566,0.479010549099647,0.07877887968699564,710,91,16,27,pre_onset_currently_healthy,20,all_sessions,euclidean_no_soc,S3_MEDIUM_SOC_WHOLETESTING,HistGradientBoosting,session:S4_SAFETY_RICH_NAVEEN12,platt_sigmoid,1650,2150,844,0.40219712498947047,0.010317486968229114,21,current_ma|wheel_mean|wheel_abs_diff|command_mismatch_share_10s|command_mismatch_share_30s
2150,0.1972093023255814,0.22000000000000003,0.8111627906976744,0.5617126996368778,0.5865384615384616,0.14386792452830188,0.23106060606060605,0.8369321038938323,0.5147440685624285,0.1622065798187203,1683,43,363,61,pre_onset_currently_healthy,20,all_sessions,euclidean_no_soc,S4_SAFETY_RICH_NAVEEN12,LogisticRegression,session:S3_MEDIUM_SOC_WHOLETESTING,platt_sigmoid,1650,844,2150,0.010808000020915642,0.0012660851068578142,21,current_ma|wheel_mean|wheel_abs_diff|command_mismatch_share_10s|command_mismatch_share_30s
2150,0.1972093023255814,0.22000000000000003,0.8316279069767442,0.6624915004926245,0.6519607843137255,0.3136792452830189,0.42356687898089174,0.8362994381162684,0.5583490657717198,0.150651776457034,1655,71,291,133,pre_onset_currently_healthy,20,all_sessions,euclidean_no_soc,S4_SAFETY_RICH_NAVEEN12,ExtraTrees,session:S3_MEDIUM_SOC_WHOLETESTING,platt_sigmoid,1650,844,2150,0.2285289170104079,0.014919069768904253,21,current_ma|wheel_mean|wheel_abs_diff|command_mismatch_share_10s|command_mismatch_share_30s
2150,0.1972093023255814,0.28,0.8446511627906976,0.6783259510908518,0.75,0.31839622641509435,0.4470198675496689,0.8227087387131332,0.5752029579915882,0.14423807417214313,1681,45,289,135,pre_onset_currently_healthy,20,all_sessions,euclidean_no_soc,S4_SAFETY_RICH_NAVEEN12,RandomForest,session:S3_MEDIUM_SOC_WHOLETESTING,platt_sigmoid,1650,844,2150,0.2911319999839179,0.014446918611674634,21,current_ma|wheel_mean|wheel_abs_diff|command_mismatch_share_10s|command_mismatch_share_30s
2150,0.1972093023255814,0.32000000000000006,0.8116279069767441,0.49038744600272377,1.0,0.04481132075471698,0.08577878103837472,0.8040082041583769,0.6158847713713909,0.1556954843339244,1726,0,405,19,pre_onset_currently_healthy,20,all_sessions,euclidean_no_soc,S4_SAFETY_RICH_NAVEEN12,HistGradientBoosting,session:S3_MEDIUM_SOC_WHOLETESTING,platt_sigmoid,1650,844,2150,0.4035102500056382,0.004293313953852238,21,current_ma|wheel_mean|wheel_abs_diff|command_mismatch_share_10s|command_mismatch_share_30s
368,0.0,0.28,0.07336956521739131,0.06835443037974684,0.0,0.0,0.0,,,0.26305847609056754,27,341,0,0,pre_onset_currently_healthy,20,all_sessions,euclidean_no_soc,S5_REAL_TMS_JULY10,LogisticRegression,session:S4_SAFETY_RICH_NAVEEN12,platt_sigmoid,2126,2150,368,0.014178832992911339,0.006926855981557468,24,command_mismatch_share_10s|command_mismatch_share_30s
368,0.0,0.4000000000000001,0.7472826086956522,0.4276827371695179,0.0,0.0,0.0,,,0.12378335890610191,275,93,0,0,pre_onset_currently_healthy,20,all_sessions,euclidean_no_soc,S5_REAL_TMS_JULY10,ExtraTrees,session:S4_SAFETY_RICH_NAVEEN12,platt_sigmoid,2126,2150,368,0.2352291670104023,0.0874771304433639,24,command_mismatch_share_10s|command_mismatch_share_30s
368,0.0,0.38000000000000006,1.0,0.5,0.0,0.0,0.0,,,0.033650456116003716,368,0,0,0,pre_onset_currently_healthy,20,all_sessions,euclidean_no_soc,S5_REAL_TMS_JULY10,RandomForest,session:S4_SAFETY_RICH_NAVEEN12,platt_sigmoid,2126,2150,368,0.32469870799104683,0.0793369565698136,24,command_mismatch_share_10s|command_mismatch_share_30s
368,0.0,0.32000000000000006,1.0,0.5,0.0,0.0,0.0,,,0.0056747815421245885,368,0,0,0,pre_onset_currently_healthy,20,all_sessions,euclidean_no_soc,S5_REAL_TMS_JULY10,HistGradientBoosting,session:S4_SAFETY_RICH_NAVEEN12,platt_sigmoid,2126,2150,368,0.4309532500046771,0.01880887501339084,24,command_mismatch_share_10s|command_mismatch_share_30s
1189,0.2926829268292683,0.24000000000000005,0.7830109335576114,0.7247566648003789,0.6530612244897959,0.5517241379310345,0.5981308411214953,0.7677163201989968,0.5923240673308641,0.1707848414314634,739,102,156,192,pre_onset_currently_healthy,20,all_sessions,full_graph,S1_LOW_SOC_STRESS,LogisticRegression,session:S4_SAFETY_RICH_NAVEEN12,platt_sigmoid,1305,2150,1189,0.013499125023372471,0.002582842736529254,43,command_mismatch_share_10s|command_mismatch_share_30s
1189,0.2926829268292683,0.32000000000000006,0.832632464255677,0.7728434814582271,0.8225108225108225,0.5459770114942529,0.6563039723661486,0.8021888282969097,0.6483573402117887,0.1686863884771906,800,41,158,190,pre_onset_currently_healthy,20,all_sessions,full_graph,S1_LOW_SOC_STRESS,ExtraTrees,session:S4_SAFETY_RICH_NAVEEN12,platt_sigmoid,1305,2150,1189,0.22027245900244452,0.027378644240836796,43,command_mismatch_share_10s|command_mismatch_share_30s
1189,0.2926829268292683,0.32000000000000006,0.8267451640033642,0.7551326039317305,0.8585858585858586,0.4885057471264368,0.6227106227106227,0.8358686293000943,0.6973303286871742,0.16737833682568987,813,28,178,170,pre_onset_currently_healthy,20,all_sessions,full_graph,S1_LOW_SOC_STRESS,RandomForest,session:S4_SAFETY_RICH_NAVEEN12,platt_sigmoid,1305,2150,1189,0.27394583402201533,0.025256097553097358,43,command_mismatch_share_10s|command_mismatch_share_30s
1189,0.2926829268292683,0.28,0.8074011774600505,0.7223766947368206,0.825136612021858,0.4339080459770115,0.568738229755179,0.7832253611600858,0.6503345296400982,0.16994477734898467,809,32,197,151,pre_onset_currently_healthy,20,all_sessions,full_graph,S1_LOW_SOC_STRESS,HistGradientBoosting,session:S4_SAFETY_RICH_NAVEEN12,platt_sigmoid,1305,2150,1189,0.24553812501835637,0.006249053825728464,43,command_mismatch_share_10s|command_mismatch_share_30s
93,0.0,0.26,0.6129032258064516,0.38,0.0,0.0,0.0,,,0.061346795128391224,57,36,0,0,pre_onset_currently_healthy,20,all_sessions,full_graph,S2_HIGH_SOC_CONTROL,LogisticRegression,session:S4_SAFETY_RICH_NAVEEN12,platt_sigmoid,2401,2150,93,0.0170642499870155,0.023021505424572576,43,command_mismatch_share_10s|command_mismatch_share_30s
93,0.0,0.4000000000000001,1.0,0.5,0.0,0.0,0.0,,,0.009669419718929645,93,0,0,0,pre_onset_currently_healthy,20,all_sessions,full_graph,S2_HIGH_SOC_CONTROL,ExtraTrees,session:S4_SAFETY_RICH_NAVEEN12,platt_sigmoid,2401,2150,93,0.22669695800868794,0.3422338710171521,43,command_mismatch_share_10s|command_mismatch_share_30s
93,0.0,0.44000000000000006,1.0,0.5,0.0,0.0,0.0,,,0.005475115638211532,93,0,0,0,pre_onset_currently_healthy,20,all_sessions,full_graph,S2_HIGH_SOC_CONTROL,RandomForest,session:S4_SAFETY_RICH_NAVEEN12,platt_sigmoid,2401,2150,93,0.3678434159955941,0.3337598601681611,43,command_mismatch_share_10s|command_mismatch_share_30s
93,0.0,0.4600000000000001,1.0,0.5,0.0,0.0,0.0,,,0.007387403328897044,93,0,0,0,pre_onset_currently_healthy,20,all_sessions,full_graph,S2_HIGH_SOC_CONTROL,HistGradientBoosting,session:S4_SAFETY_RICH_NAVEEN12,platt_sigmoid,2401,2150,93,0.471979999972973,0.07259901093509329,43,command_mismatch_share_10s|command_mismatch_share_30s
844,0.0509478672985782,0.28,0.7819905213270142,0.5651433691756272,0.15609756097560976,0.7441860465116279,0.25806451612903225,0.8739076154806492,0.1988782385045523,0.0803366607680221,628,173,11,32,pre_onset_currently_healthy,20,all_sessions,full_graph,S3_MEDIUM_SOC_WHOLETESTING,LogisticRegression,session:S4_SAFETY_RICH_NAVEEN12,platt_sigmoid,1650,2150,844,0.015708457998698577,0.0034848436237626236,40,current_ma|wheel_mean|wheel_abs_diff|command_mismatch_share_10s|command_mismatch_share_30s
844,0.0509478672985782,0.22000000000000003,0.7665876777251185,0.5818367013316902,0.17916666666666667,1.0,0.303886925795053,0.9109833638184827,0.2381525196001427,0.07387845269018958,604,197,0,43,pre_onset_currently_healthy,20,all_sessions,full_graph,S3_MEDIUM_SOC_WHOLETESTING,ExtraTrees,session:S4_SAFETY_RICH_NAVEEN12,platt_sigmoid,1650,2150,844,0.24055208300706,0.03838689811720835,40,current_ma|wheel_mean|wheel_abs_diff|command_mismatch_share_10s|command_mismatch_share_30s
844,0.0509478672985782,0.38000000000000006,0.8364928909952607,0.6052064266829368,0.1935483870967742,0.6976744186046512,0.30303030303030304,0.9046540661382574,0.29027285860573165,0.07950229665275545,676,125,13,30,pre_onset_currently_healthy,20,all_sessions,full_graph,S3_MEDIUM_SOC_WHOLETESTING,RandomForest,session:S4_SAFETY_RICH_NAVEEN12,platt_sigmoid,1650,2150,844,0.32421775002148934,0.03777976893771316,40,current_ma|wheel_mean|wheel_abs_diff|command_mismatch_share_10s|command_mismatch_share_30s
844,0.0509478672985782,0.36000000000000004,0.8518957345971564,0.643955168724752,0.23717948717948717,0.8604651162790697,0.37185929648241206,0.9239613274105043,0.4389743332820153,0.07156486727825274,682,119,6,37,pre_onset_currently_healthy,20,all_sessions,full_graph,S3_MEDIUM_SOC_WHOLETESTING,HistGradientBoosting,session:S4_SAFETY_RICH_NAVEEN12,platt_sigmoid,1650,2150,844,0.4571156250021886,0.010375344796962506,40,current_ma|wheel_mean|wheel_abs_diff|command_mismatch_share_10s|command_mismatch_share_30s
2150,0.1972093023255814,0.1,0.7911627906976744,0.6016236307940167,0.448559670781893,0.25707547169811323,0.3268365817091454,0.7425952141498503,0.37415081982479037,0.1749504465266037,1592,134,315,109,pre_onset_currently_healthy,20,all_sessions,full_graph,S4_SAFETY_RICH_NAVEEN12,LogisticRegression,session:S3_MEDIUM_SOC_WHOLETESTING,platt_sigmoid,1650,844,2150,0.015494207997107878,0.0015160851153480106,40,current_ma|wheel_mean|wheel_abs_diff|command_mismatch_share_10s|command_mismatch_share_30s
2150,0.1972093023255814,0.24000000000000005,0.8195348837209302,0.6324047830562488,0.59375,0.2688679245283019,0.37012987012987014,0.8352657196265768,0.5554145676606135,0.14941969169921746,1648,78,310,114,pre_onset_currently_healthy,20,all_sessions,full_graph,S4_SAFETY_RICH_NAVEEN12,ExtraTrees,session:S3_MEDIUM_SOC_WHOLETESTING,platt_sigmoid,1650,844,2150,0.23536983301164582,0.014964806519687002,40,current_ma|wheel_mean|wheel_abs_diff|command_mismatch_share_10s|command_mismatch_share_30s
2150,0.1972093023255814,0.26,0.8186046511627907,0.6008579768426223,0.6231884057971014,0.2028301886792453,0.30604982206405695,0.8247713931218434,0.5598825998898505,0.1506790326427054,1674,52,338,86,pre_onset_currently_healthy,20,all_sessions,full_graph,S4_SAFETY_RICH_NAVEEN12,RandomForest,session:S3_MEDIUM_SOC_WHOLETESTING,platt_sigmoid,1650,844,2150,0.32787579199066386,0.014762364647372864,40,current_ma|wheel_mean|wheel_abs_diff|command_mismatch_share_10s|command_mismatch_share_30s
2150,0.1972093023255814,0.28,0.8418604651162791,0.6353343549957697,0.8888888888888888,0.22641509433962265,0.3609022556390977,0.8185116913356216,0.6170362985348423,0.14896825226252083,1714,12,328,96,pre_onset_currently_healthy,20,all_sessions,full_graph,S4_SAFETY_RICH_NAVEEN12,HistGradientBoosting,session:S3_MEDIUM_SOC_WHOLETESTING,platt_sigmoid,1650,844,2150,0.4569769169902429,0.004487170236791635,40,current_ma|wheel_mean|wheel_abs_diff|command_mismatch_share_10s|command_mismatch_share_30s
368,0.0,0.28,0.328804347826087,0.2474437627811861,0.0,0.0,0.0,,,0.12065912556526119,121,247,0,0,pre_onset_currently_healthy,20,all_sessions,full_graph,S5_REAL_TMS_JULY10,LogisticRegression,session:S4_SAFETY_RICH_NAVEEN12,platt_sigmoid,2126,2150,368,0.019300167012261227,0.007717051630606875,43,command_mismatch_share_10s|command_mismatch_share_30s
368,0.0,0.36000000000000004,0.7228260869565217,0.4195583596214511,0.0,0.0,0.0,,,0.09701631215328055,266,102,0,0,pre_onset_currently_healthy,20,all_sessions,full_graph,S5_REAL_TMS_JULY10,ExtraTrees,session:S4_SAFETY_RICH_NAVEEN12,platt_sigmoid,2126,2150,368,0.24794824997661635,0.08217776089820647,43,command_mismatch_share_10s|command_mismatch_share_30s
368,0.0,0.5200000000000001,1.0,0.5,0.0,0.0,0.0,,,0.008477455418656177,368,0,0,0,pre_onset_currently_healthy,20,all_sessions,full_graph,S5_REAL_TMS_JULY10,RandomForest,session:S4_SAFETY_RICH_NAVEEN12,platt_sigmoid,2126,2150,368,0.3500636249955278,0.08013609516163579,43,command_mismatch_share_10s|command_mismatch_share_30s
368,0.0,0.26,1.0,0.5,0.0,0.0,0.0,,,0.005376562526181113,368,0,0,0,pre_onset_currently_healthy,20,all_sessions,full_graph,S5_REAL_TMS_JULY10,HistGradientBoosting,session:S4_SAFETY_RICH_NAVEEN12,platt_sigmoid,2126,2150,368,0.47957712499191985,0.021665535314241424,43,command_mismatch_share_10s|command_mismatch_share_30s
1189,0.2926829268292683,0.24000000000000005,0.8141295206055509,0.7422157735861643,0.7981220657276995,0.4885057471264368,0.6060606060606061,0.7943300941681359,0.6266990813319324,0.17186842317791995,798,43,178,170,pre_onset_currently_healthy,20,all_sessions,full_graph_no_soc,S1_LOW_SOC_STRESS,LogisticRegression,session:S4_SAFETY_RICH_NAVEEN12,platt_sigmoid,1305,2150,1189,0.014318083005491644,0.002499439040217721,40,command_mismatch_share_10s|command_mismatch_share_30s
1189,0.2926829268292683,0.28,0.8208578637510513,0.7477823887758548,0.835820895522388,0.4827586206896552,0.6120218579234973,0.7946341930105102,0.6458077008061623,0.18392084442615275,808,33,180,168,pre_onset_currently_healthy,20,all_sessions,full_graph_no_soc,S1_LOW_SOC_STRESS,ExtraTrees,session:S4_SAFETY_RICH_NAVEEN12,platt_sigmoid,1305,2150,1189,0.23204320902004838,0.025787251466678422,40,command_mismatch_share_10s|command_mismatch_share_30s
1189,0.2926829268292683,0.30000000000000004,0.8233809924306139,0.7810105666414078,0.7169811320754716,0.6551724137931034,0.6846846846846847,0.8291647874041577,0.6746721182778059,0.15417160040523997,751,90,120,228,pre_onset_currently_healthy,20,all_sessions,full_graph_no_soc,S1_LOW_SOC_STRESS,RandomForest,session:S4_SAFETY_RICH_NAVEEN12,platt_sigmoid,1305,2150,1189,0.2779513339919504,0.026324642558767763,40,command_mismatch_share_10s|command_mismatch_share_30s
1189,0.2926829268292683,0.2,0.8124474348191758,0.7366116440526604,0.8078817733990148,0.47126436781609193,0.5952813067150635,0.7661941175666627,0.6295441177988124,0.16573663047553272,802,39,184,164,pre_onset_currently_healthy,20,all_sessions,full_graph_no_soc,S1_LOW_SOC_STRESS,HistGradientBoosting,session:S4_SAFETY_RICH_NAVEEN12,platt_sigmoid,1305,2150,1189,0.2509985419746954,0.006224978960936151,40,command_mismatch_share_10s|command_mismatch_share_30s
93,0.0,0.28,0.6129032258064516,0.38,0.0,0.0,0.0,,,0.07031957905638037,57,36,0,0,pre_onset_currently_healthy,20,all_sessions,full_graph_no_soc,S2_HIGH_SOC_CONTROL,LogisticRegression,session:S4_SAFETY_RICH_NAVEEN12,platt_sigmoid,2401,2150,93,0.017031332972692326,0.02473521500735754,40,command_mismatch_share_10s|command_mismatch_share_30s
93,0.0,0.4000000000000001,1.0,0.5,0.0,0.0,0.0,,,0.024055562593733336,93,0,0,0,pre_onset_currently_healthy,20,all_sessions,full_graph_no_soc,S2_HIGH_SOC_CONTROL,ExtraTrees,session:S4_SAFETY_RICH_NAVEEN12,platt_sigmoid,2401,2150,93,0.23307141699478962,0.3350640644609768,40,command_mismatch_share_10s|command_mismatch_share_30s
93,0.0,0.44000000000000006,1.0,0.5,0.0,0.0,0.0,,,0.00561681872860553,93,0,0,0,pre_onset_currently_healthy,20,all_sessions,full_graph_no_soc,S2_HIGH_SOC_CONTROL,RandomForest,session:S4_SAFETY_RICH_NAVEEN12,platt_sigmoid,2401,2150,93,0.368075417005457,0.3397620967789603,40,command_mismatch_share_10s|command_mismatch_share_30s
93,0.0,0.44000000000000006,1.0,0.5,0.0,0.0,0.0,,,0.009134685983908467,93,0,0,0,pre_onset_currently_healthy,20,all_sessions,full_graph_no_soc,S2_HIGH_SOC_CONTROL,HistGradientBoosting,session:S4_SAFETY_RICH_NAVEEN12,platt_sigmoid,2401,2150,93,0.48545279100653715,0.0688534947262416,40,command_mismatch_share_10s|command_mismatch_share_30s
844,0.0509478672985782,0.28,0.8056872037914692,0.5810805902933307,0.16939890710382513,0.7209302325581395,0.2743362831858407,0.8720785065180152,0.1965030466897185,0.07302458099136716,649,152,12,31,pre_onset_currently_healthy,20,all_sessions,full_graph_no_soc,S3_MEDIUM_SOC_WHOLETESTING,LogisticRegression,session:S4_SAFETY_RICH_NAVEEN12,platt_sigmoid,1650,2150,844,0.015125125006306916,0.0033960793891775983,37,current_ma|wheel_mean|wheel_abs_diff|command_mismatch_share_10s|command_mismatch_share_30s
844,0.0509478672985782,0.26,0.7962085308056872,0.6065268065268066,0.2,1.0,0.3333333333333333,0.8974247307145138,0.19509794063449376,0.06892450981345476,629,172,0,43,pre_onset_currently_healthy,20,all_sessions,full_graph_no_soc,S3_MEDIUM_SOC_WHOLETESTING,ExtraTrees,session:S4_SAFETY_RICH_NAVEEN12,platt_sigmoid,1650,2150,844,0.24705045801238157,0.06044312795845933,37,current_ma|wheel_mean|wheel_abs_diff|command_mismatch_share_10s|command_mismatch_share_30s
844,0.0509478672985782,0.4000000000000001,0.8518957345971564,0.6055293198278537,0.19402985074626866,0.6046511627906976,0.2937853107344633,0.8996312748599136,0.2126183059148582,0.06850324440179915,693,108,17,26,pre_onset_currently_healthy,20,all_sessions,full_graph_no_soc,S3_MEDIUM_SOC_WHOLETESTING,RandomForest,session:S4_SAFETY_RICH_NAVEEN12,platt_sigmoid,1650,2150,844,0.3558791670075152,0.037965787897687585,37,current_ma|wheel_mean|wheel_abs_diff|command_mismatch_share_10s|command_mismatch_share_30s
844,0.0509478672985782,0.42000000000000004,0.8601895734597157,0.6294664781605774,0.2222222222222222,0.6976744186046512,0.33707865168539325,0.922103184972273,0.5057087308187096,0.07212722582129012,696,105,13,30,pre_onset_currently_healthy,20,all_sessions,full_graph_no_soc,S3_MEDIUM_SOC_WHOLETESTING,HistGradientBoosting,session:S4_SAFETY_RICH_NAVEEN12,platt_sigmoid,1650,2150,844,0.4743403749889694,0.009640402835628274,37,current_ma|wheel_mean|wheel_abs_diff|command_mismatch_share_10s|command_mismatch_share_30s
2150,0.1972093023255814,0.1,0.7897674418604651,0.6271056367752581,0.4542483660130719,0.3278301886792453,0.38082191780821917,0.7478205142219986,0.3824140299908053,0.17059008187346314,1559,167,285,139,pre_onset_currently_healthy,20,all_sessions,full_graph_no_soc,S4_SAFETY_RICH_NAVEEN12,LogisticRegression,session:S3_MEDIUM_SOC_WHOLETESTING,platt_sigmoid,1650,844,2150,0.015012916992418468,0.001493236280133038,37,current_ma|wheel_mean|wheel_abs_diff|command_mismatch_share_10s|command_mismatch_share_30s
2150,0.1972093023255814,0.2,0.8418604651162791,0.711247977550814,0.65,0.42924528301886794,0.5170454545454546,0.8338794573558669,0.591174137090169,0.1456820083685963,1628,98,242,182,pre_onset_currently_healthy,20,all_sessions,full_graph_no_soc,S4_SAFETY_RICH_NAVEEN12,ExtraTrees,session:S3_MEDIUM_SOC_WHOLETESTING,platt_sigmoid,1650,844,2150,0.24136741700931452,0.01841709302023573,37,current_ma|wheel_mean|wheel_abs_diff|command_mismatch_share_10s|command_mismatch_share_30s
2150,0.1972093023255814,0.2,0.8413953488372093,0.7073808359692274,0.6531365313653137,0.41745283018867924,0.5093525179856115,0.8328614530269574,0.5935070738620045,0.14446060500186875,1632,94,247,177,pre_onset_currently_healthy,20,all_sessions,full_graph_no_soc,S4_SAFETY_RICH_NAVEEN12,RandomForest,session:S3_MEDIUM_SOC_WHOLETESTING,platt_sigmoid,1650,844,2150,0.3326203750038985,0.015013856274552297,37,current_ma|wheel_mean|wheel_abs_diff|command_mismatch_share_10s|command_mismatch_share_30s
2150,0.1972093023255814,0.3400000000000001,0.8255813953488372,0.5594885751142324,0.9454545454545454,0.12264150943396226,0.21711899791231734,0.8236283587310609,0.6365057644995175,0.14899063227431886,1723,3,372,52,pre_onset_currently_healthy,20,all_sessions,full_graph_no_soc,S4_SAFETY_RICH_NAVEEN12,HistGradientBoosting,session:S3_MEDIUM_SOC_WHOLETESTING,platt_sigmoid,1650,844,2150,0.6448147500050254,0.004744593021568171,37,current_ma|wheel_mean|wheel_abs_diff|command_mismatch_share_10s|command_mismatch_share_30s
368,0.0,0.28,0.27717391304347827,0.2170212765957447,0.0,0.0,0.0,,,0.13380814331149102,102,266,0,0,pre_onset_currently_healthy,20,all_sessions,full_graph_no_soc,S5_REAL_TMS_JULY10,LogisticRegression,session:S4_SAFETY_RICH_NAVEEN12,platt_sigmoid,2126,2150,368,0.018437249993439764,0.007502605987373618,40,command_mismatch_share_10s|command_mismatch_share_30s
368,0.0,0.4000000000000001,0.7336956521739131,0.4231974921630094,0.0,0.0,0.0,,,0.1083416865679489,270,98,0,0,pre_onset_currently_healthy,20,all_sessions,full_graph_no_soc,S5_REAL_TMS_JULY10,ExtraTrees,session:S4_SAFETY_RICH_NAVEEN12,platt_sigmoid,2126,2150,368,0.2507704169838689,0.0873791902014763,40,command_mismatch_share_10s|command_mismatch_share_30s
368,0.0,0.44000000000000006,1.0,0.5,0.0,0.0,0.0,,,0.013798228779178382,368,0,0,0,pre_onset_currently_healthy,20,all_sessions,full_graph_no_soc,S5_REAL_TMS_JULY10,RandomForest,session:S4_SAFETY_RICH_NAVEEN12,platt_sigmoid,2126,2150,368,0.3634349170024507,0.08150249184678693,40,command_mismatch_share_10s|command_mismatch_share_30s
368,0.0,0.28,0.9972826086956522,0.4993197278911565,0.0,0.0,0.0,,,0.007985878178420813,367,1,0,0,pre_onset_currently_healthy,20,all_sessions,full_graph_no_soc,S5_REAL_TMS_JULY10,HistGradientBoosting,session:S4_SAFETY_RICH_NAVEEN12,platt_sigmoid,2126,2150,368,0.47552325000287965,0.02029766849021974,40,command_mismatch_share_10s|command_mismatch_share_30s
1189,0.2926829268292683,0.28,0.7661900756938604,0.6469473639237803,0.7333333333333333,0.3160919540229885,0.44176706827309237,0.7795044213921577,0.605606813978489,0.19651971397199308,801,40,238,110,pre_onset_currently_healthy,20,annotated_sessions,full_graph,S1_LOW_SOC_STRESS,LogisticRegression,blocked_tail_20pct,platt_sigmoid,2088,523,1189,0.017586708010639995,0.0025210260782513026,43,command_mismatch_share_10s|command_mismatch_share_30s
1189,0.2926829268292683,0.5200000000000001,0.7073170731707317,0.4142857142857143,0.0,0.0,0.0,0.8627335410772617,0.7467239160791136,0.16631091629651884,841,0,348,0,pre_onset_currently_healthy,20,annotated_sessions,full_graph,S1_LOW_SOC_STRESS,ExtraTrees,blocked_tail_20pct,platt_sigmoid,2088,523,1189,0.25379958300618455,0.027342760294896712,43,command_mismatch_share_10s|command_mismatch_share_30s
1189,0.2926829268292683,0.42000000000000004,0.7796467619848613,0.6580633122585178,0.8257575757575758,0.3132183908045977,0.45416666666666666,0.8623440212117485,0.7682577637819905,0.15831286331131353,818,23,239,109,pre_onset_currently_healthy,20,annotated_sessions,full_graph,S1_LOW_SOC_STRESS,RandomForest,blocked_tail_20pct,platt_sigmoid,2088,523,1189,0.3528045419952832,0.0263523625008624,43,command_mismatch_share_10s|command_mismatch_share_30s
1189,0.2926829268292683,0.4600000000000001,0.7771236333052985,0.6446322936462733,0.8608695652173913,0.28448275862068967,0.42764578833693306,0.8442074295789085,0.7123219050418228,0.16413402492108511,825,16,249,99,pre_onset_currently_healthy,20,annotated_sessions,full_graph,S1_LOW_SOC_STRESS,HistGradientBoosting,blocked_tail_20pct,platt_sigmoid,2088,523,1189,0.4563626660092268,0.007235597136851065,43,command_mismatch_share_10s|command_mismatch_share_30s
93,0.0,0.28,1.0,0.5,0.0,0.0,0.0,,,0.02467036858985291,93,0,0,0,pre_onset_currently_healthy,20,annotated_sessions,full_graph,S2_HIGH_SOC_CONTROL,LogisticRegression,session:S4_SAFETY_RICH_NAVEEN12,platt_sigmoid,1557,2150,93,0.014978499995777383,0.02709318294129785,40,current_ma|wheel_mean|wheel_abs_diff|command_mismatch_share_10s|command_mismatch_share_30s
93,0.0,0.2,1.0,0.5,0.0,0.0,0.0,,,0.00011330927234346646,93,0,0,0,pre_onset_currently_healthy,20,annotated_sessions,full_graph,S2_HIGH_SOC_CONTROL,ExtraTrees,session:S4_SAFETY_RICH_NAVEEN12,platt_sigmoid,1557,2150,93,0.24149366599158384,0.3336017096405148,40,current_ma|wheel_mean|wheel_abs_diff|command_mismatch_share_10s|command_mismatch_share_30s
93,0.0,0.42000000000000004,1.0,0.5,0.0,0.0,0.0,,,0.00022740532784697125,93,0,0,0,pre_onset_currently_healthy,20,annotated_sessions,full_graph,S2_HIGH_SOC_CONTROL,RandomForest,session:S4_SAFETY_RICH_NAVEEN12,platt_sigmoid,1557,2150,93,0.3273916250036564,0.33638709705443154,40,current_ma|wheel_mean|wheel_abs_diff|command_mismatch_share_10s|command_mismatch_share_30s
93,0.0,0.5200000000000001,1.0,0.5,0.0,0.0,0.0,,,0.0014919598605653262,93,0,0,0,pre_onset_currently_healthy,20,annotated_sessions,full_graph,S2_HIGH_SOC_CONTROL,HistGradientBoosting,session:S4_SAFETY_RICH_NAVEEN12,platt_sigmoid,1557,2150,93,0.4561592499958351,0.06811379583963063,40,current_ma|wheel_mean|wheel_abs_diff|command_mismatch_share_10s|command_mismatch_share_30s
2150,0.1972093023255814,0.6200000000000001,0.7911627906976744,0.4945523069117557,0.34177215189873417,0.06367924528301887,0.1073558648111332,0.6674029548088065,0.3287905949023463,0.17224099237651286,1674,52,397,27,pre_onset_currently_healthy,20,annotated_sessions,full_graph,S4_SAFETY_RICH_NAVEEN12,LogisticRegression,blocked_tail_20pct,platt_sigmoid,1319,331,2150,0.013425292010651901,0.0016880427963685157,40,current_ma|wheel_mean|wheel_abs_diff|command_mismatch_share_10s|command_mismatch_share_30s
2150,0.1972093023255814,0.6200000000000001,0.8134883720930233,0.7251269631909567,0.5226824457593688,0.625,0.569280343716434,0.8241626401976431,0.5192909225840127,0.13824952806670415,1484,242,159,265,pre_onset_currently_healthy,20,annotated_sessions,full_graph,S4_SAFETY_RICH_NAVEEN12,ExtraTrees,blocked_tail_20pct,platt_sigmoid,1319,331,2150,0.232424916990567,0.020297596753618224,40,current_ma|wheel_mean|wheel_abs_diff|command_mismatch_share_10s|command_mismatch_share_30s
2150,0.1972093023255814,0.4800000000000001,0.7934883720930233,0.7146700143472022,0.48322147651006714,0.6792452830188679,0.5647058823529412,0.8206214882266775,0.5341475736813296,0.14287399433705114,1418,308,136,288,pre_onset_currently_healthy,20,annotated_sessions,full_graph,S4_SAFETY_RICH_NAVEEN12,RandomForest,blocked_tail_20pct,platt_sigmoid,1319,331,2150,0.30541745797381736,0.015075232557475914,40,current_ma|wheel_mean|wheel_abs_diff|command_mismatch_share_10s|command_mismatch_share_30s
2150,0.1972093023255814,0.7800000000000001,0.8167441860465117,0.7218029507081201,0.5319148936170213,0.589622641509434,0.5592841163310962,0.8166259920418024,0.5716008835474242,0.16633799486785852,1506,220,174,250,pre_onset_currently_healthy,20,annotated_sessions,full_graph,S4_SAFETY_RICH_NAVEEN12,HistGradientBoosting,blocked_tail_20pct,platt_sigmoid,1319,331,2150,0.4589375830255449,0.004438720927790327,40,current_ma|wheel_mean|wheel_abs_diff|command_mismatch_share_10s|command_mismatch_share_30s
368,0.0,0.28,0.9619565217391305,0.4903047091412742,0.0,0.0,0.0,,,0.03684815085354355,354,14,0,0,pre_onset_currently_healthy,20,annotated_sessions,full_graph,S5_REAL_TMS_JULY10,LogisticRegression,session:S4_SAFETY_RICH_NAVEEN12,platt_sigmoid,1282,2150,368,0.014513499976601452,0.007503282651431737,40,current_ma|wheel_mean|wheel_abs_diff|command_mismatch_share_10s|command_mismatch_share_30s
368,0.0,0.4800000000000001,1.0,0.5,0.0,0.0,0.0,,,0.0010765428840031669,368,0,0,0,pre_onset_currently_healthy,20,annotated_sessions,full_graph,S5_REAL_TMS_JULY10,ExtraTrees,session:S4_SAFETY_RICH_NAVEEN12,platt_sigmoid,1282,2150,368,0.23691391697502695,0.08913541846002614,40,current_ma|wheel_mean|wheel_abs_diff|command_mismatch_share_10s|command_mismatch_share_30s
368,0.0,0.3400000000000001,1.0,0.5,0.0,0.0,0.0,,,0.000108795203445811,368,0,0,0,pre_onset_currently_healthy,20,annotated_sessions,full_graph,S5_REAL_TMS_JULY10,RandomForest,session:S4_SAFETY_RICH_NAVEEN12,platt_sigmoid,1282,2150,368,0.31815429200651124,0.08693206520705565,40,current_ma|wheel_mean|wheel_abs_diff|command_mismatch_share_10s|command_mismatch_share_30s
368,0.0,0.3400000000000001,1.0,0.5,0.0,0.0,0.0,,,0.00014690855648044328,368,0,0,0,pre_onset_currently_healthy,20,annotated_sessions,full_graph,S5_REAL_TMS_JULY10,HistGradientBoosting,session:S4_SAFETY_RICH_NAVEEN12,platt_sigmoid,1282,2150,368,0.44942625000840053,0.024749660319091916,40,current_ma|wheel_mean|wheel_abs_diff|command_mismatch_share_10s|command_mismatch_share_30s
93,0.0,0.5800000000000001,1.0,0.5,0.0,0.0,0.0,,,0.0010306022499206,93,0,0,0,pre_onset_currently_healthy,20,recorded_route_only,full_graph,S2_HIGH_SOC_CONTROL,LogisticRegression,blocked_tail_20pct,platt_sigmoid,1223,307,93,0.01343937500496395,0.029940408484269213,40,current_ma|wheel_mean|wheel_abs_diff|command_mismatch_share_10s|command_mismatch_share_30s
93,0.0,0.6400000000000001,1.0,0.5,0.0,0.0,0.0,,,0.00042301391845956407,93,0,0,0,pre_onset_currently_healthy,20,recorded_route_only,full_graph,S2_HIGH_SOC_CONTROL,ExtraTrees,blocked_tail_20pct,platt_sigmoid,1223,307,93,0.23246391702559777,0.3246344085807802,40,current_ma|wheel_mean|wheel_abs_diff|command_mismatch_share_10s|command_mismatch_share_30s
93,0.0,0.4800000000000001,1.0,0.5,0.0,0.0,0.0,,,0.0007980169708528094,93,0,0,0,pre_onset_currently_healthy,20,recorded_route_only,full_graph,S2_HIGH_SOC_CONTROL,RandomForest,blocked_tail_20pct,platt_sigmoid,1223,307,93,0.3013000420178287,0.34282123669981956,40,current_ma|wheel_mean|wheel_abs_diff|command_mismatch_share_10s|command_mismatch_share_30s
93,0.0,0.5200000000000001,1.0,0.5,0.0,0.0,0.0,,,0.0014285282004278359,93,0,0,0,pre_onset_currently_healthy,20,recorded_route_only,full_graph,S2_HIGH_SOC_CONTROL,HistGradientBoosting,blocked_tail_20pct,platt_sigmoid,1223,307,93,0.4382845409854781,0.07346191384669354,40,current_ma|wheel_mean|wheel_abs_diff|command_mismatch_share_10s|command_mismatch_share_30s
366,0.0,0.3400000000000001,0.9781420765027322,0.494475138121547,0.0,0.0,0.0,,,0.019918568875518218,358,8,0,0,pre_onset_currently_healthy,20,recorded_route_only,full_graph,S5_REAL_TMS_JULY10,LogisticRegression,blocked_tail_20pct,platt_sigmoid,1005,252,366,0.011788209027145058,0.007891620202702496,40,current_ma|wheel_mean|wheel_abs_diff|command_mismatch_share_10s|command_mismatch_share_30s
366,0.0,0.6600000000000001,1.0,0.5,0.0,0.0,0.0,,,0.014187356197397605,366,0,0,0,pre_onset_currently_healthy,20,recorded_route_only,full_graph,S5_REAL_TMS_JULY10,ExtraTrees,blocked_tail_20pct,platt_sigmoid,1005,252,366,0.2338092910067644,0.11357456826429325,40,current_ma|wheel_mean|wheel_abs_diff|command_mismatch_share_10s|command_mismatch_share_30s
366,0.0,0.5200000000000001,1.0,0.5,0.0,0.0,0.0,,,0.0010308775477732162,366,0,0,0,pre_onset_currently_healthy,20,recorded_route_only,full_graph,S5_REAL_TMS_JULY10,RandomForest,blocked_tail_20pct,platt_sigmoid,1005,252,366,0.2877875830163248,0.08665118302864944,40,current_ma|wheel_mean|wheel_abs_diff|command_mismatch_share_10s|command_mismatch_share_30s
366,0.0,0.42000000000000004,1.0,0.5,0.0,0.0,0.0,,,0.0031370979210568997,366,0,0,0,pre_onset_currently_healthy,20,recorded_route_only,full_graph,S5_REAL_TMS_JULY10,HistGradientBoosting,blocked_tail_20pct,platt_sigmoid,1005,252,366,0.43839625001419336,0.02092771037148383,40,current_ma|wheel_mean|wheel_abs_diff|command_mismatch_share_10s|command_mismatch_share_30s
1189,0.2926829268292683,0.5,0.7073170731707317,0.4142857142857143,0.0,0.0,0.0,0.5,0.2926829268292683,0.2926829268292683,841,0,348,0,pre_onset_currently_healthy,20,all_sessions,engineering_baseline,S1_LOW_SOC_STRESS,AlwaysNegative,fixed_rule_no_training,not_applicable,0,0,1189,0.0,0.0,0,
1189,0.2926829268292683,0.5,0.7073170731707317,0.4142857142857143,0.0,0.0,0.0,0.5,0.2926829268292683,0.2926829268292683,841,0,348,0,pre_onset_currently_healthy,20,all_sessions,engineering_baseline,S1_LOW_SOC_STRESS,PersistenceH0,fixed_rule_no_training,not_applicable,0,0,1189,0.0,0.0,0,
93,0.0,0.5,1.0,0.5,0.0,0.0,0.0,,,0.0,93,0,0,0,pre_onset_currently_healthy,20,all_sessions,engineering_baseline,S2_HIGH_SOC_CONTROL,AlwaysNegative,fixed_rule_no_training,not_applicable,0,0,93,0.0,0.0,0,
93,0.0,0.5,1.0,0.5,0.0,0.0,0.0,,,0.0,93,0,0,0,pre_onset_currently_healthy,20,all_sessions,engineering_baseline,S2_HIGH_SOC_CONTROL,PersistenceH0,fixed_rule_no_training,not_applicable,0,0,93,0.0,0.0,0,
844,0.0509478672985782,0.5,0.9490521327014217,0.4869300911854103,0.0,0.0,0.0,0.5,0.0509478672985782,0.0509478672985782,801,0,43,0,pre_onset_currently_healthy,20,all_sessions,engineering_baseline,S3_MEDIUM_SOC_WHOLETESTING,AlwaysNegative,fixed_rule_no_training,not_applicable,0,0,844,0.0,0.0,0,
844,0.0509478672985782,0.5,0.9490521327014217,0.4869300911854103,0.0,0.0,0.0,0.5,0.0509478672985782,0.0509478672985782,801,0,43,0,pre_onset_currently_healthy,20,all_sessions,engineering_baseline,S3_MEDIUM_SOC_WHOLETESTING,PersistenceH0,fixed_rule_no_training,not_applicable,0,0,844,0.0,0.0,0,
2150,0.1972093023255814,0.5,0.8027906976744186,0.4453044375644995,0.0,0.0,0.0,0.5,0.1972093023255814,0.1972093023255814,1726,0,424,0,pre_onset_currently_healthy,20,all_sessions,engineering_baseline,S4_SAFETY_RICH_NAVEEN12,AlwaysNegative,fixed_rule_no_training,not_applicable,0,0,2150,0.0,0.0,0,
2150,0.1972093023255814,0.5,0.8027906976744186,0.4453044375644995,0.0,0.0,0.0,0.5,0.1972093023255814,0.1972093023255814,1726,0,424,0,pre_onset_currently_healthy,20,all_sessions,engineering_baseline,S4_SAFETY_RICH_NAVEEN12,PersistenceH0,fixed_rule_no_training,not_applicable,0,0,2150,0.0,0.0,0,
368,0.0,0.5,1.0,0.5,0.0,0.0,0.0,,,0.0,368,0,0,0,pre_onset_currently_healthy,20,all_sessions,engineering_baseline,S5_REAL_TMS_JULY10,AlwaysNegative,fixed_rule_no_training,not_applicable,0,0,368,0.0,0.0,0,
368,0.0,0.5,1.0,0.5,0.0,0.0,0.0,,,0.0,368,0,0,0,pre_onset_currently_healthy,20,all_sessions,engineering_baseline,S5_REAL_TMS_JULY10,PersistenceH0,fixed_rule_no_training,not_applicable,0,0,368,0.0,0.0,0,
