case_id,session,relative_time_s,timestamp,mission_leg_id,temporal_segment_id,active_mission,external_hold,telemetry_available,observed_sample,short_causal_hold,seconds_since_observed,speed_mps,speed_mean_10s,stop_share_10s,power_w,current_ma,voltage_mv,soc,wheel_mean,requested_speed_mps,command_mismatch_share_10s,target_node,target_reached,graph_remaining_m,graph_progress_5s_m,euclidean_remaining_m,euclidean_progress_5s_m,route_source,mission_state
CASE_001,S4_SAFETY_RICH_NAVEEN12,-15.0,2026-03-01 01:39:03,S4_SAFETY_RICH_NAVEEN12_L58,1.0,1,0,1,1,0,0,0.2712078,0.2117180523484848,0.1,286.0,6639.5,,55.0,271.25,,,1.0,False,0.6167955694233279,0.7209120842185065,0.6167955694233279,0.7209120842185065,reconstructed_shortest,PROGRESS
CASE_001,S4_SAFETY_RICH_NAVEEN12,-14.0,2026-03-01 01:39:04,S4_SAFETY_RICH_NAVEEN12_L58,1.0,1,0,1,1,0,0,0.2703569666666666,0.2089421640151515,0.1,281.5,6533.333333333333,,56.0,270.1666666666667,,,1.0,False,0.339115720604869,0.7261322841246608,0.339115720604869,0.726132284124661,reconstructed_shortest,PROGRESS
CASE_001,S4_SAFETY_RICH_NAVEEN12,-13.0,2026-03-01 01:39:05,S4_SAFETY_RICH_NAVEEN12_L58,1.0,1,0,1,1,0,0,0.1103781881818181,0.1902215753333333,0.1,262.3636363636364,6082.0,,56.0,110.54545454545456,,,1.0,False,0.1461262355455655,0.6945846584804697,0.1461262355455655,0.6945846584804697,reconstructed_shortest,PROGRESS
CASE_001,S4_SAFETY_RICH_NAVEEN12,-12.0,2026-03-01 01:39:06,S4_SAFETY_RICH_NAVEEN12_L58,1.0,1,0,1,1,0,0,0.0993171572727272,0.1758577119696969,0.1,262.3636363636364,6082.0,,56.0,99.72727272727272,,,1.0,False,0.0453830007276883,0.7244258574806548,0.0453830007276883,0.7244258574806547,reconstructed_shortest,PROGRESS
CASE_001,S4_SAFETY_RICH_NAVEEN12,-11.0,2026-03-01 01:39:07,S4_SAFETY_RICH_NAVEEN12_L58,1.0,1,0,1,1,0,0,0.014812489090909,0.1592391045151515,0.2,231.9090909090909,5352.454545454545,,56.0,14.954545454545451,,,1.0,False,0.0098355038025308,0.7491422209195464,0.0098355038025308,0.7491422209195464,reconstructed_shortest,PROGRESS
CASE_001,S4_SAFETY_RICH_NAVEEN12,-10.0,2026-03-01 01:39:08,S4_SAFETY_RICH_NAVEEN12_L58,1.0,1,0,1,1,0,0,0.0,0.1293920686818181,0.3,227.0,5233.0,,57.0,0.0,,,1.0,False,0.010702525356195,0.6060930440671328,0.010702525356195,0.6060930440671328,reconstructed_shortest,PROGRESS
CASE_001,S4_SAFETY_RICH_NAVEEN12,-9.0,2026-03-01 01:39:09,S4_SAFETY_RICH_NAVEEN12_L58,1.0,1,0,1,1,0,0,0.0,0.0994634886818181,0.4,227.0,5233.0,,56.0,0.0,,,1.0,False,0.0101990043384578,0.3289167162664111,0.0101990043384578,0.3289167162664111,reconstructed_shortest,PROGRESS
CASE_001,S4_SAFETY_RICH_NAVEEN12,-8.0,2026-03-01 01:39:10,S4_SAFETY_RICH_NAVEEN12_L58,1.0,1,0,1,1,0,0,0.0,0.0820140128484848,0.5,227.0,5233.0,,57.0,0.0,,,1.0,False,0.0126992334085696,0.1334270021369959,0.0126992334085696,0.1334270021369959,reconstructed_shortest,PROGRESS
CASE_001,S4_SAFETY_RICH_NAVEEN12,-7.0,2026-03-01 01:39:11,S4_SAFETY_RICH_NAVEEN12_L58,1.0,1,0,1,1,0,0,0.0,0.0820140128484848,0.5,227.0,5233.0,,57.0,0.0,,,1.0,False,0.0121812180835924,0.0332017826440959,0.0121812180835924,0.0332017826440959,reconstructed_shortest,PROGRESS
CASE_001,S4_SAFETY_RICH_NAVEEN12,-6.0,2026-03-01 01:39:12,S4_SAFETY_RICH_NAVEEN12_L58,1.0,1,0,1,1,0,0,0.0,0.0766072601212121,0.6,227.0,5233.0,,57.0,0.0,,,1.0,False,0.010747030660061,-0.0009115268575301,0.010747030660061,-0.0009115268575301,reconstructed_shortest,STALLED
CASE_001,S4_SAFETY_RICH_NAVEEN12,-5.0,2026-03-01 01:39:13,S4_SAFETY_RICH_NAVEEN12_L58,1.0,1,0,1,1,0,0,0.0,0.0494864801212121,0.7,227.0,5233.0,,57.0,0.0,,,1.0,False,0.0145820717584519,-0.0038795464022568,0.0145820717584519,-0.0038795464022568,reconstructed_shortest,STALLED
CASE_001,S4_SAFETY_RICH_NAVEEN12,-4.0,2026-03-01 01:39:14,S4_SAFETY_RICH_NAVEEN12_L58,1.0,1,0,1,1,0,0,0.0,0.0224507834545454,0.8,227.0,5233.0,,57.0,0.0,,,1.0,False,0.0145013128371218,-0.0043023084986639,0.0145013128371218,-0.0043023084986639,reconstructed_shortest,STALLED
CASE_001,S4_SAFETY_RICH_NAVEEN12,-3.0,2026-03-01 01:39:15,S4_SAFETY_RICH_NAVEEN12_L58,1.0,1,0,1,1,0,0,0.0,0.0114129646363636,0.9,227.0,5233.0,,57.0,0.0,,,1.0,False,0.0147978697453378,-0.0020986363367682,0.0147978697453378,-0.0020986363367682,reconstructed_shortest,STALLED
CASE_001,S4_SAFETY_RICH_NAVEEN12,-2.0,2026-03-01 01:39:16,S4_SAFETY_RICH_NAVEEN12_L58,1.0,1,0,1,1,0,0,0.0,0.0014812489090909,1.0,227.0,5233.0,,57.0,0.0,,,1.0,False,0.0155578703287218,-0.0033766522451294,0.0155578703287218,-0.0033766522451294,reconstructed_shortest,STALLED
CASE_001,S4_SAFETY_RICH_NAVEEN12,-1.0,2026-03-01 01:39:17,S4_SAFETY_RICH_NAVEEN12_L58,1.0,1,0,1,1,0,0,0.0,0.0,1.0,227.0,5233.0,,57.0,0.0,,,1.0,False,0.0143669210366869,-0.0036198903766259,0.0143669210366869,-0.0036198903766259,reconstructed_shortest,STALLED
CASE_001,S4_SAFETY_RICH_NAVEEN12,0.0,2026-03-01 01:39:18,S4_SAFETY_RICH_NAVEEN12_L58,1.0,1,0,1,1,0,0,0.0,0.0,1.0,227.0,5233.0,,57.0,0.0,,,1.0,False,0.0128468437152669,0.001735228043185,0.0128468437152669,0.001735228043185,reconstructed_shortest,STALLED
CASE_001,S4_SAFETY_RICH_NAVEEN12,1.0,2026-03-01 01:39:19,S4_SAFETY_RICH_NAVEEN12_L58,1.0,1,0,1,1,0,0,0.0,0.0,1.0,227.0,5233.0,,57.0,0.0,,,1.0,False,0.012465189489135,0.0020361233479868,0.012465189489135,0.0020361233479868,reconstructed_shortest,STALLED
CASE_001,S4_SAFETY_RICH_NAVEEN12,2.0,2026-03-01 01:39:20,S4_SAFETY_RICH_NAVEEN12_L58,1.0,1,0,1,1,0,0,0.0,0.0,1.0,227.0,5233.0,,57.0,0.0,,,1.0,False,0.0133019723974008,0.0014958973479369,0.0133019723974008,0.0014958973479369,reconstructed_shortest,STALLED
CASE_001,S4_SAFETY_RICH_NAVEEN12,3.0,2026-03-01 01:39:21,S4_SAFETY_RICH_NAVEEN12_L58,1.0,1,0,1,1,0,0,0.0,0.0,1.0,227.0,5233.0,,57.0,0.0,,,1.0,False,0.0129864311987956,0.0025714391299262,0.0129864311987956,0.0025714391299262,reconstructed_shortest,STALLED
CASE_001,S4_SAFETY_RICH_NAVEEN12,4.0,2026-03-01 01:39:22,S4_SAFETY_RICH_NAVEEN12_L59,1.0,1,0,1,1,0,0,0.0,0.0,1.0,228.75,5274.25,,56.0,0.0,,,5.0,False,22.44041959291683,,20.40940741958783,,reconstructed_shortest,PROGRESS
CASE_001,S4_SAFETY_RICH_NAVEEN12,5.0,2026-03-01 01:39:23,S4_SAFETY_RICH_NAVEEN12_L59,1.0,1,0,1,1,0,0,0.0002127119999999,2.1271199999999997e-05,1.0,256.0,5923.0,,56.0,0.25,,,5.0,False,22.442025734685156,,20.411153473875043,,reconstructed_shortest,PROGRESS
CASE_002,S4_SAFETY_RICH_NAVEEN12,-15.0,2026-03-01 00:47:31,S4_SAFETY_RICH_NAVEEN12_L12,1.0,1,0,1,1,0,0,0.2184745818181818,0.1318437320151515,0.4,290.09090909090907,6458.272727272727,,63.0,218.36363636363637,,,35.0,False,0.4191336338272109,0.9843063042339002,0.4191336338272109,0.9228352080600136,reconstructed_shortest,PROGRESS
CASE_002,S4_SAFETY_RICH_NAVEEN12,-14.0,2026-03-01 00:47:32,S4_SAFETY_RICH_NAVEEN12_L12,1.0,1,0,1,1,0,0,0.1477284816666666,0.1466165801818181,0.3,282.5833333333333,6285.333333333333,,64.0,147.79166666666666,,,35.0,False,0.2127635565692129,1.1202163103566614,0.2127635565692129,0.9595429254608744,reconstructed_shortest,PROGRESS
CASE_002,S4_SAFETY_RICH_NAVEEN12,-13.0,2026-03-01 00:47:33,S4_SAFETY_RICH_NAVEEN12_L12,1.0,1,0,1,1,0,0,0.0795542849999999,0.1545720086818181,0.2,275.5,6122.0,,64.0,79.75,,,35.0,False,0.1047121811241466,1.1134340178297495,0.1047121811241466,0.8873892940550814,reconstructed_shortest,PROGRESS
CASE_002,S4_SAFETY_RICH_NAVEEN12,-12.0,2026-03-01 00:47:34,S4_SAFETY_RICH_NAVEEN12_L12,1.0,1,0,1,1,0,0,0.0803696783333333,0.1626089765151515,0.1,274.9166666666667,6110.5,,64.0,80.45833333333333,,,35.0,False,0.0256486600527113,1.0234658841761797,0.0256486600527113,0.7696032704180106,reconstructed_shortest,PROGRESS
CASE_002,S4_SAFETY_RICH_NAVEEN12,-11.0,2026-03-01 00:47:35,S4_SAFETY_RICH_NAVEEN12_L12,1.0,1,0,1,1,0,0,0.013400855,0.1639490620151515,0.1,240.33333333333337,5325.833333333333,,64.0,13.416666666666668,,,35.0,False,0.0139523220025279,0.5907471176296782,0.0139523220025279,0.5907471176296782,reconstructed_shortest,PROGRESS
CASE_002,S4_SAFETY_RICH_NAVEEN12,-10.0,2026-03-01 00:47:36,S4_SAFETY_RICH_NAVEEN12_L12,1.0,1,0,1,1,0,0,0.0,0.1484069056818182,0.2,234.0,5183.454545454545,,64.0,0.0,,,35.0,False,0.0151957706888547,0.4039378631383563,0.0151957706888547,0.4039378631383562,reconstructed_shortest,PROGRESS
CASE_002,S4_SAFETY_RICH_NAVEEN12,-9.0,2026-03-01 00:47:37,S4_SAFETY_RICH_NAVEEN12_L12,1.0,1,0,1,1,0,0,0.0,0.1228427920454545,0.3,234.0,5184.0,,64.0,0.0,,,35.0,False,0.015298184595538,0.1974653719736749,0.015298184595538,0.1974653719736749,reconstructed_shortest,PROGRESS
CASE_002,S4_SAFETY_RICH_NAVEEN12,-8.0,2026-03-01 00:47:38,S4_SAFETY_RICH_NAVEEN12_L12,1.0,1,0,1,1,0,0,0.0,0.0982996956818181,0.4,234.0,5184.0,,65.0,0.0,,,35.0,False,0.0152115999930615,0.089500581131085,0.0152115999930615,0.089500581131085,reconstructed_shortest,PROGRESS
CASE_002,S4_SAFETY_RICH_NAVEEN12,-7.0,2026-03-01 00:47:39,S4_SAFETY_RICH_NAVEEN12_L12,1.0,1,0,1,1,0,0,0.0,0.0755926881818181,0.5,234.0,5184.0,,64.0,0.0,,,35.0,False,0.0152115999930615,0.0104370600596498,0.0152115999930615,0.0104370600596498,reconstructed_shortest,PROGRESS
CASE_002,S4_SAFETY_RICH_NAVEEN12,-6.0,2026-03-01 00:47:40,S4_SAFETY_RICH_NAVEEN12_L12,1.0,1,0,1,1,0,0,0.0,0.0539527881818181,0.6,234.0,5184.0,,65.0,0.0,,,35.0,False,0.0153924505666928,-0.0014401285641649,0.0153924505666928,-0.0014401285641649,reconstructed_shortest,STALLED
CASE_002,S4_SAFETY_RICH_NAVEEN12,-5.0,2026-03-01 00:47:41,S4_SAFETY_RICH_NAVEEN12_L12,1.0,1,0,1,1,0,0,0.0,0.03210533,0.7,234.0,5184.0,,65.0,0.0,,,35.0,False,0.0149618692799031,0.0002339014089515,0.0149618692799031,0.0002339014089515,reconstructed_shortest,STALLED
CASE_002,S4_SAFETY_RICH_NAVEEN12,-4.0,2026-03-01 00:47:42,S4_SAFETY_RICH_NAVEEN12_L12,1.0,1,0,1,1,0,0,0.0,0.0173324818333333,0.8,234.0,5184.0,,64.0,0.0,,,35.0,False,0.0149618692799031,0.0003363153156348,0.0149618692799031,0.0003363153156348,reconstructed_shortest,STALLED
CASE_002,S4_SAFETY_RICH_NAVEEN12,-3.0,2026-03-01 00:47:43,S4_SAFETY_RICH_NAVEEN12_L12,1.0,1,0,1,1,0,0,0.0,0.0093770533333333,0.9,234.0,5184.0,,64.0,0.0,,,35.0,False,0.0149618692799031,0.0002497307131583,0.0149618692799031,0.0002497307131583,reconstructed_shortest,STALLED
CASE_002,S4_SAFETY_RICH_NAVEEN12,-2.0,2026-03-01 00:47:44,S4_SAFETY_RICH_NAVEEN12_L12,1.0,1,0,1,1,0,0,0.0,0.0013400855,1.0,234.0,5184.0,,65.0,0.0,,,35.0,False,0.0149618692799031,0.0002497307131583,0.0149618692799031,0.0002497307131583,reconstructed_shortest,STALLED
CASE_002,S4_SAFETY_RICH_NAVEEN12,-1.0,2026-03-01 00:47:45,S4_SAFETY_RICH_NAVEEN12_L12,1.0,1,0,1,1,0,0,0.0,0.0,1.0,234.0,5184.0,,65.0,0.0,,,35.0,False,0.0149618692799031,0.0004305812867897,0.0149618692799031,0.0004305812867897,reconstructed_shortest,STALLED
CASE_002,S4_SAFETY_RICH_NAVEEN12,0.0,2026-03-01 00:47:46,S4_SAFETY_RICH_NAVEEN12_L12,1.0,1,0,1,1,0,0,0.0,0.0,1.0,234.0,5184.0,,65.0,0.0,,,35.0,False,0.0149618692799031,0.0,0.0149618692799031,0.0,reconstructed_shortest,STALLED
CASE_002,S4_SAFETY_RICH_NAVEEN12,1.0,2026-03-01 00:47:47,S4_SAFETY_RICH_NAVEEN12_L12,1.0,1,0,1,1,0,0,0.0,0.0,1.0,234.0,5184.0,,65.0,0.0,,,35.0,False,0.0149618692799031,0.0,0.0149618692799031,0.0,reconstructed_shortest,STALLED
CASE_002,S4_SAFETY_RICH_NAVEEN12,2.0,2026-03-01 00:47:48,S4_SAFETY_RICH_NAVEEN12_L12,1.0,1,0,1,1,0,0,0.0,0.0,1.0,234.0,5184.0,,65.0,0.0,,,35.0,False,0.0149618692799031,0.0,0.0149618692799031,0.0,reconstructed_shortest,STALLED
CASE_002,S4_SAFETY_RICH_NAVEEN12,3.0,2026-03-01 00:47:49,S4_SAFETY_RICH_NAVEEN12_L13,1.0,1,0,1,1,0,0,0.0,0.0,1.0,234.0,5184.0,,65.0,0.0,,,30.0,False,2.1752673010438284,,2.0540609196740856,,reconstructed_shortest,PROGRESS
CASE_002,S4_SAFETY_RICH_NAVEEN12,4.0,2026-03-01 00:47:50,S4_SAFETY_RICH_NAVEEN12_L13,1.0,1,0,1,1,0,0,0.1997366,0.01997366,0.9,283.4166666666667,6308.166666666667,,63.0,199.79166666666669,,,30.0,False,2.2421078806710977,,2.0825181432216167,,reconstructed_shortest,PROGRESS
CASE_002,S4_SAFETY_RICH_NAVEEN12,5.0,2026-03-01 00:47:51,S4_SAFETY_RICH_NAVEEN12_L13,1.0,1,0,1,1,0,0,0.2950895454545454,0.0494826145454545,0.8,292.8181818181818,6520.181818181818,,63.0,294.9545454545455,,,30.0,False,2.5358870343093805,,2.2320484065951396,,reconstructed_shortest,PROGRESS
CASE_003,S5_REAL_TMS_JULY10,-15.0,2026-07-10 10:28:20,S5_REAL_TMS_JULY10_L129,9.0,1,0,1,0,1,1,0.2922662794589996,0.2974139124155044,0.0,280.0,,44753.0,63.0,,,,6.0,False,20.8650924050119,-1.5275115942539017,15.14280758238825,1.521430011144112,recorded,PROGRESS
CASE_003,S5_REAL_TMS_JULY10,-14.0,2026-07-10 10:28:21,S5_REAL_TMS_JULY10_L129,9.0,1,0,1,1,0,0,0.2990730702877044,0.297371369600296,0.0,288.0,,44821.0,63.0,,,,6.0,False,16.536545318586608,3.2821025721757806,14.753482095385277,1.4317917582410082,recorded,PROGRESS
CASE_003,S5_REAL_TMS_JULY10,-13.0,2026-07-10 10:28:22,S5_REAL_TMS_JULY10_L129,9.0,1,0,1,0,1,1,0.2990730702877044,0.2974139124155043,0.0,288.0,,44821.0,63.0,,,,6.0,False,16.536545318586608,3.2821025721757806,14.753482095385277,1.4317917582410082,recorded,PROGRESS
CASE_003,S5_REAL_TMS_JULY10,-12.0,2026-07-10 10:28:23,S5_REAL_TMS_JULY10_L129,9.0,1,0,1,1,0,0,0.2982222139835357,0.2973713696002959,0.0,291.0,,44751.0,63.0,,,,6.0,False,16.09526525325075,4.117223999986475,14.30723633013,1.4854108055551123,recorded,PROGRESS
CASE_003,S5_REAL_TMS_JULY10,-11.0,2026-07-10 10:28:24,S5_REAL_TMS_JULY10_L129,9.0,1,0,1,0,1,1,0.2982222139835357,0.2973713696002959,0.0,291.0,,44751.0,63.0,,,,6.0,False,16.09526525325075,4.769827151761149,14.30723633013,0.8355712522582497,recorded,PROGRESS
CASE_003,S5_REAL_TMS_JULY10,-10.0,2026-07-10 10:28:25,S5_REAL_TMS_JULY10_L129,9.0,1,0,1,1,0,0,0.2943934202194214,0.2969884902238845,0.0,277.0,,44821.0,63.0,,,,6.0,False,15.50114726257994,5.363945142431959,13.706965790520636,1.435841791867615,recorded,PROGRESS
CASE_003,S5_REAL_TMS_JULY10,-9.0,2026-07-10 10:28:26,S5_REAL_TMS_JULY10_L129,9.0,1,0,1,1,0,0,0.2965205013751983,0.2967332333326339,0.0,287.0,,44768.0,63.0,,,,6.0,False,15.003366354017864,1.5331789645687444,13.22860413151832,1.524877963866956,recorded,PROGRESS
CASE_003,S5_REAL_TMS_JULY10,-8.0,2026-07-10 10:28:27,S5_REAL_TMS_JULY10_L129,9.0,1,0,1,0,1,1,0.2965205013751983,0.2964779764413833,0.0,287.0,,44768.0,63.0,,,,6.0,False,15.003366354017864,1.5331789645687444,13.22860413151832,1.524877963866956,recorded,PROGRESS
CASE_003,S5_REAL_TMS_JULY10,-7.0,2026-07-10 10:28:28,S5_REAL_TMS_JULY10_L129,9.0,1,0,1,1,0,0,0.2863103449344635,0.2952867895364761,0.0,283.0,,44821.0,63.0,,,,6.0,False,14.552866622712084,1.542398630538667,12.780756931307904,1.5264793988220973,recorded,PROGRESS
CASE_003,S5_REAL_TMS_JULY10,-6.0,2026-07-10 10:28:29,S5_REAL_TMS_JULY10_L129,9.0,1,0,1,0,1,1,0.2863103449344635,0.2946911960840225,0.0,283.0,,44821.0,63.0,,,,6.0,False,14.552866622712084,1.542398630538667,12.780756931307904,1.5264793988220973,recorded,PROGRESS
CASE_003,S5_REAL_TMS_JULY10,-5.0,2026-07-10 10:28:30,S5_REAL_TMS_JULY10_L129,9.0,1,0,1,1,0,0,0.1225221082568168,0.2777167789638042,0.0,274.0,,44821.0,63.0,,,,6.0,False,14.731303514662564,0.7698437479173759,12.582290294075198,1.1246754964454375,recorded,PROGRESS
CASE_003,S5_REAL_TMS_JULY10,-4.0,2026-07-10 10:28:31,S5_REAL_TMS_JULY10_L129,9.0,1,0,1,0,1,1,0.1225221082568168,0.2600616827607154,0.0,274.0,,44821.0,63.0,,,,6.0,False,14.731303514662564,0.2720628393552982,12.582290294075198,0.6463138374431221,recorded,PROGRESS
CASE_003,S5_REAL_TMS_JULY10,-3.0,2026-07-10 10:28:32,S5_REAL_TMS_JULY10_L129,9.0,1,0,1,1,0,0,0.1599594205617904,0.246150317788124,0.0,283.0,,44821.0,63.0,,,,6.0,False,14.967186352617134,0.03618000140073,12.519981783767882,0.7086223477504383,recorded,PROGRESS
CASE_003,S5_REAL_TMS_JULY10,-2.0,2026-07-10 10:28:33,S5_REAL_TMS_JULY10_L129,9.0,1,0,1,1,0,0,0.1361356824636459,0.2299416646361351,0.0,281.0,,44821.0,63.0,,,,6.0,False,14.027794396825598,0.5250722258864862,12.50168935446233,0.2790675768455735,recorded,PROGRESS
CASE_003,S5_REAL_TMS_JULY10,-1.0,2026-07-10 10:28:34,S5_REAL_TMS_JULY10_L129,9.0,1,0,1,0,1,1,0.1361356824636459,0.213733011484146,0.0,281.0,,44821.0,63.0,,,,6.0,False,14.027794396825598,0.5250722258864862,12.50168935446233,0.2790675768455735,recorded,PROGRESS
CASE_003,S5_REAL_TMS_JULY10,0.0,2026-07-10 10:28:35,S5_REAL_TMS_JULY10_L129,9.0,1,0,1,1,0,0,0.200800135731697,0.2043736830353736,0.0,283.0,,44768.0,63.0,,,,6.0,False,13.68778905121898,1.0435144634435858,12.188194368384371,0.3940959256908254,recorded,PROGRESS
CASE_003,S5_REAL_TMS_JULY10,1.0,2026-07-10 10:28:36,S5_REAL_TMS_JULY10_L129,9.0,1,0,1,0,1,1,0.200800135731697,0.1948016464710235,0.0,283.0,,44768.0,63.0,,,,6.0,False,13.68778905121898,1.0435144634435858,12.188194368384371,0.3940959256908254,recorded,PROGRESS
CASE_003,S5_REAL_TMS_JULY10,2.0,2026-07-10 10:28:37,S5_REAL_TMS_JULY10_L129,9.0,1,0,1,1,0,0,0.2778018712997436,0.192929783463478,0.0,292.0,,44789.0,63.0,,,,6.0,False,14.1028714841747,0.8643148684424329,11.754667487416835,0.7653142963510469,recorded,PROGRESS
CASE_003,S5_REAL_TMS_JULY10,3.0,2026-07-10 10:28:38,S5_REAL_TMS_JULY10_L129,9.0,1,0,1,0,1,1,0.2778018712997436,0.192078936100006,0.0,292.0,,44789.0,63.0,,,,6.0,False,14.1028714841747,-0.0750770873491024,11.754667487416835,0.7470218670454951,recorded,PROGRESS
CASE_003,S5_REAL_TMS_JULY10,4.0,2026-07-10 10:28:39,S5_REAL_TMS_JULY10_L129,9.0,1,0,1,1,0,0,0.2854594886302948,0.1919938504695892,0.0,292.0,,44751.0,63.0,,,,6.0,False,14.513839799793397,-0.4860454029677985,11.34011141808365,1.161577936378681,recorded,PROGRESS
CASE_003,S5_REAL_TMS_JULY10,5.0,2026-07-10 10:28:40,S5_REAL_TMS_JULY10_L129,9.0,1,0,1,0,1,1,0.2854594886302948,0.208287588506937,0.0,292.0,,44751.0,63.0,,,,6.0,False,14.513839799793397,-0.8260507485744171,11.34011141808365,0.8480829503007232,recorded,PROGRESS
CASE_004,S1_LOW_SOC_STRESS,-15.0,2026-06-22 17:00:24,S1_LOW_SOC_STRESS_L546,90.0,1,0,1,1,0,0,0.0,0.2676342368125916,0.1,203.0,,37716.0,32.0,,,,3.0,False,20.436148431590684,-18.87276398334443,0.1650411695571312,1.3807430038884665,recorded,PROGRESS
CASE_004,S1_LOW_SOC_STRESS,-14.0,2026-06-22 17:00:25,S1_LOW_SOC_STRESS_L546,90.0,1,0,1,0,1,1,0.0,0.2379821836948394,0.2,203.0,,37716.0,32.0,,,,3.0,False,20.436148431590684,-18.309340617038295,0.1650411695571312,0.7292148841414865,recorded,PROGRESS
CASE_004,S1_LOW_SOC_STRESS,-13.0,2026-06-22 17:00:26,S1_LOW_SOC_STRESS_L546,90.0,1,0,1,1,0,0,0.0,0.2083301305770874,0.3,203.0,,37716.0,32.0,,,,3.0,False,20.43478492086163,-18.30797710630924,0.1636776588280766,0.7305783948705411,recorded,PROGRESS
CASE_004,S1_LOW_SOC_STRESS,-12.0,2026-06-22 17:00:27,S1_LOW_SOC_STRESS_L546,90.0,1,0,1,0,1,1,0.0,0.1786780774593353,0.4,203.0,,37716.0,32.0,,,,3.0,False,20.43478492086163,-20.132926147784787,0.1636776588280766,0.1338384523464913,recorded,PROGRESS
CASE_004,S1_LOW_SOC_STRESS,-11.0,2026-06-22 17:00:28,S1_LOW_SOC_STRESS_L547,90.0,1,0,1,1,0,0,0.0,0.1490685671567916,0.5,203.0,,37716.0,32.0,,,,5.0,False,20.43478492086163,,16.574180521829486,,recorded,PROGRESS
CASE_004,S1_LOW_SOC_STRESS,-10.0,2026-06-22 17:00:29,S1_LOW_SOC_STRESS_L547,90.0,1,0,1,0,1,1,0.0,0.119459056854248,0.6,203.0,,37716.0,32.0,,,,5.0,False,20.43478492086163,,16.574180521829486,,recorded,PROGRESS
CASE_004,S1_LOW_SOC_STRESS,-9.0,2026-06-22 17:00:30,S1_LOW_SOC_STRESS_L547,90.0,1,0,1,1,0,0,0.0,0.089594292640686,0.7,203.0,,37716.0,32.0,,,,5.0,False,20.43478492086163,,16.574180521829486,,recorded,PROGRESS
CASE_004,S1_LOW_SOC_STRESS,-8.0,2026-06-22 17:00:31,S1_LOW_SOC_STRESS_L547,90.0,1,0,1,0,1,1,0.0,0.059729528427124,0.8,203.0,,37716.0,32.0,,,,5.0,False,20.43478492086163,,16.574180521829486,,recorded,PROGRESS
CASE_004,S1_LOW_SOC_STRESS,-7.0,2026-06-22 17:00:32,S1_LOW_SOC_STRESS_L547,90.0,1,0,1,1,0,0,0.0,0.029864764213562,0.9,203.0,,37716.0,32.0,,,,5.0,False,20.43478492086163,,16.574180521829486,,recorded,PROGRESS
CASE_004,S1_LOW_SOC_STRESS,-6.0,2026-06-22 17:00:33,S1_LOW_SOC_STRESS_L547,90.0,1,0,1,0,1,1,0.0,0.0,1.0,203.0,,37716.0,32.0,,,,5.0,False,20.43478492086163,0.0,16.574180521829486,0.0,recorded,STALLED
CASE_004,S1_LOW_SOC_STRESS,-5.0,2026-06-22 17:00:34,S1_LOW_SOC_STRESS_L547,90.0,1,0,1,1,0,0,0.0,0.0,1.0,203.0,,37716.0,32.0,,,,5.0,False,20.43478492086163,0.0,16.574180521829486,0.0,recorded,STALLED
CASE_004,S1_LOW_SOC_STRESS,-4.0,2026-06-22 17:00:35,S1_LOW_SOC_STRESS_L547,90.0,1,0,1,0,1,1,0.0,0.0,1.0,203.0,,37716.0,32.0,,,,5.0,False,20.43478492086163,0.0,16.574180521829486,0.0,recorded,STALLED
CASE_004,S1_LOW_SOC_STRESS,-3.0,2026-06-22 17:00:36,S1_LOW_SOC_STRESS_L547,90.0,1,0,1,1,0,0,0.0,0.0,1.0,203.0,,37716.0,32.0,,,,5.0,False,20.43478492086163,0.0,16.574180521829486,0.0,recorded,STALLED
CASE_004,S1_LOW_SOC_STRESS,-2.0,2026-06-22 17:00:37,S1_LOW_SOC_STRESS_L547,90.0,1,0,1,0,1,1,0.0,0.0,1.0,203.0,,37716.0,32.0,,,,5.0,False,20.43478492086163,0.0,16.574180521829486,0.0,recorded,STALLED
CASE_004,S1_LOW_SOC_STRESS,-1.0,2026-06-22 17:00:38,S1_LOW_SOC_STRESS_L547,90.0,1,0,1,1,0,0,0.0,0.0,1.0,203.0,,37716.0,32.0,,,,5.0,False,20.43478492086163,0.0,16.574180521829486,0.0,recorded,STALLED
CASE_004,S1_LOW_SOC_STRESS,0.0,2026-06-22 17:00:39,S1_LOW_SOC_STRESS_L547,90.0,1,0,1,0,1,1,0.0,0.0,1.0,203.0,,37716.0,32.0,,,,5.0,False,20.43478492086163,0.0,16.574180521829486,0.0,recorded,STALLED
CASE_004,S1_LOW_SOC_STRESS,1.0,2026-06-22 17:00:40,S1_LOW_SOC_STRESS_L547,90.0,1,0,1,1,0,0,0.0,0.0,1.0,203.0,,37716.0,32.0,,,,5.0,False,20.43478492086163,0.0,16.574180521829486,0.0,recorded,STALLED
CASE_004,S1_LOW_SOC_STRESS,2.0,2026-06-22 17:00:41,S1_LOW_SOC_STRESS_L547,90.0,1,0,1,0,1,1,0.0,0.0,1.0,203.0,,37716.0,32.0,,,,5.0,False,20.43478492086163,0.0,16.574180521829486,0.0,recorded,STALLED
CASE_004,S1_LOW_SOC_STRESS,3.0,2026-06-22 17:00:42,S1_LOW_SOC_STRESS_L547,90.0,1,0,1,1,0,0,0.0,0.0,1.0,203.0,,37716.0,32.0,,,,5.0,False,20.437381866578654,-0.0025969457170234,16.574107553528005,7.296830148106892e-05,recorded,STALLED
CASE_004,S1_LOW_SOC_STRESS,4.0,2026-06-22 17:00:43,S1_LOW_SOC_STRESS_L547,90.0,1,0,1,0,1,1,0.0,0.0,1.0,203.0,,37716.0,32.0,,,,5.0,False,20.437381866578654,-0.0025969457170234,16.574107553528005,7.296830148106892e-05,recorded,STALLED
CASE_004,S1_LOW_SOC_STRESS,5.0,2026-06-22 17:00:44,S1_LOW_SOC_STRESS_L547,90.0,1,0,1,1,0,0,0.0,0.0,1.0,203.0,,37716.0,32.0,,,,5.0,False,20.43478492086163,0.0,16.574180521829486,0.0,recorded,STALLED
CASE_005,S3_MEDIUM_SOC_WHOLETESTING,-15.0,2026-03-01 00:36:50,S3_MEDIUM_SOC_WHOLETESTING_L54,1.0,1,0,1,1,0,0,0.298364,0.1428593041666666,0.5,276.8333333333333,6941.083333333333,,41.0,298.16666666666663,,,2.0,False,5.4866993253842615,1.2399464560793376,4.117185919379901,0.6221390733796177,reconstructed_shortest,RECOVERING
CASE_005,S3_MEDIUM_SOC_WHOLETESTING,-14.0,2026-03-01 00:36:51,S3_MEDIUM_SOC_WHOLETESTING_L54,1.0,1,0,1,1,0,0,0.2982222,0.1726389817666666,0.4,276.5,6934.5,,41.0,298.25,,,2.0,False,5.211670066153941,1.4018799452288535,4.015707550434574,0.6596063341647191,reconstructed_shortest,PROGRESS
CASE_005,S3_MEDIUM_SOC_WHOLETESTING,-13.0,2026-03-01 00:36:52,S3_MEDIUM_SOC_WHOLETESTING_L54,1.0,1,0,1,1,0,0,0.2986863272727272,0.2024650720939393,0.3,277.8181818181818,6982.272727272727,,41.0,298.5454545454545,,,2.0,False,4.920909610399509,1.4323077559993074,3.9295293148312567,0.6026470828461381,reconstructed_shortest,PROGRESS
CASE_005,S3_MEDIUM_SOC_WHOLETESTING,-12.0,2026-03-01 00:36:53,S3_MEDIUM_SOC_WHOLETESTING_L54,1.0,1,0,1,1,0,0,0.2992503416666667,0.2323475640787878,0.2,280.4166666666667,7040.666666666667,,41.0,298.91666666666663,,,2.0,False,4.668372893997582,1.388381984316747,3.8669246566361615,0.5102700785971335,reconstructed_shortest,PROGRESS
CASE_005,S3_MEDIUM_SOC_WHOLETESTING,-11.0,2026-03-01 00:36:54,S3_MEDIUM_SOC_WHOLETESTING_L54,1.0,1,0,1,1,0,0,0.2988410363636363,0.2621891254060606,0.1,280.27272727272725,7036.181818181818,,41.0,298.8636363636364,,,2.0,False,4.375715234636278,1.426849797032563,3.8161920516467807,0.4391779885169034,reconstructed_shortest,PROGRESS
CASE_005,S3_MEDIUM_SOC_WHOLETESTING,-10.0,2026-03-01 00:36:55,S3_MEDIUM_SOC_WHOLETESTING_L54,1.0,1,0,1,1,0,0,0.209840375,0.2831448014393939,0.0,268.75,6743.0,,41.0,209.875,,,2.0,False,4.095876088254863,1.390823237129399,3.7838273413934447,0.3333585779864565,reconstructed_shortest,PROGRESS
CASE_005,S3_MEDIUM_SOC_WHOLETESTING,-9.0,2026-03-01 00:36:56,S3_MEDIUM_SOC_WHOLETESTING_L54,1.0,1,0,1,1,0,0,0.109716818,0.2709463486939394,0.0,270.8,6791.4,,41.0,109.5,,,2.0,False,3.9856580767125727,1.226011989441368,3.746227548223035,0.2694800022115391,reconstructed_shortest,PROGRESS
CASE_005,S3_MEDIUM_SOC_WHOLETESTING,-8.0,2026-03-01 00:36:57,S3_MEDIUM_SOC_WHOLETESTING_L54,1.0,1,0,1,1,0,0,0.1084444145454545,0.2519472976484848,0.0,272.0,6824.272727272727,,41.0,108.40909090909092,,,2.0,False,3.671893769794239,1.2490158406052698,3.6600927541112895,0.2694365607199671,reconstructed_shortest,PROGRESS
CASE_005,S3_MEDIUM_SOC_WHOLETESTING,-7.0,2026-03-01 00:36:58,S3_MEDIUM_SOC_WHOLETESTING_L54,1.0,1,0,1,1,0,0,0.1967940083333333,0.2417271248454545,0.0,279.0833333333333,7007.0,,41.0,196.625,,,2.0,False,3.5705115493319557,1.097861344665627,3.5429304389903806,0.3239942176457808,reconstructed_shortest,PROGRESS
CASE_005,S3_MEDIUM_SOC_WHOLETESTING,-6.0,2026-03-01 00:36:59,S3_MEDIUM_SOC_WHOLETESTING_L54,1.0,1,0,1,1,0,0,0.2608622636363636,0.2379021784818182,0.0,285.0,7165.909090909091,,41.0,260.6363636363636,,,2.0,False,3.3370141799134623,1.0387010547228157,3.2818500856158965,0.5343419660308841,reconstructed_shortest,PROGRESS
CASE_005,S3_MEDIUM_SOC_WHOLETESTING,-5.0,2026-03-01 00:37:00,S3_MEDIUM_SOC_WHOLETESTING_L54,1.0,1,0,1,1,0,0,0.2940453272727273,0.2374703112090909,0.0,280.72727272727275,7049.090909090909,,41.0,294.1363636363636,,,2.0,False,3.0900371223651883,1.0058389658896745,3.0435050654942892,0.7403222758991554,reconstructed_shortest,PROGRESS
CASE_005,S3_MEDIUM_SOC_WHOLETESTING,-4.0,2026-03-01 00:37:01,S3_MEDIUM_SOC_WHOLETESTING_L54,1.0,1,0,1,1,0,0,0.2959017454545454,0.2372382657545454,0.0,277.45454545454544,6964.545454545455,,41.0,295.77272727272725,,,2.0,False,2.785799995776838,1.1998580809357349,2.752184338515719,0.994043209707316,reconstructed_shortest,PROGRESS
CASE_005,S3_MEDIUM_SOC_WHOLETESTING,-3.0,2026-03-01 00:37:02,S3_MEDIUM_SOC_WHOLETESTING_L54,1.0,1,0,1,1,0,0,0.2952055454545454,0.2368901875727273,0.0,278.54545454545456,6995.090909090909,,41.0,294.9545454545455,,,2.0,False,2.517860679848444,1.154033089945795,2.497077649746905,1.1630151043643844,reconstructed_shortest,PROGRESS
CASE_005,S3_MEDIUM_SOC_WHOLETESTING,-2.0,2026-03-01 00:37:03,S3_MEDIUM_SOC_WHOLETESTING_L54,1.0,1,0,1,1,0,0,0.2965205,0.2366172034060606,0.0,278.75,7004.25,,41.0,296.375,,,2.0,False,2.2082589235950896,1.362252625736866,2.1975317952458195,1.345398643744561,reconstructed_shortest,PROGRESS
CASE_005,S3_MEDIUM_SOC_WHOLETESTING,-1.0,2026-03-01 00:37:04,S3_MEDIUM_SOC_WHOLETESTING_L54,1.0,1,0,1,1,0,0,0.2984349166666666,0.2365765914363636,0.0,278.0,6987.083333333333,,41.0,298.16666666666663,,,2.0,False,1.9027754642343264,1.434238715679136,1.8960007502263705,1.3858493353895265,reconstructed_shortest,PROGRESS
CASE_005,S3_MEDIUM_SOC_WHOLETESTING,0.0,2026-03-01 00:37:05,S3_MEDIUM_SOC_WHOLETESTING_L54,1.0,1,0,1,1,0,0,0.2994276,0.2455353139363636,0.0,276.8333333333333,6956.5,,41.0,299.0,,,2.0,False,1.6119798227779905,1.478057299587198,1.6119798227779905,1.4315252427162988,reconstructed_shortest,PROGRESS
CASE_005,S3_MEDIUM_SOC_WHOLETESTING,1.0,2026-03-01 00:37:06,S3_MEDIUM_SOC_WHOLETESTING_L54,1.0,1,0,1,1,0,0,0.2992664545454545,0.2644902775909091,0.0,276.27272727272725,6938.727272727273,,41.0,298.9545454545455,,,2.0,False,1.3339815058412614,1.4518184899355764,1.3339815058412614,1.4182028326744578,reconstructed_shortest,PROGRESS
CASE_005,S3_MEDIUM_SOC_WHOLETESTING,2.0,2026-03-01 00:37:07,S3_MEDIUM_SOC_WHOLETESTING_L54,1.0,1,0,1,1,0,0,0.2984155636363636,0.2834873925,0.0,277.1818181818182,6962.363636363636,,41.0,298.22727272727275,,,2.0,False,1.0621647588724883,1.4556959209759557,1.0621647588724883,1.4349128908744169,reconstructed_shortest,PROGRESS
CASE_005,S3_MEDIUM_SOC_WHOLETESTING,3.0,2026-03-01 00:37:08,S3_MEDIUM_SOC_WHOLETESTING_L54,1.0,1,0,1,1,0,0,0.2992148916666666,0.2937294808333334,0.0,276.0833333333333,6940.916666666667,,41.0,298.91666666666663,,,2.0,False,0.7643448094689255,1.443914114126164,0.7643448094689255,1.433186985776894,reconstructed_shortest,PROGRESS
CASE_005,S3_MEDIUM_SOC_WHOLETESTING,4.0,2026-03-01 00:37:09,S3_MEDIUM_SOC_WHOLETESTING_L54,1.0,1,0,1,1,0,0,0.29886035,0.297529289469697,0.0,277.5,6976.0,,41.0,298.75,,,2.0,False,0.494331940005912,1.4084435242284143,0.494331940005912,1.4016688102204582,reconstructed_shortest,PROGRESS
CASE_005,S3_MEDIUM_SOC_WHOLETESTING,5.0,2026-03-01 00:37:10,S3_MEDIUM_SOC_WHOLETESTING_L54,1.0,1,0,1,1,0,0,0.1985956654545454,0.2879843232878788,0.0,261.0,6539.090909090909,,42.0,198.63636363636363,,,2.0,False,0.2312779232198623,1.3807018995581282,0.2312779232198623,1.3807018995581282,reconstructed_shortest,PROGRESS
CASE_006,S3_MEDIUM_SOC_WHOLETESTING,-15.0,2026-03-01 00:40:05,S3_MEDIUM_SOC_WHOLETESTING_L62,1.0,1,0,1,1,0,0,0.2989183636363636,0.2987278837121213,0.0,276.09090909090907,6998.636363636364,,40.0,298.5454545454545,,,6.0,False,19.018916062839303,1.5820281365536069,17.225036824425498,1.4130704091292898,reconstructed_shortest,PROGRESS
CASE_006,S3_MEDIUM_SOC_WHOLETESTING,-14.0,2026-03-01 00:40:06,S3_MEDIUM_SOC_WHOLETESTING_L62,1.0,1,0,1,1,0,0,0.2977581272727272,0.2986118600757576,0.0,278.8181818181818,7064.545454545455,,40.0,297.4545454545455,,,6.0,False,18.74505610971091,1.5836929095708356,16.951274714703892,1.4154090761717697,reconstructed_shortest,PROGRESS
CASE_006,S3_MEDIUM_SOC_WHOLETESTING,-13.0,2026-03-01 00:40:07,S3_MEDIUM_SOC_WHOLETESTING_L62,1.0,1,0,1,1,0,0,0.2988249,0.2986489264393939,0.0,279.0,7062.166666666667,,40.0,298.7083333333333,,,6.0,False,18.43357670174882,1.5998260928820152,16.64218636675881,1.430118635190162,reconstructed_shortest,PROGRESS
CASE_006,S3_MEDIUM_SOC_WHOLETESTING,-12.0,2026-03-01 00:40:08,S3_MEDIUM_SOC_WHOLETESTING_L62,1.0,1,0,1,1,0,0,0.2986476,0.298648926439394,0.0,279.1818181818182,7076.0,,40.0,298.6818181818182,,,6.0,False,18.17285624927048,1.4946321851651554,16.381538543155774,1.392748389566858,reconstructed_shortest,PROGRESS
CASE_006,S3_MEDIUM_SOC_WHOLETESTING,-11.0,2026-03-01 00:40:09,S3_MEDIUM_SOC_WHOLETESTING_L62,1.0,1,0,1,1,0,0,0.2991117545454545,0.2987185455303031,0.0,278.72727272727275,7053.454545454545,,40.0,299.0,,,6.0,False,17.869079829582336,1.4318701883436056,16.077822200512912,1.425892841035587,reconstructed_shortest,PROGRESS
CASE_006,S3_MEDIUM_SOC_WHOLETESTING,-10.0,2026-03-01 00:40:10,S3_MEDIUM_SOC_WHOLETESTING_L62,1.0,1,0,1,1,0,0,0.298860325,0.298817808030303,0.0,277.75,7028.75,,40.0,298.625,,,6.0,False,17.593242024865845,1.4256740379734616,15.80317473406452,1.4218620903609782,reconstructed_shortest,PROGRESS
CASE_006,S3_MEDIUM_SOC_WHOLETESTING,-9.0,2026-03-01 00:40:11,S3_MEDIUM_SOC_WHOLETESTING_L62,1.0,1,0,1,1,0,0,0.2981513,0.2987504471969697,0.0,278.3333333333333,7044.833333333333,,40.0,298.0,,,6.0,False,17.296232015905282,1.4488240938056265,15.508746361515255,1.442528353188635,reconstructed_shortest,PROGRESS
CASE_006,S3_MEDIUM_SOC_WHOLETESTING,-8.0,2026-03-01 00:40:12,S3_MEDIUM_SOC_WHOLETESTING_L62,1.0,1,0,1,1,0,0,0.2982608727272727,0.298673094469697,0.0,280.1818181818182,7104.272727272727,,40.0,298.22727272727275,,,6.0,False,17.044818534902458,1.3887581668463618,15.2528115272202,1.3893748395386094,reconstructed_shortest,PROGRESS
CASE_006,S3_MEDIUM_SOC_WHOLETESTING,-7.0,2026-03-01 00:40:13,S3_MEDIUM_SOC_WHOLETESTING_L62,1.0,1,0,1,1,0,0,0.2986476,0.2986021861363636,0.0,277.45454545454544,7033.909090909091,,40.0,298.5,,,6.0,False,16.74870094906801,1.4241553002024716,14.956264744480414,1.4252737986753594,reconstructed_shortest,PROGRESS
CASE_006,S3_MEDIUM_SOC_WHOLETESTING,-6.0,2026-03-01 00:40:14,S3_MEDIUM_SOC_WHOLETESTING_L62,1.0,1,0,1,1,0,0,0.29758405,0.2984764893181818,0.0,277.5,7044.0,,40.0,297.25,,,6.0,False,16.44796004026771,1.421119789314627,14.669213109719529,1.4086090907933837,reconstructed_shortest,PROGRESS
CASE_006,S3_MEDIUM_SOC_WHOLETESTING,-5.0,2026-03-01 00:40:15,S3_MEDIUM_SOC_WHOLETESTING_L62,1.0,1,0,1,1,0,0,0.2977968,0.2983643329545454,0.0,277.1666666666667,7023.0,,40.0,297.5,,,6.0,False,16.17043612910722,1.422805895758625,14.393517055242537,1.4096576788219828,reconstructed_shortest,PROGRESS
CASE_006,S3_MEDIUM_SOC_WHOLETESTING,-4.0,2026-03-01 00:40:16,S3_MEDIUM_SOC_WHOLETESTING_L62,1.0,1,0,1,1,0,0,0.2988603333333333,0.298474553560606,0.0,276.5,7011.0,,40.0,298.58333333333337,,,6.0,False,15.906285110933872,1.38994690497141,14.1306314652508,1.3781148962644585,reconstructed_shortest,PROGRESS
CASE_006,S3_MEDIUM_SOC_WHOLETESTING,-3.0,2026-03-01 00:40:17,S3_MEDIUM_SOC_WHOLETESTING_L62,1.0,1,0,1,1,0,0,0.2994985,0.2985419135606061,0.0,276.27272727272725,7010.363636363636,,40.0,299.0,,,6.0,False,15.606801241671638,1.4380172932308195,13.832819818355013,1.4199917088651883,reconstructed_shortest,PROGRESS
CASE_006,S3_MEDIUM_SOC_WHOLETESTING,-2.0,2026-03-01 00:40:18,S3_MEDIUM_SOC_WHOLETESTING_L62,1.0,1,0,1,1,0,0,0.2990343727272727,0.2985805908333333,0.0,277.0,7029.636363636364,,40.0,298.72727272727275,,,6.0,False,15.312944896821971,1.4357560522460364,13.540518648912416,1.4157460955679984,reconstructed_shortest,PROGRESS
CASE_006,S3_MEDIUM_SOC_WHOLETESTING,-1.0,2026-03-01 00:40:19,S3_MEDIUM_SOC_WHOLETESTING_L62,1.0,1,0,1,1,0,0,0.2994276,0.2986121753787878,0.0,277.8333333333333,7044.0,,40.0,299.0,,,6.0,False,15.042087431903024,1.4058726083646853,13.27131255277716,1.3979005569423677,reconstructed_shortest,PROGRESS
CASE_006,S3_MEDIUM_SOC_WHOLETESTING,0.0,2026-03-01 00:40:20,S3_MEDIUM_SOC_WHOLETESTING_L62,1.0,1,0,1,1,0,0,0.29800951,0.2985270938787879,0.0,277.8,7039.4,,39.0,297.85,,,6.0,False,14.759677564469284,1.410758564637934,12.990482648894153,1.403034406348386,reconstructed_shortest,PROGRESS
CASE_006,S3_MEDIUM_SOC_WHOLETESTING,1.0,2026-03-01 00:40:21,S3_MEDIUM_SOC_WHOLETESTING_L62,1.0,1,0,1,1,0,0,0.2258614636363636,0.2912981102424242,0.0,272.6363636363636,6912.545454545455,,40.0,225.6818181818182,,,6.0,False,14.530198395601111,1.3760867153327592,12.734236071483265,1.396395393767536,reconstructed_shortest,PROGRESS
CASE_006,S3_MEDIUM_SOC_WHOLETESTING,2.0,2026-03-01 00:40:22,S3_MEDIUM_SOC_WHOLETESTING_L62,1.0,1,0,1,1,0,0,0.1173396636363636,0.2732059893333333,0.0,271.09090909090907,6867.454545454545,,40.0,117.22727272727276,,,6.0,False,14.472016197826902,1.1347850438447369,12.579057211582391,1.2537626067726195,reconstructed_shortest,PROGRESS
CASE_006,S3_MEDIUM_SOC_WHOLETESTING,3.0,2026-03-01 00:40:23,S3_MEDIUM_SOC_WHOLETESTING_L62,1.0,1,0,1,1,0,0,0.1161407833333333,0.2549553076666667,0.0,271.0833333333333,6862.166666666667,,40.0,116.33333333333331,,,6.0,False,14.378739376182574,0.9342055206393988,12.528708339001597,1.011810309910821,reconstructed_shortest,PROGRESS
CASE_006,S3_MEDIUM_SOC_WHOLETESTING,4.0,2026-03-01 00:40:24,S3_MEDIUM_SOC_WHOLETESTING_L62,1.0,1,0,1,1,0,0,0.1770473166666666,0.2429016343333333,0.0,274.3333333333333,6958.333333333333,,39.0,176.91666666666666,,,6.0,False,14.189253770644935,0.8528336612580887,12.521306859310547,0.7500056934666137,reconstructed_shortest,PROGRESS
CASE_006,S3_MEDIUM_SOC_WHOLETESTING,5.0,2026-03-01 00:40:25,S3_MEDIUM_SOC_WHOLETESTING_L62,1.0,1,0,1,1,0,0,0.1478928272727272,0.227911237060606,0.0,271.09090909090907,6873.0,,39.0,147.68181818181816,,,6.0,False,14.033920173611094,0.7257573908581918,12.512855730353282,0.477626918540869,reconstructed_shortest,PROGRESS
CASE_007,S4_SAFETY_RICH_NAVEEN12,-15.0,2026-03-01 01:39:51,S4_SAFETY_RICH_NAVEEN12_L59,1.0,1,0,1,1,0,0,0.298434925,0.2986379740151516,0.0,285.5,6629.5,,55.0,298.25,,,5.0,False,17.48095263611763,1.586309366671227,15.630003852957174,1.417962155575836,reconstructed_shortest,PROGRESS
CASE_007,S4_SAFETY_RICH_NAVEEN12,-14.0,2026-03-01 01:39:52,S4_SAFETY_RICH_NAVEEN12_L59,1.0,1,0,1,1,0,0,0.2987636454545454,0.298585758560606,0.0,287.90909090909093,6688.727272727273,,55.0,298.6363636363636,,,5.0,False,17.178562126179358,1.584267390342653,15.331140540434468,1.4134759078830983,reconstructed_shortest,PROGRESS
CASE_007,S4_SAFETY_RICH_NAVEEN12,-13.0,2026-03-01 01:39:53,S4_SAFETY_RICH_NAVEEN12_L59,1.0,1,0,1,1,0,0,0.2989312666666666,0.2986353927272727,0.0,287.5,6692.166666666667,,56.0,298.83333333333337,,,5.0,False,16.91656113688627,1.608420913558021,15.07029937984401,1.4375063285400405,reconstructed_shortest,PROGRESS
CASE_007,S4_SAFETY_RICH_NAVEEN12,-12.0,2026-03-01 01:39:54,S4_SAFETY_RICH_NAVEEN12_L59,1.0,1,0,1,1,0,0,0.1246137916666666,0.2812861537121212,0.0,247.75,5739.416666666667,,56.0,124.58333333333331,,,5.0,False,16.699232890761298,1.3426285127683537,14.851860016386508,1.337807151142611,reconstructed_shortest,PROGRESS
CASE_007,S4_SAFETY_RICH_NAVEEN12,-11.0,2026-03-01 01:39:55,S4_SAFETY_RICH_NAVEEN12_L59,1.0,1,0,1,1,0,0,0.0,0.2514445973484848,0.1,234.0,5409.0,,56.0,0.0,,,5.0,False,16.65632779147518,1.351006563173815,14.808757721716564,1.1169610298166823,reconstructed_shortest,PROGRESS
CASE_007,S4_SAFETY_RICH_NAVEEN12,-10.0,2026-03-01 01:39:56,S4_SAFETY_RICH_NAVEEN12_L59,1.0,1,0,1,1,0,0,0.0,0.2216330115151515,0.2,229.16666666666663,5287.333333333333,,56.0,0.0,,,5.0,False,16.657547723275975,0.8234049128416565,14.809945708146136,0.8200581448110391,reconstructed_shortest,PROGRESS
CASE_007,S4_SAFETY_RICH_NAVEEN12,-9.0,2026-03-01 01:39:57,S4_SAFETY_RICH_NAVEEN12_L59,1.0,1,0,1,1,0,0,0.0,0.1917257015151515,0.3,220.0909090909091,5081.272727272727,,56.0,0.0,,,5.0,False,16.657658626166956,0.5209035000124018,14.81005370694178,0.521086833492685,reconstructed_shortest,PROGRESS
CASE_007,S4_SAFETY_RICH_NAVEEN12,-8.0,2026-03-01 01:39:58,S4_SAFETY_RICH_NAVEEN12_L59,1.0,1,0,1,1,0,0,0.0,0.1618029224242424,0.4,219.27272727272728,5062.272727272727,,57.0,0.0,,,5.0,False,16.657658626166956,0.258902510719313,14.81005370694178,0.2602456729022293,reconstructed_shortest,PROGRESS
CASE_007,S4_SAFETY_RICH_NAVEEN12,-7.0,2026-03-01 01:39:59,S4_SAFETY_RICH_NAVEEN12_L59,1.0,1,0,1,1,0,0,0.0,0.1319072178787879,0.5,221.75,5117.0,,57.0,0.0,,,5.0,False,16.658656752185788,0.0405761385755099,14.811025696322488,0.0408343200640217,reconstructed_shortest,PROGRESS
CASE_007,S4_SAFETY_RICH_NAVEEN12,-6.0,2026-03-01 01:40:00,S4_SAFETY_RICH_NAVEEN12_L59,1.0,1,0,1,1,0,0,0.0,0.1020743628787878,0.6,220.83333333333337,5094.166666666667,,57.0,0.0,,,5.0,False,16.658989460858734,-0.0026616693835528,14.811349692870667,-0.0025919711541035,reconstructed_shortest,STALLED
CASE_007,S4_SAFETY_RICH_NAVEEN12,-5.0,2026-03-01 01:40:01,S4_SAFETY_RICH_NAVEEN12_L59,1.0,1,0,1,1,0,0,0.0,0.0722308703787878,0.7,222.1818181818182,5125.363636363636,,57.0,0.0,,,5.0,False,16.65669074639112,0.0008569768848545,14.80911117216274,0.0008345359833938,reconstructed_shortest,STALLED
CASE_007,S4_SAFETY_RICH_NAVEEN12,-4.0,2026-03-01 01:40:02,S4_SAFETY_RICH_NAVEEN12_L59,1.0,1,0,1,1,0,0,0.0,0.0423545058333333,0.8,222.33333333333337,5129.166666666667,,57.0,0.0,,,5.0,False,16.657658626166956,0.0,14.81005370694178,0.0,reconstructed_shortest,STALLED
CASE_007,S4_SAFETY_RICH_NAVEEN12,-3.0,2026-03-01 01:40:03,S4_SAFETY_RICH_NAVEEN12_L59,1.0,1,0,1,1,0,0,0.0,0.0124613791666666,0.9,221.0,5105.0,,57.0,0.0,,,5.0,False,16.657658626166956,0.0,14.81005370694178,0.0,reconstructed_shortest,STALLED
CASE_007,S4_SAFETY_RICH_NAVEEN12,-2.0,2026-03-01 01:40:04,S4_SAFETY_RICH_NAVEEN12_L59,1.0,1,0,1,1,0,0,0.0,0.0,1.0,221.41666666666663,5111.166666666667,,57.0,0.0,,,5.0,False,16.656993208821067,0.0016635433647209,14.809405714241205,0.0016199820812836,reconstructed_shortest,STALLED
CASE_007,S4_SAFETY_RICH_NAVEEN12,-1.0,2026-03-01 01:40:05,S4_SAFETY_RICH_NAVEEN12_L59,1.0,1,0,1,1,0,0,0.0,0.0,1.0,220.63636363636363,5091.909090909091,,57.0,0.0,,,5.0,False,16.65669074639112,0.0022987144676136,14.80911117216274,0.0022385207079267,reconstructed_shortest,STALLED
CASE_007,S4_SAFETY_RICH_NAVEEN12,0.0,2026-03-01 01:40:06,S4_SAFETY_RICH_NAVEEN12_L59,1.0,1,0,1,1,0,0,0.0,0.0,1.0,219.45454545454547,5067.0,,57.0,0.0,,,5.0,False,16.65717468627904,-0.0004839398879177,14.809582439505732,-0.0004712673429914,reconstructed_shortest,STALLED
CASE_007,S4_SAFETY_RICH_NAVEEN12,1.0,2026-03-01 01:40:07,S4_SAFETY_RICH_NAVEEN12_L59,1.0,1,0,1,1,0,0,0.0,0.0,1.0,221.25,5110.0,,57.0,0.0,,,5.0,False,16.655995082802235,0.0016635433647209,14.80843372552023,0.0016199814215518,reconstructed_shortest,STALLED
CASE_007,S4_SAFETY_RICH_NAVEEN12,2.0,2026-03-01 01:40:08,S4_SAFETY_RICH_NAVEEN12_L59,1.0,1,0,1,1,0,0,0.0,0.0,1.0,221.72727272727272,5114.636363636364,,57.0,0.0,,,5.0,False,16.65632779147518,0.0013308346917746,14.808757721716564,0.0012959852252176,reconstructed_shortest,STALLED
CASE_007,S4_SAFETY_RICH_NAVEEN12,3.0,2026-03-01 01:40:09,S4_SAFETY_RICH_NAVEEN12_L59,1.0,1,0,1,1,0,0,0.0,0.0,1.0,220.5,5085.5,,57.0,0.0,,,5.0,False,16.657658626166956,-0.000665417345889,14.81005370694178,-0.0006479927005784,reconstructed_shortest,STALLED
CASE_007,S4_SAFETY_RICH_NAVEEN12,4.0,2026-03-01 01:40:10,S4_SAFETY_RICH_NAVEEN12_L59,1.0,1,0,1,1,0,0,0.0,0.0,1.0,220.75,5090.333333333333,,57.0,0.0,,,5.0,False,16.652453664440728,0.0042370819503929,14.808095298291466,0.0010158738712746,reconstructed_shortest,STALLED
CASE_007,S4_SAFETY_RICH_NAVEEN12,5.0,2026-03-01 01:40:11,S4_SAFETY_RICH_NAVEEN12_L59,1.0,1,0,1,1,0,0,0.0,0.0,1.0,221.72727272727272,5108.181818181818,,57.0,0.0,,,5.0,False,16.674458926642288,-0.0172842403632493,14.803669749286035,0.005912690219695,reconstructed_shortest,STALLED
CASE_008,S4_SAFETY_RICH_NAVEEN12,-15.0,2026-03-01 00:54:47,S4_SAFETY_RICH_NAVEEN12_L16,1.0,1,0,1,1,0,0,0.0560012654545454,0.2580041910151515,0.0,275.6363636363636,6169.909090909091,,62.0,56.13636363636363,,,33.0,False,0.1633812158284177,1.0795773399388595,0.1633812158284177,1.042997688497141,reconstructed_shortest,PROGRESS
CASE_008,S4_SAFETY_RICH_NAVEEN12,-14.0,2026-03-01 00:54:48,S4_SAFETY_RICH_NAVEEN12_L16,1.0,1,0,1,1,0,0,0.038217255,0.2318954028787878,0.0,272.6666666666667,6110.666666666667,,62.0,38.583333333333336,,,33.0,False,0.1253545473691437,0.8566047062771613,0.1253545473691437,0.82249408000916,reconstructed_shortest,PROGRESS
CASE_008,S4_SAFETY_RICH_NAVEEN12,-13.0,2026-03-01 00:54:49,S4_SAFETY_RICH_NAVEEN12_L16,1.0,1,0,1,1,0,0,0.0362383863636363,0.2055887278787878,0.0,272.90909090909093,6112.090909090909,,62.0,36.59090909090909,,,33.0,False,0.0936062153034576,0.5753610086220273,0.0936062153034576,0.5647319682708858,reconstructed_shortest,PROGRESS
CASE_008,S4_SAFETY_RICH_NAVEEN12,-12.0,2026-03-01 00:54:50,S4_SAFETY_RICH_NAVEEN12_L16,1.0,1,0,1,1,0,0,0.036075953,0.179277411360606,0.0,273.5,6122.0,,62.0,36.3,,,33.0,False,0.0570991510841689,0.4430560104164536,0.0570991510841689,0.4011111318602092,reconstructed_shortest,PROGRESS
CASE_008,S4_SAFETY_RICH_NAVEEN12,-11.0,2026-03-01 00:54:51,S4_SAFETY_RICH_NAVEEN12_L16,1.0,1,0,1,1,0,0,0.0304178133333333,0.1524331601939393,0.0,265.1666666666667,5934.166666666667,,63.0,30.58333333333333,,,33.0,False,0.0214261373578532,0.2288784262936429,0.0214261373578532,0.2288784262936429,reconstructed_shortest,PROGRESS
CASE_008,S4_SAFETY_RICH_NAVEEN12,-10.0,2026-03-01 00:54:52,S4_SAFETY_RICH_NAVEEN12_L16,1.0,1,0,1,1,0,0,0.0,0.1225142511030303,0.1,230.54545454545453,5151.272727272727,,63.0,0.0,,,33.0,False,0.0089742179094484,0.1544069979189692,0.0089742179094484,0.1544069979189692,reconstructed_shortest,PROGRESS
CASE_008,S4_SAFETY_RICH_NAVEEN12,-9.0,2026-03-01 00:54:53,S4_SAFETY_RICH_NAVEEN12_L16,1.0,1,0,1,1,0,0,0.0,0.0926282127696969,0.2,232.54545454545453,5184.0,,63.0,0.0,,,33.0,False,0.0092761530526256,0.1160783943165181,0.0092761530526256,0.1160783943165181,reconstructed_shortest,PROGRESS
CASE_008,S4_SAFETY_RICH_NAVEEN12,-8.0,2026-03-01 00:54:54,S4_SAFETY_RICH_NAVEEN12_L16,1.0,1,0,1,1,0,0,0.0,0.0631192554969696,0.3,232.0,5184.0,,63.0,0.0,,,33.0,False,0.0089010569370836,0.084705158366374,0.0089010569370836,0.084705158366374,reconstructed_shortest,PROGRESS
CASE_008,S4_SAFETY_RICH_NAVEEN12,-7.0,2026-03-01 00:54:55,S4_SAFETY_RICH_NAVEEN12_L16,1.0,1,0,1,1,0,0,0.0,0.0376634291333333,0.4,232.5,5184.0,,63.0,0.0,,,33.0,False,0.0089010569370839,0.0481980941470849,0.0089010569370839,0.0481980941470849,reconstructed_shortest,PROGRESS
CASE_008,S4_SAFETY_RICH_NAVEEN12,-6.0,2026-03-01 00:54:56,S4_SAFETY_RICH_NAVEEN12_L16,1.0,1,0,1,1,0,0,0.0,0.0196950673151515,0.5,232.83333333333337,5190.5,,63.0,0.0,,,33.0,False,0.0089010569370839,0.0125250804207692,0.0089010569370839,0.0125250804207692,reconstructed_shortest,DEGRADING
CASE_008,S4_SAFETY_RICH_NAVEEN12,-5.0,2026-03-01 00:54:57,S4_SAFETY_RICH_NAVEEN12_L16,1.0,1,0,1,1,0,0,0.0,0.0140949407696969,0.6,233.0,5186.181818181818,,63.0,0.0,,,33.0,False,0.0089010569370836,7.316097236487705e-05,0.0089010569370836,7.316097236487705e-05,reconstructed_shortest,STALLED
CASE_008,S4_SAFETY_RICH_NAVEEN12,-4.0,2026-03-01 00:54:58,S4_SAFETY_RICH_NAVEEN12_L16,1.0,1,0,1,1,0,0,0.0,0.0102732152696969,0.7,233.36363636363637,5194.0,,63.0,0.0,,,33.0,False,0.0089010569370836,0.000375096115542,0.0089010569370836,0.000375096115542,reconstructed_shortest,STALLED
CASE_008,S4_SAFETY_RICH_NAVEEN12,-3.0,2026-03-01 00:54:59,S4_SAFETY_RICH_NAVEEN12_L16,1.0,1,0,1,1,0,0,0.0,0.0066493766333333,0.8,233.66666666666663,5198.333333333333,,63.0,0.0,,,33.0,False,0.0089010569370839,-3.5041414214731503e-16,0.0089010569370839,-3.5041414214731503e-16,reconstructed_shortest,STALLED
CASE_008,S4_SAFETY_RICH_NAVEEN12,-2.0,2026-03-01 00:55:00,S4_SAFETY_RICH_NAVEEN12_L16,1.0,1,0,1,1,0,0,0.0,0.0030417813333333,0.9,233.0909090909091,5187.545454545455,,63.0,0.0,,,33.0,False,0.0089010569370836,3.5041414214731503e-16,0.0089010569370836,3.5041414214731503e-16,reconstructed_shortest,STALLED
CASE_008,S4_SAFETY_RICH_NAVEEN12,-1.0,2026-03-01 00:55:01,S4_SAFETY_RICH_NAVEEN12_L16,1.0,1,0,1,1,0,0,0.0,0.0,1.0,233.45454545454547,5201.727272727273,,63.0,0.0,,,33.0,False,0.0098369571266596,-0.0009359001895756,0.0098369571266596,-0.0009359001895756,reconstructed_shortest,STALLED
CASE_008,S4_SAFETY_RICH_NAVEEN12,0.0,2026-03-01 00:55:02,S4_SAFETY_RICH_NAVEEN12_L16,1.0,1,0,1,1,0,0,0.0,0.0,1.0,233.9090909090909,5204.454545454545,,63.0,0.0,,,33.0,False,0.0096728262880031,-0.0007717693509195,0.0096728262880031,-0.0007717693509195,reconstructed_shortest,STALLED
CASE_008,S4_SAFETY_RICH_NAVEEN12,1.0,2026-03-01 00:55:03,S4_SAFETY_RICH_NAVEEN12_L17,1.0,1,0,1,1,0,0,0.1512962363636363,0.0151296236363636,0.9,280.6363636363636,6283.0,,62.0,151.36363636363637,,,2.0,False,22.45589142844581,,21.854902498239593,,reconstructed_shortest,PROGRESS
CASE_008,S4_SAFETY_RICH_NAVEEN12,2.0,2026-03-01 00:55:04,S4_SAFETY_RICH_NAVEEN12_L17,1.0,1,0,1,1,0,0,0.2844926,0.0435788836363636,0.8,293.8181818181818,6588.909090909091,,62.0,284.3181818181818,,,2.0,False,22.664823609005317,,21.867564028239197,,reconstructed_shortest,PROGRESS
CASE_008,S4_SAFETY_RICH_NAVEEN12,3.0,2026-03-01 00:55:05,S4_SAFETY_RICH_NAVEEN12_L17,1.0,1,0,1,1,0,0,0.2980674818181818,0.0733856318181818,0.7,291.6363636363636,6536.272727272727,,62.0,297.95454545454544,,,2.0,False,22.9708022769209,,21.89445941490792,,reconstructed_shortest,PROGRESS
CASE_008,S4_SAFETY_RICH_NAVEEN12,4.0,2026-03-01 00:55:06,S4_SAFETY_RICH_NAVEEN12_L17,1.0,1,0,1,1,0,0,0.2911060454545455,0.1024962363636363,0.6,287.45454545454544,6444.636363636364,,62.0,291.04545454545456,,,2.0,False,23.312954000420337,,21.923183668036813,,reconstructed_shortest,PROGRESS
CASE_008,S4_SAFETY_RICH_NAVEEN12,5.0,2026-03-01 00:55:07,S4_SAFETY_RICH_NAVEEN12_L17,1.0,1,0,1,1,0,0,0.1537198466666667,0.117868221030303,0.5,268.3333333333333,6004.833333333333,,62.0,153.66666666666669,,,2.0,False,23.54016690667666,,21.948507960581782,,reconstructed_shortest,PROGRESS
CASE_009,S1_LOW_SOC_STRESS,-15.0,2026-06-22 16:16:31,S1_LOW_SOC_STRESS_L330,54.0,1,0,1,1,0,0,0.0,0.2042460530996322,0.3,216.0,,41585.0,49.0,,,,2.0,False,9.719274447153396,-5.101689828778425,1.3408907262423733,1.0835662042150709,recorded,PROGRESS
CASE_009,S1_LOW_SOC_STRESS,-14.0,2026-06-22 16:16:32,S1_LOW_SOC_STRESS_L330,54.0,1,0,1,0,1,1,0.0,0.1759128183126449,0.4,216.0,,41585.0,49.0,,,,2.0,False,9.719274447153396,-4.512208463663025,1.3408907262423733,0.4938851853380299,recorded,PROGRESS
CASE_009,S1_LOW_SOC_STRESS,-13.0,2026-06-22 16:16:33,S1_LOW_SOC_STRESS_L330,54.0,1,0,1,1,0,0,0.0,0.1475795835256576,0.5,216.0,,41639.0,49.0,,,,2.0,False,9.719305045627411,-4.512239062137042,1.340921324716391,0.4938545868640123,recorded,PROGRESS
CASE_009,S1_LOW_SOC_STRESS,-12.0,2026-06-22 16:16:34,S1_LOW_SOC_STRESS_L330,54.0,1,0,1,0,1,1,0.0,0.1182678699493408,0.6,216.0,,41639.0,49.0,,,,2.0,False,9.719305045627411,-8.347783189187222,1.340921324716391,0.0168977548594273,recorded,STALLED
CASE_009,S1_LOW_SOC_STRESS,-11.0,2026-06-22 16:16:35,S1_LOW_SOC_STRESS_L331,54.0,1,0,1,1,0,0,0.0,0.0889561563730239,0.7,215.0,,41587.0,49.0,,,,1.0,False,9.70670060060964,,1.7332268747330777,,recorded,PROGRESS
CASE_009,S1_LOW_SOC_STRESS,-10.0,2026-06-22 16:16:36,S1_LOW_SOC_STRESS_L331,54.0,1,0,1,0,1,1,0.0,0.0596444427967071,0.8,215.0,,41587.0,49.0,,,,1.0,False,9.70670060060964,,1.7332268747330777,,recorded,PROGRESS
CASE_009,S1_LOW_SOC_STRESS,-9.0,2026-06-22 16:16:37,S1_LOW_SOC_STRESS_L331,54.0,1,0,1,1,0,0,0.0,0.0298222213983535,0.9,214.0,,41587.0,49.0,,,,1.0,False,9.718480580470237,,1.7454395072959206,,recorded,PROGRESS
CASE_009,S1_LOW_SOC_STRESS,-8.0,2026-06-22 16:16:38,S1_LOW_SOC_STRESS_L331,54.0,1,0,1,0,1,1,0.0,0.0,1.0,214.0,,41587.0,49.0,,,,1.0,False,9.718480580470237,,1.7454395072959206,,recorded,PROGRESS
CASE_009,S1_LOW_SOC_STRESS,-7.0,2026-06-22 16:16:39,S1_LOW_SOC_STRESS_L331,54.0,1,0,1,1,0,0,0.0,0.0,1.0,214.0,,41585.0,49.0,,,,1.0,False,9.713457404952129,,1.7416723744223497,,recorded,PROGRESS
CASE_009,S1_LOW_SOC_STRESS,-6.0,2026-06-22 16:16:40,S1_LOW_SOC_STRESS_L331,54.0,1,0,1,0,1,1,0.0,0.0,1.0,214.0,,41585.0,49.0,,,,1.0,False,9.713457404952129,-0.0067568043424888,1.7416723744223497,-0.0084454996892719,recorded,STALLED
CASE_009,S1_LOW_SOC_STRESS,-5.0,2026-06-22 16:16:41,S1_LOW_SOC_STRESS_L331,54.0,1,0,1,1,0,0,0.0,0.0,1.0,215.0,,41587.0,49.0,,,,1.0,False,9.718793337226026,-0.0120927366163865,1.745674268535843,-0.0124473938027653,recorded,STALLED
CASE_009,S1_LOW_SOC_STRESS,-4.0,2026-06-22 16:16:42,S1_LOW_SOC_STRESS_L331,54.0,1,0,1,0,1,1,0.0,0.0,1.0,215.0,,41587.0,49.0,,,,1.0,False,9.718793337226026,-0.0003127567557914,1.745674268535843,-0.0002347612399224,recorded,STALLED
CASE_009,S1_LOW_SOC_STRESS,-3.0,2026-06-22 16:16:43,S1_LOW_SOC_STRESS_L331,54.0,1,0,1,1,0,0,0.0,0.0,1.0,216.0,,41641.0,49.0,,,,1.0,False,9.713594712633062,0.0048858678371725,1.7417752641130693,0.0036642431828513,recorded,STALLED
CASE_009,S1_LOW_SOC_STRESS,-2.0,2026-06-22 16:16:44,S1_LOW_SOC_STRESS_L331,54.0,1,0,1,0,1,1,0.0,0.0,1.0,216.0,,41641.0,49.0,,,,1.0,False,9.713594712633062,-0.0001373076809336,1.7417752641130693,-0.0001028896907195,recorded,STALLED
CASE_009,S1_LOW_SOC_STRESS,-1.0,2026-06-22 16:16:45,S1_LOW_SOC_STRESS_L331,54.0,1,0,1,1,0,0,0.0,0.0,1.0,215.0,,41620.0,49.0,,,,1.0,False,9.710831396403949,0.0026260085481819,1.7397055242417994,0.0019668501805503,recorded,STALLED
CASE_009,S1_LOW_SOC_STRESS,0.0,2026-06-22 16:16:46,S1_LOW_SOC_STRESS_L331,54.0,1,0,1,0,1,1,0.0,0.0,1.0,215.0,,41620.0,49.0,,,,1.0,False,9.710831396403949,0.0079619408220796,1.7397055242417994,0.0059687442940437,recorded,STALLED
CASE_009,S1_LOW_SOC_STRESS,1.0,2026-06-22 16:16:47,S1_LOW_SOC_STRESS_L331,54.0,1,0,1,1,0,0,0.0,0.0,1.0,216.0,,41589.0,49.0,,,,1.0,False,9.720097326972487,-0.0013039897464626,1.7469159610632532,-0.0012416925274101,recorded,STALLED
CASE_009,S1_LOW_SOC_STRESS,2.0,2026-06-22 16:16:48,S1_LOW_SOC_STRESS_L331,54.0,1,0,1,0,1,1,0.0,0.0,1.0,216.0,,41589.0,49.0,,,,1.0,False,9.720097326972487,-0.0065026143394266,1.7469159610632532,-0.0051406969501839,recorded,STALLED
CASE_009,S1_LOW_SOC_STRESS,3.0,2026-06-22 16:16:49,S1_LOW_SOC_STRESS_L331,54.0,1,0,1,1,0,0,0.0,0.0,1.0,216.0,,41602.0,49.0,,,,1.0,False,9.71850113161238,-0.0049064189793188,1.7457177423169925,-0.0039424782039232,recorded,STALLED
CASE_009,S1_LOW_SOC_STRESS,4.0,2026-06-22 16:16:50,S1_LOW_SOC_STRESS_L331,54.0,1,0,1,1,0,0,0.0,0.0,1.0,214.0,,41587.0,49.0,,,,1.0,False,9.714061537692633,-0.0032301412886841,1.742388421126282,-0.0026828968844825,recorded,STALLED
CASE_009,S1_LOW_SOC_STRESS,5.0,2026-06-22 16:16:51,S1_LOW_SOC_STRESS_L331,54.0,1,0,1,0,1,1,0.0,0.0,1.0,214.0,,41587.0,49.0,,,,1.0,False,9.714061537692633,-0.0032301412886841,1.742388421126282,-0.0026828968844825,recorded,STALLED
CASE_010,S1_LOW_SOC_STRESS,-15.0,2026-06-22 15:14:09,S1_LOW_SOC_STRESS_L31,8.0,1,0,1,1,0,0,0.0,0.0,1.0,228.0,,43766.0,58.0,,,,6.0,False,21.95956395457219,3.235693666569496,19.934938418418803,0.5715964795684414,recorded,PROGRESS
CASE_010,S1_LOW_SOC_STRESS,-14.0,2026-06-22 15:14:10,S1_LOW_SOC_STRESS_L31,8.0,1,0,1,1,0,0,0.0,0.0,1.0,228.0,,43766.0,58.0,,,,6.0,False,21.88074600569926,3.315809846536851,19.897835153842696,0.6074006253301754,recorded,PROGRESS
CASE_010,S1_LOW_SOC_STRESS,-13.0,2026-06-22 15:14:11,S1_LOW_SOC_STRESS_L31,8.0,1,0,1,0,1,1,0.0,0.0,1.0,228.0,,43766.0,58.0,,,,6.0,False,21.88074600569926,3.3259791748946803,19.897835153842696,0.5975686294245683,recorded,PROGRESS
CASE_010,S1_LOW_SOC_STRESS,-12.0,2026-06-22 15:14:12,S1_LOW_SOC_STRESS_L31,8.0,1,0,1,1,0,0,0.0,0.0,1.0,229.0,,43766.0,58.0,,,,6.0,False,21.90569023089827,3.301034949695673,19.811118998479905,0.6842847847873621,recorded,PROGRESS
CASE_010,S1_LOW_SOC_STRESS,-11.0,2026-06-22 15:14:13,S1_LOW_SOC_STRESS_L31,8.0,1,0,1,1,0,0,0.0,0.0,1.0,227.0,,43766.0,58.0,,,,6.0,False,21.95897367150103,0.0135624364014574,19.813134928859373,0.1364877172426126,recorded,STALLED
CASE_010,S1_LOW_SOC_STRESS,-10.0,2026-06-22 15:14:14,S1_LOW_SOC_STRESS_L31,8.0,1,0,1,0,1,1,0.0,0.0,1.0,227.0,,43766.0,58.0,,,,6.0,False,21.95897367150103,0.0005902830711583,19.813134928859373,0.1218034895594293,recorded,STALLED
CASE_010,S1_LOW_SOC_STRESS,-9.0,2026-06-22 15:14:15,S1_LOW_SOC_STRESS_L31,8.0,1,0,1,1,0,0,0.0,0.0,1.0,227.0,,43766.0,58.0,,,,6.0,False,21.95897367150103,-0.0782276658017693,19.813134928859373,0.0847002249833224,recorded,STALLED
CASE_010,S1_LOW_SOC_STRESS,-8.0,2026-06-22 15:14:16,S1_LOW_SOC_STRESS_L31,8.0,1,0,1,1,0,0,0.0,0.0,1.0,227.0,,43766.0,58.0,,,,6.0,False,21.95897367150103,-0.0782276658017693,19.813134928859373,0.0847002249833224,recorded,STALLED
CASE_010,S1_LOW_SOC_STRESS,-7.0,2026-06-22 15:14:17,S1_LOW_SOC_STRESS_L31,8.0,1,0,1,0,1,1,0.0,0.0,1.0,227.0,,43766.0,58.0,,,,6.0,False,21.95897367150103,-0.0532834406027618,19.813134928859373,-0.0020159303794713,recorded,STALLED
CASE_010,S1_LOW_SOC_STRESS,-6.0,2026-06-22 15:14:18,S1_LOW_SOC_STRESS_L31,8.0,1,0,1,1,0,0,0.0,0.0,1.0,227.0,,43766.0,58.0,,,,6.0,False,21.961631950111403,-0.0026582786103723,19.815729857261985,-0.0025949284026118,recorded,STALLED
CASE_010,S1_LOW_SOC_STRESS,-5.0,2026-06-22 15:14:19,S1_LOW_SOC_STRESS_L31,8.0,1,0,1,0,1,1,0.0,0.0,1.0,227.0,,43766.0,58.0,,,,6.0,False,21.961631950111403,-0.0026582786103723,19.815729857261985,-0.0025949284026118,recorded,STALLED
CASE_010,S1_LOW_SOC_STRESS,-4.0,2026-06-22 15:14:20,S1_LOW_SOC_STRESS_L31,8.0,1,0,1,1,0,0,0.0,0.0,1.0,228.0,,43766.0,58.0,,,,6.0,False,21.957643557038615,0.0013301144624158,19.81183651321131,0.0012984156480619,recorded,STALLED
CASE_010,S1_LOW_SOC_STRESS,-3.0,2026-06-22 15:14:21,S1_LOW_SOC_STRESS_L31,8.0,1,0,1,0,1,1,0.0,0.0,1.0,228.0,,43766.0,58.0,,,,6.0,False,21.957643557038615,0.0013301144624158,19.81183651321131,0.0012984156480619,recorded,STALLED
CASE_010,S1_LOW_SOC_STRESS,-2.0,2026-06-22 15:14:22,S1_LOW_SOC_STRESS_L31,8.0,1,0,1,1,0,0,0.0,0.0,1.0,227.0,,43766.0,58.0,,,,6.0,False,21.960301835648984,-0.001328164147953,19.814431440985803,-0.0012965121264301,recorded,STALLED
CASE_010,S1_LOW_SOC_STRESS,-1.0,2026-06-22 15:14:23,S1_LOW_SOC_STRESS_L31,8.0,1,0,1,0,1,1,0.0,0.0,1.0,227.0,,43766.0,58.0,,,,6.0,False,21.960301835648984,0.0013301144624193,19.814431440985803,0.0012984162761817,recorded,STALLED
CASE_010,S1_LOW_SOC_STRESS,0.0,2026-06-22 15:14:24,S1_LOW_SOC_STRESS_L31,8.0,1,0,1,0,1,2,0.0,0.0,1.0,227.0,,43766.0,58.0,,,,6.0,False,21.960301835648984,0.0013301144624193,19.814431440985803,0.0012984162761817,recorded,STALLED
CASE_010,S1_LOW_SOC_STRESS,1.0,2026-06-22 15:14:25,S1_LOW_SOC_STRESS_L31,8.0,1,0,1,1,0,0,0.0,0.0,1.0,227.0,,43731.0,58.0,,,,6.0,False,21.960301835648984,-0.0026582786103688,19.814431440985803,-0.0025949277744921,recorded,STALLED
CASE_010,S1_LOW_SOC_STRESS,2.0,2026-06-22 15:14:26,S1_LOW_SOC_STRESS_L31,8.0,1,0,1,0,1,1,0.0,0.0,1.0,227.0,,43731.0,58.0,,,,6.0,False,21.960301835648984,-0.0026582786103688,19.814431440985803,-0.0025949277744921,recorded,STALLED
CASE_010,S1_LOW_SOC_STRESS,3.0,2026-06-22 15:14:27,S1_LOW_SOC_STRESS_L31,8.0,1,0,1,1,0,0,0.0,0.0,1.0,227.0,,43766.0,58.0,,,,6.0,False,21.957643557038615,0.0026582786103688,19.81183651321131,0.0025949277744921,recorded,STALLED
CASE_010,S1_LOW_SOC_STRESS,4.0,2026-06-22 15:14:28,S1_LOW_SOC_STRESS_L31,8.0,1,0,1,0,1,1,0.0,0.0,1.0,227.0,,43766.0,58.0,,,,6.0,False,21.957643557038615,0.0026582786103688,19.81183651321131,0.0025949277744921,recorded,STALLED
CASE_010,S1_LOW_SOC_STRESS,5.0,2026-06-22 15:14:29,S1_LOW_SOC_STRESS_L31,8.0,1,0,1,1,0,0,0.0,0.0,1.0,227.0,,43766.0,58.0,,,,6.0,False,21.960301835648984,0.0,19.814431440985803,0.0,recorded,STALLED
CASE_011,S3_MEDIUM_SOC_WHOLETESTING,-15.0,2026-03-01 00:34:49,S3_MEDIUM_SOC_WHOLETESTING_L49,1.0,0,0,1,1,0,0,0.0,0.0,1.0,221.0,5480.0,,43.0,0.0,,,4.0,True,0.0094498682001397,0.0,0.0094498682001397,0.0,reconstructed_shortest,INACTIVE
CASE_011,S3_MEDIUM_SOC_WHOLETESTING,-14.0,2026-03-01 00:34:50,S3_MEDIUM_SOC_WHOLETESTING_L49,1.0,0,0,1,1,0,0,0.0,0.0,1.0,221.0,5480.0,,43.0,0.0,,,4.0,True,0.0094498682001397,0.0,0.0094498682001397,0.0,reconstructed_shortest,INACTIVE
CASE_011,S3_MEDIUM_SOC_WHOLETESTING,-13.0,2026-03-01 00:34:51,S3_MEDIUM_SOC_WHOLETESTING_L49,1.0,0,0,1,1,0,0,0.0,0.0,1.0,221.0,5480.0,,43.0,0.0,,,4.0,True,0.0096415979888075,-0.0001917297886677,0.0096415979888075,-0.0001917297886677,reconstructed_shortest,INACTIVE
CASE_011,S3_MEDIUM_SOC_WHOLETESTING,-12.0,2026-03-01 00:34:52,S3_MEDIUM_SOC_WHOLETESTING_L49,1.0,0,0,1,1,0,0,0.0,0.0,1.0,221.0,5476.0,,43.0,0.0,,,4.0,True,0.0096661268872283,-0.0002162586870885,0.0096661268872283,-0.0002162586870885,reconstructed_shortest,INACTIVE
CASE_011,S3_MEDIUM_SOC_WHOLETESTING,-11.0,2026-03-01 00:34:53,S3_MEDIUM_SOC_WHOLETESTING_L50,1.0,0,0,1,1,0,0,0.0,0.0,1.0,226.1818181818182,5612.727272727273,,43.0,0.0,,,1.0,True,6.229492309465516,,4.826497382301788,,reconstructed_shortest,INACTIVE
CASE_011,S3_MEDIUM_SOC_WHOLETESTING,-10.0,2026-03-01 00:34:54,S3_MEDIUM_SOC_WHOLETESTING_L50,1.0,1,0,1,1,0,0,0.000319068,3.190679999999445e-05,1.0,256.75,6393.75,,42.0,0.375,,,1.0,False,6.230305468948519,,4.823704141786577,,reconstructed_shortest,PROGRESS
CASE_011,S3_MEDIUM_SOC_WHOLETESTING,-9.0,2026-03-01 00:34:55,S3_MEDIUM_SOC_WHOLETESTING_L50,1.0,1,0,1,1,0,0,0.000425424,7.444919999999445e-05,1.0,262.09090909090907,6530.272727272727,,42.0,0.5,,,1.0,False,6.2396115398832,,4.843023167702571,,reconstructed_shortest,PROGRESS
CASE_011,S3_MEDIUM_SOC_WHOLETESTING,-8.0,2026-03-01 00:34:56,S3_MEDIUM_SOC_WHOLETESTING_L50,1.0,1,0,1,1,0,0,0.000425424,0.0001169915999999,1.0,263.1818181818182,6557.818181818182,,42.0,0.5,,,1.0,False,6.250769334731418,,4.854374200698864,,reconstructed_shortest,PROGRESS
CASE_011,S3_MEDIUM_SOC_WHOLETESTING,-7.0,2026-03-01 00:34:57,S3_MEDIUM_SOC_WHOLETESTING_L50,1.0,1,0,1,1,0,0,0.000425424,0.0001595339999999,1.0,264.0833333333333,6584.833333333333,,43.0,0.5,,,1.0,False,6.2373278900310645,,4.841416971648359,,reconstructed_shortest,PROGRESS
CASE_011,S3_MEDIUM_SOC_WHOLETESTING,-6.0,2026-03-01 00:34:58,S3_MEDIUM_SOC_WHOLETESTING_L50,1.0,1,0,1,1,0,0,0.000425424,0.0002020763999999,1.0,264.72727272727275,6598.909090909091,,42.0,0.5,,,1.0,False,6.227705937536296,0.0017863719292199,4.831523352027425,-0.0050259697256365,reconstructed_shortest,STALLED
CASE_011,S3_MEDIUM_SOC_WHOLETESTING,-5.0,2026-03-01 00:34:59,S3_MEDIUM_SOC_WHOLETESTING_L50,1.0,1,0,1,1,0,0,0.000425424,0.0002446187999999,1.0,264.09090909090907,6584.636363636364,,42.0,0.5,,,1.0,False,6.220184668772213,0.0101208001763053,4.829341738703563,-0.0056375969169852,reconstructed_shortest,STALLED
CASE_011,S3_MEDIUM_SOC_WHOLETESTING,-4.0,2026-03-01 00:35:00,S3_MEDIUM_SOC_WHOLETESTING_L50,1.0,1,0,1,1,0,0,0.0004254239999999,0.0002871611999999,1.0,265.0,6611.7,,42.0,0.5,,,1.0,False,6.238073579907614,0.001537959975586,4.84171022944158,0.0013129382609902,reconstructed_shortest,STALLED
CASE_011,S3_MEDIUM_SOC_WHOLETESTING,-3.0,2026-03-01 00:35:01,S3_MEDIUM_SOC_WHOLETESTING_L50,1.0,1,0,1,1,0,0,0.000425424,0.0003297035999999,1.0,263.3333333333333,6574.333333333333,,42.0,0.3333333333333357,,,1.0,False,6.24803416944646,0.0027351652849576,4.849237908655867,0.0051362920429971,reconstructed_shortest,STALLED
CASE_011,S3_MEDIUM_SOC_WHOLETESTING,-2.0,2026-03-01 00:35:02,S3_MEDIUM_SOC_WHOLETESTING_L50,1.0,1,0,1,1,0,0,0.0005414489999999,0.0003838484999999,1.0,261.8181818181818,6529.454545454545,,42.0,0.5454545454545467,,,1.0,False,6.257084859925003,-0.0197569698939386,4.844689424579786,-0.0032724529314274,reconstructed_shortest,STALLED
CASE_011,S3_MEDIUM_SOC_WHOLETESTING,-1.0,2026-03-01 00:35:03,S3_MEDIUM_SOC_WHOLETESTING_L50,1.0,1,0,1,1,0,0,0.0005317799166666,0.0004370264916666,1.0,258.75,6445.166666666667,,42.0,0.625,,,1.0,False,6.234862680914265,-0.0071567433779691,4.828499588903763,0.0030237631236618,reconstructed_shortest,STALLED
CASE_011,S3_MEDIUM_SOC_WHOLETESTING,0.0,2026-03-01 00:35:04,S3_MEDIUM_SOC_WHOLETESTING_L50,1.0,1,0,1,1,0,0,0.0182158807272727,0.0022267077643939,1.0,258.27272727272725,6437.545454545455,,42.0,18.227272727272727,,,1.0,False,6.212246062047429,0.0079386067247844,4.822419835982272,0.0069219027212907,reconstructed_shortest,STALLED
CASE_011,S3_MEDIUM_SOC_WHOLETESTING,1.0,2026-03-01 00:35:05,S3_MEDIUM_SOC_WHOLETESTING_L50,1.0,1,0,1,1,0,0,0.2592765636363636,0.0281118217280303,0.9,277.45454545454544,6936.272727272727,,42.0,259.4090909090909,,,1.0,False,6.087432058850058,0.1506415210575564,4.780412269819551,0.0612979596220295,reconstructed_shortest,RECOVERING
CASE_011,S3_MEDIUM_SOC_WHOLETESTING,2.0,2026-03-01 00:35:06,S3_MEDIUM_SOC_WHOLETESTING_L50,1.0,1,0,1,1,0,0,0.2984349,0.0579127693280303,0.8,277.5,6931.5,,42.0,298.25,,,1.0,False,5.834943572011736,0.4130905974347243,4.708789216167172,0.1404486924886949,reconstructed_shortest,RECOVERING
CASE_011,S3_MEDIUM_SOC_WHOLETESTING,3.0,2026-03-01 00:35:07,S3_MEDIUM_SOC_WHOLETESTING_L50,1.0,1,0,1,1,0,0,0.2971393090909091,0.0875841578371212,0.7,281.3636363636364,7018.0,,42.0,296.72727272727275,,,1.0,False,5.550331532909009,0.7067533270159938,4.64194292407069,0.2027465005090958,reconstructed_shortest,RECOVERING
CASE_011,S3_MEDIUM_SOC_WHOLETESTING,4.0,2026-03-01 00:35:08,S3_MEDIUM_SOC_WHOLETESTING_L50,1.0,1,0,1,1,0,0,0.2975260909090909,0.1172942245280303,0.6,280.45454545454544,7010.909090909091,,42.0,297.1818181818182,,,1.0,False,5.269142835575012,0.9657198453392528,4.58441690924578,0.2440826796579829,reconstructed_shortest,RECOVERING
CASE_011,S3_MEDIUM_SOC_WHOLETESTING,5.0,2026-03-01 00:35:09,S3_MEDIUM_SOC_WHOLETESTING_L50,1.0,1,0,1,1,0,0,0.29843495,0.1470951771280303,0.5,278.5,6956.166666666667,,42.0,298.25,,,1.0,False,4.977041663324585,1.2352043987228436,4.545857029550293,0.2765628064319791,reconstructed_shortest,RECOVERING
CASE_012,S2_HIGH_SOC_CONTROL,-15.0,2026-06-18 11:26:37,S2_HIGH_SOC_CONTROL_L79,13.0,1,0,1,0,1,1,0.2977967858314514,0.2972011983394623,0.0,291.0,,48868.0,80.0,,,,2.0,False,9.0583051206843,-7.315264155235555,0.6799213997732764,1.0519062696906345,recorded,PROGRESS
CASE_012,S2_HIGH_SOC_CONTROL,-14.0,2026-06-18 11:26:38,S2_HIGH_SOC_CONTROL_L80,13.0,1,0,1,1,0,0,0.1008254811167717,0.2776742361485958,0.0,268.0,,48903.0,81.0,,,,1.0,False,8.531835284446144,,1.1292192213381205,,recorded,PROGRESS
CASE_012,S2_HIGH_SOC_CONTROL,-13.0,2026-06-18 11:26:39,S2_HIGH_SOC_CONTROL_L80,13.0,1,0,1,0,1,1,0.1008254811167717,0.2581472739577293,0.0,268.0,,48903.0,81.0,,,,1.0,False,8.531835284446144,,1.1292192213381205,,recorded,PROGRESS
CASE_012,S2_HIGH_SOC_CONTROL,-12.0,2026-06-18 11:26:40,S2_HIGH_SOC_CONTROL_L81,13.0,0,0,1,1,0,0,0.0,0.2284101381897926,0.1,239.0,,49043.0,81.0,,,,1.0,True,8.384787019036438,,1.1260597631232268,,recorded,INACTIVE
CASE_012,S2_HIGH_SOC_CONTROL,-11.0,2026-06-18 11:26:41,S2_HIGH_SOC_CONTROL_L81,13.0,0,0,1,0,1,1,0.0,0.1986730024218559,0.2,239.0,,49043.0,81.0,,,,1.0,True,8.384787019036438,,1.1260597631232268,,recorded,INACTIVE
CASE_012,S2_HIGH_SOC_CONTROL,-10.0,2026-06-18 11:26:42,S2_HIGH_SOC_CONTROL_L81,13.0,0,0,1,1,0,0,0.0,0.1691060349345207,0.3,240.0,,49043.0,81.0,,,,1.0,True,8.384787019036438,,1.1260597631232268,,recorded,INACTIVE
CASE_012,S2_HIGH_SOC_CONTROL,-9.0,2026-06-18 11:26:43,S2_HIGH_SOC_CONTROL_L81,13.0,0,0,1,0,1,1,0.0,0.1395390674471855,0.4,240.0,,49043.0,81.0,,,,1.0,True,8.384787019036438,,1.1260597631232268,,recorded,INACTIVE
CASE_012,S2_HIGH_SOC_CONTROL,-8.0,2026-06-18 11:26:44,S2_HIGH_SOC_CONTROL_L81,13.0,0,0,1,1,0,0,0.0,0.109631760418415,0.5,286.0,,48833.0,80.0,,,,1.0,True,8.384787019036438,,1.1260597631232268,,recorded,INACTIVE
CASE_012,S2_HIGH_SOC_CONTROL,-7.0,2026-06-18 11:26:45,S2_HIGH_SOC_CONTROL_L81,13.0,1,0,1,1,0,0,0.2952442467212677,0.1092488780617713,0.5,301.0,,48763.0,80.0,,,,1.0,False,8.533499468638228,-0.1487124496017902,1.1287067301274438,-0.002646967004217,recorded,PROGRESS
CASE_012,S2_HIGH_SOC_CONTROL,-6.0,2026-06-18 11:26:46,S2_HIGH_SOC_CONTROL_L81,13.0,1,0,1,0,1,1,0.2952442467212677,0.108993624150753,0.5,301.0,,48763.0,80.0,,,,1.0,False,8.533499468638228,-0.1487124496017902,1.1287067301274438,-0.002646967004217,recorded,PROGRESS
CASE_012,S2_HIGH_SOC_CONTROL,-5.0,2026-06-18 11:26:47,S2_HIGH_SOC_CONTROL_L81,13.0,1,0,1,0,1,2,0.2952442467212677,0.1087383702397346,0.5,301.0,,48763.0,80.0,,,,1.0,False,8.533499468638228,-0.1487124496017902,1.1287067301274438,-0.002646967004217,recorded,PROGRESS
CASE_012,S2_HIGH_SOC_CONTROL,-4.0,2026-06-18 11:26:48,S2_HIGH_SOC_CONTROL_L81,13.0,1,0,1,1,0,0,0.2990730702877044,0.1285631291568279,0.5,301.0,,48763.0,80.0,,,,1.0,False,9.12914226063446,-0.7443552415980239,1.3497041931871865,-0.2236444300639597,recorded,PROGRESS
CASE_012,S2_HIGH_SOC_CONTROL,-3.0,2026-06-18 11:26:49,S2_HIGH_SOC_CONTROL_L81,13.0,1,0,1,0,1,1,0.2990730702877044,0.1483878880739212,0.5,301.0,,48763.0,80.0,,,,1.0,False,9.12914226063446,-0.7443552415980239,1.3497041931871865,-0.2236444300639597,recorded,PROGRESS
CASE_012,S2_HIGH_SOC_CONTROL,-2.0,2026-06-18 11:26:50,S2_HIGH_SOC_CONTROL_L81,13.0,1,0,1,1,0,0,0.2977967858314514,0.1781675666570663,0.4,295.0,,48763.0,80.0,,,,1.0,False,9.725942008607298,-1.19244253996907,1.7534295315494968,-0.6247228014220529,recorded,PROGRESS
CASE_012,S2_HIGH_SOC_CONTROL,-1.0,2026-06-18 11:26:51,S2_HIGH_SOC_CONTROL_L81,13.0,1,0,1,0,1,1,0.2977967858314514,0.2079472452402115,0.3,295.0,,48763.0,80.0,,,,1.0,False,9.725942008607298,-1.19244253996907,1.7534295315494968,-0.6247228014220529,recorded,PROGRESS
CASE_012,S2_HIGH_SOC_CONTROL,0.0,2026-06-18 11:26:52,S2_HIGH_SOC_CONTROL_L81,13.0,1,0,1,1,0,0,0.2977967858314514,0.2377269238233566,0.2,295.0,,48763.0,80.0,,,,1.0,False,6.5815526734045156,1.951946795233712,2.1230748250125564,-0.9943680948851126,recorded,PROGRESS
CASE_012,S2_HIGH_SOC_CONTROL,1.0,2026-06-18 11:26:53,S2_HIGH_SOC_CONTROL_L81,13.0,1,0,1,0,1,1,0.2977967858314514,0.2675066024065017,0.1,295.0,,48763.0,80.0,,,,1.0,False,6.5815526734045156,2.547589587229946,2.1230748250125564,-0.7733706318253699,recorded,PROGRESS
CASE_012,S2_HIGH_SOC_CONTROL,2.0,2026-06-18 11:26:54,S2_HIGH_SOC_CONTROL_L81,13.0,1,0,1,1,0,0,0.2994984984397888,0.2974564522504807,0.0,299.0,,48763.0,80.0,,,,1.0,False,5.78047008240296,3.348672178231501,2.831973033045283,-1.4822688398580963,recorded,PROGRESS
CASE_012,S2_HIGH_SOC_CONTROL,3.0,2026-06-18 11:26:55,S2_HIGH_SOC_CONTROL_L81,13.0,1,0,1,0,1,1,0.2994984984397888,0.2978818774223327,0.0,299.0,,48763.0,80.0,,,,1.0,False,5.78047008240296,3.9454719262043376,2.831973033045283,-1.0785435014957865,recorded,PROGRESS
CASE_012,S2_HIGH_SOC_CONTROL,4.0,2026-06-18 11:26:56,S2_HIGH_SOC_CONTROL_L81,13.0,1,0,1,1,0,0,0.2986476421356201,0.298222216963768,0.0,303.0,,48833.0,80.0,,,,1.0,False,5.323557650458953,4.402384358148345,3.2585743951021073,-1.5051448635526106,recorded,PROGRESS
CASE_012,S2_HIGH_SOC_CONTROL,5.0,2026-06-18 11:26:57,S2_HIGH_SOC_CONTROL_L81,13.0,1,0,1,0,1,1,0.2986476421356201,0.2985625565052032,0.0,303.0,,48833.0,80.0,,,,1.0,False,5.323557650458953,1.257995022945563,3.2585743951021073,-1.135499570089551,recorded,PROGRESS
CASE_013,S4_SAFETY_RICH_NAVEEN12,-15.0,2026-03-01 01:13:58,S4_SAFETY_RICH_NAVEEN12_L32,1.0,1,0,1,1,0,0,0.0,0.0,1.0,224.5,5085.5,,60.0,0.0,,,4.0,False,16.361326537138964,-0.0025421514658461,13.682773121783246,-0.0025714516837123,reconstructed_shortest,STALLED
CASE_013,S4_SAFETY_RICH_NAVEEN12,-14.0,2026-03-01 01:13:59,S4_SAFETY_RICH_NAVEEN12_L32,1.0,1,0,1,1,0,0,0.0,0.0,1.0,224.5,5085.5,,60.0,0.0,,,4.0,False,16.36122061416122,-0.0022051238093858,13.682665977747666,-0.002230539759191,reconstructed_shortest,STALLED
CASE_013,S4_SAFETY_RICH_NAVEEN12,-13.0,2026-03-01 01:14:00,S4_SAFETY_RICH_NAVEEN12_L32,1.0,1,0,1,1,0,0,0.0,0.0,1.0,224.5,5085.5,,60.0,0.0,,,4.0,False,16.36005546140604,-0.0025421514658461,13.68148739459252,-0.0025714462874759,reconstructed_shortest,STALLED
CASE_013,S4_SAFETY_RICH_NAVEEN12,-12.0,2026-03-01 01:14:01,S4_SAFETY_RICH_NAVEEN12_L32,1.0,1,0,1,1,0,0,0.0,0.0,1.0,224.0909090909091,5076.545454545455,,60.0,0.0,,,4.0,False,16.36005546140604,-0.001588844666152,13.68148739459252,-0.0016071551946232,reconstructed_shortest,STALLED
CASE_013,S4_SAFETY_RICH_NAVEEN12,-11.0,2026-03-01 01:14:02,S4_SAFETY_RICH_NAVEEN12_L33,1.0,1,0,1,1,0,0,0.0,0.0,1.0,224.0909090909091,5076.545454545455,,60.0,0.0,,,5.0,False,3.5899464050142287,,2.7104034954954592,,reconstructed_shortest,PROGRESS
CASE_013,S4_SAFETY_RICH_NAVEEN12,-10.0,2026-03-01 01:14:03,S4_SAFETY_RICH_NAVEEN12_L33,1.0,1,0,1,1,0,0,0.0,0.0,1.0,222.72727272727272,5044.636363636364,,60.0,0.0,,,5.0,False,3.589591932513782,,2.7101041145122973,,reconstructed_shortest,PROGRESS
CASE_013,S4_SAFETY_RICH_NAVEEN12,-9.0,2026-03-01 01:14:04,S4_SAFETY_RICH_NAVEEN12_L33,1.0,1,0,1,1,0,0,0.0,0.0,1.0,225.27272727272728,5095.0,,60.0,0.0,,,5.0,False,3.589355617528782,,2.709904534585592,,reconstructed_shortest,PROGRESS
CASE_013,S4_SAFETY_RICH_NAVEEN12,-8.0,2026-03-01 01:14:05,S4_SAFETY_RICH_NAVEEN12_L33,1.0,1,0,1,1,0,0,0.0,0.0,1.0,225.25,5101.916666666667,,60.0,0.0,,,5.0,False,3.591246137751205,,2.711501339589195,,reconstructed_shortest,PROGRESS
CASE_013,S4_SAFETY_RICH_NAVEEN12,-7.0,2026-03-01 01:14:06,S4_SAFETY_RICH_NAVEEN12_L33,1.0,1,0,1,1,0,0,0.0,0.0,1.0,224.9090909090909,5094.454545454545,,60.0,0.0,,,5.0,False,3.591246137751205,,2.711501339589195,,reconstructed_shortest,PROGRESS
CASE_013,S4_SAFETY_RICH_NAVEEN12,-6.0,2026-03-01 01:14:07,S4_SAFETY_RICH_NAVEEN12_L33,1.0,1,0,1,1,0,0,0.0,0.0,1.0,224.9090909090909,5094.454545454545,,60.0,0.0,,,5.0,False,3.591718767928967,-0.0017723629147381,2.711900599940194,-0.0014971044447347,reconstructed_shortest,STALLED
CASE_013,S4_SAFETY_RICH_NAVEEN12,-5.0,2026-03-01 01:14:08,S4_SAFETY_RICH_NAVEEN12_L33,1.0,1,0,1,1,0,0,0.0,0.0,1.0,224.9090909090909,5094.454545454545,,60.0,0.0,,,5.0,False,3.5886466726472603,0.0009452598665218,2.709305830317796,0.0007982841945013,reconstructed_shortest,STALLED
CASE_013,S4_SAFETY_RICH_NAVEEN12,-4.0,2026-03-01 01:14:09,S4_SAFETY_RICH_NAVEEN12_L33,1.0,1,0,1,1,0,0,0.0,0.0,1.0,224.0909090909091,5076.545454545455,,60.0,0.0,,,5.0,False,3.5886466726472603,0.0007089448815218,2.709305830317796,0.0005987042677961,reconstructed_shortest,STALLED
CASE_013,S4_SAFETY_RICH_NAVEEN12,-3.0,2026-03-01 01:14:10,S4_SAFETY_RICH_NAVEEN12_L33,1.0,1,0,1,1,0,0,0.0,0.0,1.0,225.25,5095.583333333333,,60.0,0.0,,,5.0,False,3.543446612128749,0.0477995256224561,2.6437231275739936,0.0677782120152015,reconstructed_shortest,PROGRESS
CASE_013,S4_SAFETY_RICH_NAVEEN12,-2.0,2026-03-01 01:14:11,S4_SAFETY_RICH_NAVEEN12_L33,1.0,1,0,1,1,0,0,0.0,0.0,1.0,223.83333333333337,5067.0,,60.0,0.0,,,5.0,False,3.58941945913718,0.0018266786140248,2.7064824575838284,0.0050188820053667,reconstructed_shortest,STALLED
CASE_013,S4_SAFETY_RICH_NAVEEN12,-1.0,2026-03-01 01:14:12,S4_SAFETY_RICH_NAVEEN12_L33,1.0,1,0,1,1,0,0,0.0,0.0,1.0,225.27272727272728,5098.272727272727,,60.0,0.0,,,5.0,False,3.5894111139561753,0.0023076539727915,2.706671846433386,0.0052287535068078,reconstructed_shortest,STALLED
CASE_013,S4_SAFETY_RICH_NAVEEN12,0.0,2026-03-01 01:14:13,S4_SAFETY_RICH_NAVEEN12_L33,1.0,1,0,1,1,0,0,0.0,0.0,1.0,224.5,5085.5,,60.0,0.0,,,5.0,False,3.589389187094292,-0.0007425144470314,2.7071770455973136,0.0021287847204822,reconstructed_shortest,STALLED
CASE_013,S4_SAFETY_RICH_NAVEEN12,1.0,2026-03-01 01:14:14,S4_SAFETY_RICH_NAVEEN12_L33,1.0,1,0,1,1,0,0,0.0,0.0,1.0,224.66666666666663,5085.5,,60.0,0.0,,,5.0,False,3.539273639725999,0.0493730329212613,2.6932612400032996,0.0160445903144963,reconstructed_shortest,PROGRESS
CASE_013,S4_SAFETY_RICH_NAVEEN12,2.0,2026-03-01 01:14:15,S4_SAFETY_RICH_NAVEEN12_L33,1.0,1,0,1,1,0,0,0.0,0.0,1.0,224.91666666666663,5085.5,,60.0,0.0,,,5.0,False,3.5147421113566413,0.0287045007721076,2.686980161731754,-0.0432570341577602,reconstructed_shortest,STALLED
CASE_013,S4_SAFETY_RICH_NAVEEN12,3.0,2026-03-01 01:14:16,S4_SAFETY_RICH_NAVEEN12_L33,1.0,1,0,1,1,0,0,0.0,0.0,1.0,224.5,5085.5,,60.0,0.0,,,5.0,False,3.514742111356642,0.074677347780538,2.686980161731754,0.0195022958520745,reconstructed_shortest,PROGRESS
CASE_013,S4_SAFETY_RICH_NAVEEN12,4.0,2026-03-01 01:14:17,S4_SAFETY_RICH_NAVEEN12_L33,1.0,1,0,1,1,0,0,0.0,0.0,1.0,225.83333333333337,5118.416666666667,,60.0,0.0,,,5.0,False,3.5147421113566413,0.074669002599534,2.686980161731754,0.0196916847016321,reconstructed_shortest,PROGRESS
CASE_013,S4_SAFETY_RICH_NAVEEN12,5.0,2026-03-01 01:14:18,S4_SAFETY_RICH_NAVEEN12_L33,1.0,1,0,1,1,0,0,0.0,0.0,1.0,226.63636363636363,5125.545454545455,,60.0,0.0,,,5.0,False,3.5147421113566413,0.0746470757376505,2.686980161731754,0.0201968838655597,reconstructed_shortest,PROGRESS
CASE_014,S3_MEDIUM_SOC_WHOLETESTING,-15.0,2026-03-01 00:19:55,S3_MEDIUM_SOC_WHOLETESTING_L23,1.0,0,0,1,1,0,0,0.0,0.0752482821333333,0.6,223.0,5407.5,,48.0,0.0,,,4.0,True,0.0123571019660749,-0.0013117912865046,0.0123571019660749,-0.0013117912865046,reconstructed_shortest,INACTIVE
CASE_014,S3_MEDIUM_SOC_WHOLETESTING,-14.0,2026-03-01 00:19:56,S3_MEDIUM_SOC_WHOLETESTING_L23,1.0,0,0,1,1,0,0,0.0,0.0454296071333333,0.7,222.41666666666663,5387.25,,48.0,0.0,,,4.0,True,0.0107320988989922,0.0016250030670827,0.0107320988989922,0.0016250030670827,reconstructed_shortest,INACTIVE
CASE_014,S3_MEDIUM_SOC_WHOLETESTING,-13.0,2026-03-01 00:19:57,S3_MEDIUM_SOC_WHOLETESTING_L23,1.0,0,0,1,1,0,0,0.0,0.0179897621333333,0.8,222.0909090909091,5383.454545454545,,48.0,0.0,,,4.0,True,0.0105986022191594,0.0017584997469155,0.0105986022191594,0.0017584997469155,reconstructed_shortest,INACTIVE
CASE_014,S3_MEDIUM_SOC_WHOLETESTING,-12.0,2026-03-01 00:19:58,S3_MEDIUM_SOC_WHOLETESTING_L23,1.0,0,0,1,1,0,0,0.0,0.0065798913333333,0.9,223.0909090909091,5408.363636363636,,48.0,0.0,,,4.0,True,0.0110453106795703,0.0013117912865046,0.0110453106795703,0.0013117912865046,reconstructed_shortest,INACTIVE
CASE_014,S3_MEDIUM_SOC_WHOLETESTING,-11.0,2026-03-01 00:19:59,S3_MEDIUM_SOC_WHOLETESTING_L24,1.0,0,0,1,1,0,0,0.0,0.0,1.0,222.0,5382.0,,48.0,0.0,,,5.0,True,19.319921530671856,,15.838988620425516,,reconstructed_shortest,INACTIVE
CASE_014,S3_MEDIUM_SOC_WHOLETESTING,-10.0,2026-03-01 00:20:00,S3_MEDIUM_SOC_WHOLETESTING_L24,1.0,0,0,1,1,0,0,7.734981818181818e-05,7.734981818165164e-06,1.0,242.0,5875.272727272727,,47.0,0.0909090909090899,,,5.0,True,19.32025960479523,,15.83945989271574,,reconstructed_shortest,INACTIVE
CASE_014,S3_MEDIUM_SOC_WHOLETESTING,-9.0,2026-03-01 00:20:01,S3_MEDIUM_SOC_WHOLETESTING_L24,1.0,1,0,1,1,0,0,0.0004254239999999,5.027738181816515e-05,1.0,268.2,6526.9,,47.0,0.5,,,5.0,False,19.316071129324115,,15.828256792519996,,reconstructed_shortest,PROGRESS
CASE_014,S3_MEDIUM_SOC_WHOLETESTING,-8.0,2026-03-01 00:20:02,S3_MEDIUM_SOC_WHOLETESTING_L24,1.0,1,0,1,1,0,0,0.000425424,9.281978181816516e-05,1.0,267.0,6485.583333333333,,47.0,0.5,,,5.0,False,19.33103725494758,,15.810079490214624,,reconstructed_shortest,PROGRESS
CASE_014,S3_MEDIUM_SOC_WHOLETESTING,-7.0,2026-03-01 00:20:03,S3_MEDIUM_SOC_WHOLETESTING_L24,1.0,1,0,1,1,0,0,0.0004254239999999,0.0001353621818181,1.0,267.0,6492.5,,47.0,0.5,,,5.0,False,19.323828703735735,,15.81606337672691,,reconstructed_shortest,PROGRESS
CASE_014,S3_MEDIUM_SOC_WHOLETESTING,-6.0,2026-03-01 00:20:04,S3_MEDIUM_SOC_WHOLETESTING_L24,1.0,1,0,1,1,0,0,0.000425424,0.0001779045818181,1.0,266.0,6468.0,,47.0,0.5,,,5.0,False,19.31410408059296,0.0058174500788972,15.823163927437292,0.0158246929882235,reconstructed_shortest,STALLED
CASE_014,S3_MEDIUM_SOC_WHOLETESTING,-5.0,2026-03-01 00:20:05,S3_MEDIUM_SOC_WHOLETESTING_L24,1.0,1,0,1,1,0,0,0.000425424,0.0002204469818181,1.0,265.6363636363636,6456.272727272727,,47.0,0.5,,,5.0,False,19.302072496196004,0.0181871085992249,15.827829470157646,0.0116304225580954,reconstructed_shortest,STALLED
CASE_014,S3_MEDIUM_SOC_WHOLETESTING,-4.0,2026-03-01 00:20:06,S3_MEDIUM_SOC_WHOLETESTING_L24,1.0,1,0,1,1,0,0,0.000425424,0.0002629893818181,1.0,264.1666666666667,6425.833333333333,,47.0,0.5,,,5.0,False,19.30107480041605,0.0149963289080687,15.825970945568464,0.0022858469515316,reconstructed_shortest,STALLED
CASE_014,S3_MEDIUM_SOC_WHOLETESTING,-3.0,2026-03-01 00:20:07,S3_MEDIUM_SOC_WHOLETESTING_L24,1.0,1,0,1,1,0,0,0.0005027732727272,0.0003132667090908,1.0,265.09090909090907,6452.454545454545,,47.0,0.5909090909090864,,,5.0,False,19.30819752136993,0.0228397335776513,15.824091912578115,-0.0140124223634927,reconstructed_shortest,STALLED
CASE_014,S3_MEDIUM_SOC_WHOLETESTING,-2.0,2026-03-01 00:20:08,S3_MEDIUM_SOC_WHOLETESTING_L24,1.0,1,0,1,1,0,0,0.000567231,0.0003699898090908,1.0,264.6666666666667,6434.833333333333,,47.0,0.5833333333333357,,,5.0,False,19.32560479677606,-0.0017760930403234,15.823018970312845,-0.006955593585932,reconstructed_shortest,STALLED
CASE_014,S3_MEDIUM_SOC_WHOLETESTING,-1.0,2026-03-01 00:20:09,S3_MEDIUM_SOC_WHOLETESTING_L24,1.0,1,0,1,1,0,0,0.0004254238181818,0.000412532190909,1.0,264.09090909090907,6430.090909090909,,47.0,0.3181818181818165,,,5.0,False,19.31536985038847,-0.0012657697955127,15.834349799983706,-0.0111858725464131,reconstructed_shortest,STALLED
CASE_014,S3_MEDIUM_SOC_WHOLETESTING,0.0,2026-03-01 00:20:10,S3_MEDIUM_SOC_WHOLETESTING_L24,1.0,1,0,1,1,0,0,0.0023752833333333,0.0006423255424242,1.0,263.0,6398.0,,47.0,2.458333333333334,,,5.0,False,19.310271722122778,-0.0081992259267735,15.837347369898795,-0.0095178997411515,reconstructed_shortest,STALLED
CASE_014,S3_MEDIUM_SOC_WHOLETESTING,1.0,2026-03-01 00:20:11,S3_MEDIUM_SOC_WHOLETESTING_L24,1.0,1,0,1,1,0,0,0.13613567,0.0142133501424242,0.9,269.5,6563.5,,46.0,136.25,,,5.0,False,19.268035516751787,0.0330392836642587,15.830402288148749,-0.0044313425802826,reconstructed_shortest,PROGRESS
CASE_014,S3_MEDIUM_SOC_WHOLETESTING,2.0,2026-03-01 00:20:12,S3_MEDIUM_SOC_WHOLETESTING_L24,1.0,1,0,1,1,0,0,0.2916990166666667,0.0433407094090908,0.8,280.3333333333333,6831.416666666667,,46.0,291.8333333333333,,,5.0,False,19.04739720743772,0.2608003139322079,15.827164662769569,-0.0030727501914515,reconstructed_shortest,RECOVERING
CASE_014,S3_MEDIUM_SOC_WHOLETESTING,3.0,2026-03-01 00:20:13,S3_MEDIUM_SOC_WHOLETESTING_L24,1.0,1,0,1,1,0,0,0.2972553454545454,0.0730237015545454,0.7,281.27272727272725,6855.0,,46.0,297.0454545454545,,,5.0,False,18.763123167837588,0.5624816289384711,15.822947488021342,7.148229150111263e-05,reconstructed_shortest,RECOVERING
CASE_014,S3_MEDIUM_SOC_WHOLETESTING,4.0,2026-03-01 00:20:14,S3_MEDIUM_SOC_WHOLETESTING_L24,1.0,1,0,1,1,0,0,0.2976034181818182,0.1027415009727272,0.6,281.1818181818182,6862.818181818182,,46.0,297.3636363636364,,,5.0,False,18.463401664273025,0.851968186115446,15.833599714512982,0.0007500854707238,reconstructed_shortest,RECOVERING
CASE_014,S3_MEDIUM_SOC_WHOLETESTING,5.0,2026-03-01 00:20:15,S3_MEDIUM_SOC_WHOLETESTING_L24,1.0,1,0,1,1,0,0,0.298860375,0.1325849960727272,0.5,283.0,6907.25,,46.0,298.75,,,5.0,False,18.19790732004508,1.1123644020776986,15.845737819305237,-0.0083904494064377,reconstructed_shortest,RECOVERING
CASE_015,S4_SAFETY_RICH_NAVEEN12,-15.0,2026-03-01 01:01:58,S4_SAFETY_RICH_NAVEEN12_L20,1.0,1,0,1,1,0,0,0.0,0.174237223060606,0.3,231.0,5187.0,,62.0,0.0,,,3.0,False,0.0105985736776234,0.3774214294185804,0.0105985736776234,0.3774214294185805,reconstructed_shortest,PROGRESS
CASE_015,S4_SAFETY_RICH_NAVEEN12,-14.0,2026-03-01 01:01:59,S4_SAFETY_RICH_NAVEEN12_L20,1.0,1,0,1,1,0,0,0.0,0.1446973276060605,0.4,232.0,5206.0,,62.0,0.0,,,3.0,False,0.0098522332550094,0.1457109668006921,0.0098522332550094,0.1457109668006921,reconstructed_shortest,PROGRESS
CASE_015,S4_SAFETY_RICH_NAVEEN12,-13.0,2026-03-01 01:02:00,S4_SAFETY_RICH_NAVEEN12_L20,1.0,1,0,1,1,0,0,0.0,0.1149717939696969,0.5,231.36363636363637,5193.272727272727,,62.0,0.0,,,3.0,False,0.0097887570201738,0.0557950350679716,0.0097887570201738,0.0557950350679716,reconstructed_shortest,PROGRESS
CASE_015,S4_SAFETY_RICH_NAVEEN12,-12.0,2026-03-01 01:02:01,S4_SAFETY_RICH_NAVEEN12_L20,1.0,1,0,1,1,0,0,0.0,0.0852949239696969,0.6,232.16666666666663,5213.5,,62.0,0.0,,,3.0,False,0.0097887570201738,-0.0009006013412982,0.0097887570201738,-0.0009006013412982,reconstructed_shortest,STALLED
CASE_015,S4_SAFETY_RICH_NAVEEN12,-11.0,2026-03-01 01:02:02,S4_SAFETY_RICH_NAVEEN12_L21,1.0,1,0,1,1,0,0,0.0,0.0555461876060605,0.7,251.75,5664.5,,61.0,0.0,,,2.0,False,6.728444372632859,,4.748347298765013,,reconstructed_shortest,PROGRESS
CASE_015,S4_SAFETY_RICH_NAVEEN12,-10.0,2026-03-01 01:02:03,S4_SAFETY_RICH_NAVEEN12_L21,1.0,1,0,1,1,0,0,0.0002977968,0.0259806389527272,0.8,273.4,6153.0,,61.0,0.3500000000000014,,,2.0,False,6.7176342192643705,,4.748147798549661,,reconstructed_shortest,PROGRESS
CASE_015,S4_SAFETY_RICH_NAVEEN12,-9.0,2026-03-01 01:02:04,S4_SAFETY_RICH_NAVEEN12_L21,1.0,1,0,1,1,0,0,0.000425424,0.0122781228981817,0.9,274.27272727272725,6170.727272727273,,61.0,0.5,,,2.0,False,6.713463375353603,,4.747038829028571,,reconstructed_shortest,PROGRESS
CASE_015,S4_SAFETY_RICH_NAVEEN12,-8.0,2026-03-01 01:02:05,S4_SAFETY_RICH_NAVEEN12_L21,1.0,1,0,1,1,0,0,0.000425424,0.0028221081163636,1.0,274.8181818181818,6180.545454545455,,61.0,0.5,,,2.0,False,6.714256250734681,,4.7464682211039175,,reconstructed_shortest,PROGRESS
CASE_015,S4_SAFETY_RICH_NAVEEN12,-7.0,2026-03-01 01:02:06,S4_SAFETY_RICH_NAVEEN12_L21,1.0,1,0,1,1,0,0,0.000425424,0.0001574068799999,1.0,274.6363636363636,6180.0,,61.0,0.5,,,2.0,False,6.71604960476828,,4.747335215000273,,reconstructed_shortest,PROGRESS
CASE_015,S4_SAFETY_RICH_NAVEEN12,-6.0,2026-03-01 01:02:07,S4_SAFETY_RICH_NAVEEN12_L21,1.0,1,0,1,1,0,0,0.000425424,0.0001999492799999,1.0,275.45454545454544,6207.818181818182,,61.0,0.5,,,2.0,False,6.717045926540687,0.0113984460921718,4.7479131820512555,0.0004341167137571,reconstructed_shortest,STALLED
CASE_015,S4_SAFETY_RICH_NAVEEN12,-5.0,2026-03-01 01:02:08,S4_SAFETY_RICH_NAVEEN12_L21,1.0,1,0,1,1,0,0,0.000425424,0.0002424916799999,1.0,276.90909090909093,6246.363636363636,,61.0,0.5,,,2.0,False,6.72228583913048,-0.0046516198661095,4.752320765351052,-0.0041729668013905,reconstructed_shortest,STALLED
CASE_015,S4_SAFETY_RICH_NAVEEN12,-4.0,2026-03-01 01:02:09,S4_SAFETY_RICH_NAVEEN12_L21,1.0,1,0,1,1,0,0,0.000425424,0.0002850340799999,1.0,274.27272727272725,6186.454545454545,,61.0,0.5,,,2.0,False,6.726388401154691,-0.0129250258010875,4.7548865182149616,-0.0078476891863905,reconstructed_shortest,STALLED
CASE_015,S4_SAFETY_RICH_NAVEEN12,-3.0,2026-03-01 01:02:10,S4_SAFETY_RICH_NAVEEN12_L21,1.0,1,0,1,1,0,0,0.000425424,0.0003275764799999,1.0,273.75,6165.5,,61.0,0.5,,,2.0,False,6.741037141335873,-0.0267808906011923,4.771203795219354,-0.0247355741154366,reconstructed_shortest,STALLED
CASE_015,S4_SAFETY_RICH_NAVEEN12,-2.0,2026-03-01 01:02:11,S4_SAFETY_RICH_NAVEEN12_L21,1.0,1,0,1,1,0,0,0.000425424,0.0003701188799999,1.0,271.09090909090907,6114.636363636364,,61.0,0.5,,,2.0,False,6.733001110359261,-0.0169515055909812,4.761259083029724,-0.0139238680294511,reconstructed_shortest,STALLED
CASE_015,S4_SAFETY_RICH_NAVEEN12,-1.0,2026-03-01 01:02:12,S4_SAFETY_RICH_NAVEEN12_L21,1.0,1,0,1,1,0,0,0.0003545189999999,0.0004055707799999,1.0,270.1666666666667,6090.666666666667,,61.0,0.4166666666666678,,,2.0,False,6.723347896864735,-0.0063019703240474,4.750304069197398,-0.0023908871461424,reconstructed_shortest,STALLED
CASE_015,S4_SAFETY_RICH_NAVEEN12,0.0,2026-03-01 01:02:13,S4_SAFETY_RICH_NAVEEN12_L21,1.0,1,0,1,1,0,0,0.0908473636363636,0.0094605274636363,0.9,278.09090909090907,6277.272727272727,,61.0,90.86363636363636,,,2.0,False,6.694696581266664,0.0275892578638163,4.733842291594297,0.0184784737567547,reconstructed_shortest,STALLED
CASE_015,S4_SAFETY_RICH_NAVEEN12,1.0,2026-03-01 01:02:14,S4_SAFETY_RICH_NAVEEN12_L21,1.0,1,0,1,1,0,0,0.2982996,0.0392479450636363,0.8,292.27272727272725,6603.636363636364,,61.0,298.3181818181818,,,2.0,False,6.485709837281282,0.2406785638734092,4.6107377994557925,0.144148718759169,reconstructed_shortest,RECOVERING
CASE_015,S4_SAFETY_RICH_NAVEEN12,2.0,2026-03-01 01:02:15,S4_SAFETY_RICH_NAVEEN12_L21,1.0,1,0,1,1,0,0,0.2986830583333333,0.0690737084969696,0.7,292.3333333333333,6611.916666666667,,61.0,298.54166666666663,,,2.0,False,6.259748563117249,0.4812885782186242,4.4860850567368615,0.2851187384824927,reconstructed_shortest,RECOVERING
CASE_015,S4_SAFETY_RICH_NAVEEN12,3.0,2026-03-01 01:02:16,S4_SAFETY_RICH_NAVEEN12_L21,1.0,1,0,1,1,0,0,0.2984929090909091,0.0988804570060605,0.6,290.45454545454544,6551.272727272727,,61.0,298.31818181818187,,,2.0,False,5.933906686585943,0.799094423773318,4.31886846748372,0.442390615546004,reconstructed_shortest,RECOVERING
CASE_015,S4_SAFETY_RICH_NAVEEN12,4.0,2026-03-01 01:02:17,S4_SAFETY_RICH_NAVEEN12_L21,1.0,1,0,1,1,0,0,0.2990730833333333,0.1287452229393939,0.5,291.6666666666667,6590.166666666667,,61.0,298.83333333333337,,,2.0,False,5.676121107385121,1.0472267894796137,4.196802041504436,0.5535020276929616,reconstructed_shortest,RECOVERING
CASE_015,S4_SAFETY_RICH_NAVEEN12,5.0,2026-03-01 01:02:18,S4_SAFETY_RICH_NAVEEN12_L21,1.0,1,0,1,1,0,0,0.2990730749999999,0.1586099880393939,0.4,290.5,6557.0,,61.0,298.875,,,2.0,False,5.379192702801902,1.315503878464762,4.074574815602269,0.6592674759920278,reconstructed_shortest,RECOVERING
CASE_016,S1_LOW_SOC_STRESS,-15.0,2026-06-22 15:50:13,S1_LOW_SOC_STRESS_L242,43.0,1,0,1,0,1,1,0.2986476421356201,0.2983072996139526,0.0,277.0,,42290.0,52.0,,,,6.0,False,19.2796136684741,0.7848425856806927,16.722204413559986,1.377591793274096,recorded,PROGRESS
CASE_016,S1_LOW_SOC_STRESS,-14.0,2026-06-22 15:50:14,S1_LOW_SOC_STRESS_L242,43.0,1,0,1,1,0,0,0.2965205311775207,0.2981796741485595,0.0,282.0,,42290.0,52.0,,,,6.0,False,19.74133701931619,-0.2881902225566968,16.262954561171775,1.3806078524039442,recorded,PROGRESS
CASE_016,S1_LOW_SOC_STRESS,-13.0,2026-06-22 15:50:15,S1_LOW_SOC_STRESS_L242,43.0,1,0,1,0,1,1,0.2965205311775207,0.2980520486831665,0.0,282.0,,42290.0,52.0,,,,6.0,False,19.74133701931619,-0.2881902225566968,16.262954561171775,1.3806078524039442,recorded,PROGRESS
CASE_016,S1_LOW_SOC_STRESS,-12.0,2026-06-22 15:50:16,S1_LOW_SOC_STRESS_L242,43.0,1,0,1,1,0,0,0.2982222139835357,0.298009505867958,0.0,283.0,,42290.0,52.0,,,,6.0,False,20.21147483544376,-1.2366115406553462,15.794123580690792,1.3864579852098815,recorded,PROGRESS
CASE_016,S1_LOW_SOC_STRESS,-11.0,2026-06-22 15:50:17,S1_LOW_SOC_STRESS_L242,43.0,1,0,1,1,0,0,0.0,0.268144741654396,0.1,233.0,,42500.0,53.0,,,,6.0,False,20.597032129963814,-1.3174184614897158,15.410236027723062,1.3119683858369235,recorded,PROGRESS
CASE_016,S1_LOW_SOC_STRESS,-10.0,2026-06-22 15:50:18,S1_LOW_SOC_STRESS_L242,43.0,1,0,1,0,1,1,0.0,0.238279977440834,0.2,233.0,,42500.0,53.0,,,,6.0,False,20.597032129963814,-1.3174184614897158,15.410236027723062,1.3119683858369235,recorded,PROGRESS
CASE_016,S1_LOW_SOC_STRESS,-9.0,2026-06-22 15:50:19,S1_LOW_SOC_STRESS_L242,43.0,1,0,1,1,0,0,0.0,0.2085002988576889,0.3,220.0,,42570.0,53.0,,,,6.0,False,20.616448733307685,-0.8751117139914939,15.39050672396174,0.8724478372100339,recorded,PROGRESS
CASE_016,S1_LOW_SOC_STRESS,-8.0,2026-06-22 15:50:20,S1_LOW_SOC_STRESS_L242,43.0,1,0,1,1,0,0,0.0,0.1787206202745437,0.4,219.0,,42570.0,53.0,,,,6.0,False,20.616448733307685,-0.8751117139914939,15.39050672396174,0.8724478372100339,recorded,PROGRESS
CASE_016,S1_LOW_SOC_STRESS,-7.0,2026-06-22 15:50:21,S1_LOW_SOC_STRESS_L242,43.0,1,0,1,0,1,1,0.0,0.1488558560609817,0.5,219.0,,42570.0,53.0,,,,6.0,False,20.616448733307685,-0.4049738978639254,15.39050672396174,0.4036168567290517,recorded,PROGRESS
CASE_016,S1_LOW_SOC_STRESS,-6.0,2026-06-22 15:50:22,S1_LOW_SOC_STRESS_L242,43.0,1,0,1,1,0,0,0.0,0.1189910918474197,0.6,219.0,,42570.0,53.0,,,,6.0,False,20.616448733307685,-0.0194166033438705,15.39050672396174,0.0197293037613217,recorded,STALLED
CASE_016,S1_LOW_SOC_STRESS,-5.0,2026-06-22 15:50:23,S1_LOW_SOC_STRESS_L242,43.0,1,0,1,0,1,1,0.0,0.0891263276338577,0.7,219.0,,42570.0,53.0,,,,6.0,False,20.616448733307685,-0.0194166033438705,15.39050672396174,0.0197293037613217,recorded,STALLED
CASE_016,S1_LOW_SOC_STRESS,-4.0,2026-06-22 15:50:24,S1_LOW_SOC_STRESS_L242,43.0,1,0,1,1,0,0,0.0,0.0594742745161056,0.8,219.0,,42570.0,53.0,,,,6.0,False,20.616448733307685,0.0,15.39050672396174,0.0,recorded,STALLED
CASE_016,S1_LOW_SOC_STRESS,-3.0,2026-06-22 15:50:25,S1_LOW_SOC_STRESS_L242,43.0,1,0,1,1,0,0,0.0,0.0298222213983535,0.9,219.0,,42570.0,53.0,,,,6.0,False,20.616448733307685,0.0,15.39050672396174,0.0,recorded,STALLED
CASE_016,S1_LOW_SOC_STRESS,-2.0,2026-06-22 15:50:26,S1_LOW_SOC_STRESS_L242,43.0,1,0,1,0,1,1,0.0,0.0,1.0,219.0,,42570.0,53.0,,,,6.0,False,20.616448733307685,0.0,15.39050672396174,0.0,recorded,STALLED
CASE_016,S1_LOW_SOC_STRESS,-1.0,2026-06-22 15:50:27,S1_LOW_SOC_STRESS_L242,43.0,1,0,1,1,0,0,0.0,0.0,1.0,219.0,,42570.0,53.0,,,,6.0,False,20.616448733307685,0.0,15.39050672396174,0.0,recorded,STALLED
CASE_016,S1_LOW_SOC_STRESS,0.0,2026-06-22 15:50:28,S1_LOW_SOC_STRESS_L242,43.0,1,0,1,1,0,0,0.0,0.0,1.0,219.0,,42570.0,53.0,,,,6.0,False,20.616448733307685,0.0,15.39050672396174,0.0,recorded,STALLED
CASE_016,S1_LOW_SOC_STRESS,1.0,2026-06-22 15:50:29,S1_LOW_SOC_STRESS_L242,43.0,1,0,1,0,1,1,0.0,0.0,1.0,219.0,,42570.0,53.0,,,,6.0,False,20.616448733307685,0.0,15.39050672396174,0.0,recorded,STALLED
CASE_016,S1_LOW_SOC_STRESS,2.0,2026-06-22 15:50:30,S1_LOW_SOC_STRESS_L242,43.0,1,0,1,1,0,0,0.0,0.0,1.0,219.0,,42570.0,53.0,,,,6.0,False,20.615149111137523,0.0012996221701619,15.3918032414002,-0.00129651743846,recorded,STALLED
CASE_016,S1_LOW_SOC_STRESS,3.0,2026-06-22 15:50:31,S1_LOW_SOC_STRESS_L242,43.0,1,0,1,1,0,0,0.0,0.0,1.0,219.0,,42570.0,53.0,,,,6.0,False,20.617748355834262,-0.0012996225265808,15.389210207086892,0.0012965168748486,recorded,STALLED
CASE_016,S1_LOW_SOC_STRESS,4.0,2026-06-22 15:50:32,S1_LOW_SOC_STRESS_L242,43.0,1,0,1,0,1,1,0.0,0.0,1.0,219.0,,42570.0,53.0,,,,6.0,False,20.617748355834262,-0.0012996225265808,15.389210207086892,0.0012965168748486,recorded,STALLED
CASE_016,S1_LOW_SOC_STRESS,5.0,2026-06-22 15:50:33,S1_LOW_SOC_STRESS_L242,43.0,1,0,1,1,0,0,0.0,0.0,1.0,219.0,,42570.0,53.0,,,,6.0,False,20.615149111137523,0.0012996221701619,15.3918032414002,-0.00129651743846,recorded,STALLED
CASE_017,S1_LOW_SOC_STRESS,-15.0,2026-06-22 17:08:07,S1_LOW_SOC_STRESS_L565,94.0,1,0,1,0,1,2,0.0,0.0,1.0,201.0,,36590.0,27.0,,,,4.0,False,2.4139716263180695,0.0025821451143936,1.8207116004425692,0.0010348310967192,recorded,STALLED
CASE_017,S1_LOW_SOC_STRESS,-14.0,2026-06-22 17:08:08,S1_LOW_SOC_STRESS_L566,,0,0,0,0,0,3,,,,,,,,,,,,,,,,,telemetry_unavailable,TELEMETRY_UNAVAILABLE
CASE_017,S1_LOW_SOC_STRESS,-13.0,2026-06-22 17:08:09,S1_LOW_SOC_STRESS_L567,95.0,1,0,1,1,0,0,0.0,,,201.0,,36590.0,27.0,,,,4.0,False,2.413006694368639,,1.8178088187598924,,recorded,PROGRESS
CASE_017,S1_LOW_SOC_STRESS,-12.0,2026-06-22 17:08:10,S1_LOW_SOC_STRESS_L567,95.0,1,0,1,0,1,1,0.0,,,201.0,,36590.0,27.0,,,,4.0,False,2.413006694368639,,1.8178088187598924,,recorded,PROGRESS
CASE_017,S1_LOW_SOC_STRESS,-11.0,2026-06-22 17:08:11,S1_LOW_SOC_STRESS_L567,95.0,1,0,1,0,1,2,0.0,0.0,1.0,201.0,,36590.0,27.0,,,,4.0,False,2.413006694368639,,1.8178088187598924,,recorded,PROGRESS
CASE_017,S1_LOW_SOC_STRESS,-10.0,2026-06-22 17:08:12,S1_LOW_SOC_STRESS_L567,95.0,1,0,1,1,0,0,0.0,0.0,1.0,200.0,,36520.0,27.0,,,,4.0,False,2.415417566487947,,1.820035879745738,,recorded,PROGRESS
CASE_017,S1_LOW_SOC_STRESS,-9.0,2026-06-22 17:08:13,S1_LOW_SOC_STRESS_L567,95.0,1,0,1,0,1,1,0.0,0.0,1.0,200.0,,36520.0,27.0,,,,4.0,False,2.415417566487947,,1.820035879745738,,recorded,PROGRESS
CASE_017,S1_LOW_SOC_STRESS,-8.0,2026-06-22 17:08:14,S1_LOW_SOC_STRESS_L567,95.0,1,0,1,0,1,2,0.0,0.0,1.0,200.0,,36520.0,27.0,,,,4.0,False,2.415417566487947,-0.0024108721193081,1.820035879745738,-0.0022270609858454,recorded,STALLED
CASE_017,S1_LOW_SOC_STRESS,-7.0,2026-06-22 17:08:15,S1_LOW_SOC_STRESS_L567,95.0,1,0,1,1,0,0,0.0,0.0,1.0,200.0,,36529.0,27.0,,,,4.0,False,2.41097292538842,0.0020337689802185,1.8232613510571356,-0.0054525322972431,recorded,STALLED
CASE_017,S1_LOW_SOC_STRESS,-6.0,2026-06-22 17:08:16,S1_LOW_SOC_STRESS_L567,95.0,1,0,1,0,1,1,0.0,0.0,1.0,200.0,,36529.0,27.0,,,,4.0,False,2.41097292538842,0.0020337689802185,1.8232613510571356,-0.0054525322972431,recorded,STALLED
CASE_017,S1_LOW_SOC_STRESS,-5.0,2026-06-22 17:08:17,S1_LOW_SOC_STRESS_L567,95.0,1,0,1,0,1,2,0.0,0.0,1.0,200.0,,36529.0,27.0,,,,4.0,False,2.41097292538842,0.0044446410995266,1.8232613510571356,-0.0032254713113977,recorded,STALLED
CASE_017,S1_LOW_SOC_STRESS,-4.0,2026-06-22 17:08:18,S1_LOW_SOC_STRESS_L567,95.0,1,0,1,1,0,0,0.0,0.0,1.0,200.0,,36520.0,27.0,,,,4.0,False,2.414295947578774,0.0011216189091727,1.8183261189514617,0.0017097607942764,recorded,STALLED
CASE_017,S1_LOW_SOC_STRESS,-3.0,2026-06-22 17:08:19,S1_LOW_SOC_STRESS_L567,95.0,1,0,1,0,1,1,0.0,0.0,1.0,200.0,,36520.0,27.0,,,,4.0,False,2.414295947578774,0.0011216189091727,1.8183261189514617,0.0017097607942764,recorded,STALLED
CASE_017,S1_LOW_SOC_STRESS,-2.0,2026-06-22 17:08:20,S1_LOW_SOC_STRESS_L567,95.0,1,0,1,1,0,0,0.0,0.0,1.0,200.0,,36520.0,27.0,,,,4.0,False,2.4096780489508887,0.0012948764375315,1.8227473067986295,0.0005140442585058,recorded,STALLED
CASE_017,S1_LOW_SOC_STRESS,-1.0,2026-06-22 17:08:21,S1_LOW_SOC_STRESS_L567,95.0,1,0,1,0,1,1,0.0,0.0,1.0,200.0,,36520.0,27.0,,,,4.0,False,2.4096780489508887,0.0012948764375315,1.8227473067986295,0.0005140442585058,recorded,STALLED
CASE_017,S1_LOW_SOC_STRESS,0.0,2026-06-22 17:08:22,S1_LOW_SOC_STRESS_L567,95.0,1,0,1,1,0,0,0.0,0.0,1.0,200.0,,36520.0,27.0,,,,4.0,False,2.4070904870730674,0.0038824383153528,1.821722320547642,0.0015390305094935,recorded,STALLED
CASE_017,S1_LOW_SOC_STRESS,1.0,2026-06-22 17:08:23,S1_LOW_SOC_STRESS_L567,95.0,1,0,1,0,1,1,0.0,0.0,1.0,200.0,,36520.0,27.0,,,,4.0,False,2.4070904870730674,0.0072054605057068,1.821722320547642,-0.0033962015961805,recorded,STALLED
CASE_017,S1_LOW_SOC_STRESS,2.0,2026-06-22 17:08:24,S1_LOW_SOC_STRESS_L567,95.0,1,0,1,1,0,0,0.0,0.0,1.0,200.0,,36520.0,27.0,,,,4.0,False,2.408385167722516,0.0059107798562583,1.8222347981299511,-0.0039086791784896,recorded,STALLED
CASE_017,S1_LOW_SOC_STRESS,3.0,2026-06-22 17:08:25,S1_LOW_SOC_STRESS_L567,95.0,1,0,1,0,1,1,0.0,0.0,1.0,200.0,,36520.0,27.0,,,,4.0,False,2.408385167722516,0.0012928812283727,1.8222347981299511,0.0005125086686785,recorded,STALLED
CASE_017,S1_LOW_SOC_STRESS,4.0,2026-06-22 17:08:26,S1_LOW_SOC_STRESS_L567,95.0,1,0,1,1,0,0,0.0,0.0,1.0,200.0,,36520.0,27.0,,,,4.0,False,2.4045033311354964,0.0051747178153922,1.820700469316635,0.0020468374819946,recorded,STALLED
CASE_017,S1_LOW_SOC_STRESS,5.0,2026-06-22 17:08:27,S1_LOW_SOC_STRESS_L567,95.0,1,0,1,0,1,1,0.0,0.0,1.0,200.0,,36520.0,27.0,,,,4.0,False,2.4045033311354964,0.0025871559375709,1.820700469316635,0.0010218512310069,recorded,STALLED
CASE_018,S1_LOW_SOC_STRESS,-15.0,2026-06-22 16:28:47,S1_LOW_SOC_STRESS_L428,70.0,1,0,1,0,1,1,0.0,0.0,1.0,214.0,,41292.0,48.0,,,,2.0,False,4.25383933172073,-0.0167651286767629,3.9881428241910486,0.0168403875038727,recorded,STALLED
CASE_018,S1_LOW_SOC_STRESS,-14.0,2026-06-22 16:28:48,S1_LOW_SOC_STRESS_L428,70.0,1,0,1,0,1,2,0.0,0.0,1.0,214.0,,41292.0,48.0,,,,2.0,False,4.25383933172073,-0.0167651286767629,3.9881428241910486,0.0168403875038727,recorded,STALLED
CASE_018,S1_LOW_SOC_STRESS,-13.0,2026-06-22 16:28:49,S1_LOW_SOC_STRESS_L428,70.0,1,0,1,1,0,0,0.0,0.0,1.0,214.0,,41268.0,47.0,,,,2.0,False,4.248831599955818,0.0052751463034246,3.993259201765714,-0.0052248081760568,recorded,STALLED
CASE_018,S1_LOW_SOC_STRESS,-12.0,2026-06-22 16:28:50,S1_LOW_SOC_STRESS_L428,70.0,1,0,1,0,1,1,0.0,0.0,1.0,214.0,,41268.0,47.0,,,,2.0,False,4.248831599955818,0.0052751463034246,3.993259201765714,-0.0052248081760568,recorded,STALLED
CASE_018,S1_LOW_SOC_STRESS,-11.0,2026-06-22 16:28:51,S1_LOW_SOC_STRESS_L428,70.0,1,0,1,0,1,2,0.0,0.0,1.0,214.0,,41268.0,47.0,,,,2.0,False,4.248831599955818,0.0050077317649117,3.993259201765714,-0.0051163775746654,recorded,STALLED
CASE_018,S1_LOW_SOC_STRESS,-10.0,2026-06-22 16:28:52,S1_LOW_SOC_STRESS_L428,70.0,1,0,1,1,0,0,0.0,0.0,1.0,214.0,,41305.0,48.0,,,,2.0,False,4.235860467188096,0.0179788645326341,4.006256966942132,-0.0181141427510835,recorded,STALLED
CASE_018,S1_LOW_SOC_STRESS,-9.0,2026-06-22 16:28:53,S1_LOW_SOC_STRESS_L428,70.0,1,0,1,0,1,1,0.0,0.0,1.0,214.0,,41305.0,48.0,,,,2.0,False,4.235860467188096,0.0179788645326341,4.006256966942132,-0.0181141427510835,recorded,STALLED
CASE_018,S1_LOW_SOC_STRESS,-8.0,2026-06-22 16:28:54,S1_LOW_SOC_STRESS_L428,70.0,1,0,1,0,1,2,0.0,0.0,1.0,214.0,,41305.0,48.0,,,,2.0,False,4.235860467188096,0.0129711327677224,4.006256966942132,-0.0129977651764181,recorded,STALLED
CASE_018,S1_LOW_SOC_STRESS,-7.0,2026-06-22 16:28:55,S1_LOW_SOC_STRESS_L428,70.0,1,0,1,1,0,0,0.0,0.0,1.0,214.0,,41305.0,48.0,,,,2.0,False,4.24892093239805,-8.933244223197079e-05,3.993232766369074,2.6435396640156483e-05,recorded,STALLED
CASE_018,S1_LOW_SOC_STRESS,-6.0,2026-06-22 16:28:56,S1_LOW_SOC_STRESS_L428,70.0,1,0,1,0,1,1,0.0,0.0,1.0,214.0,,41305.0,48.0,,,,2.0,False,4.24892093239805,-8.933244223197079e-05,3.993232766369074,2.6435396640156483e-05,recorded,STALLED
CASE_018,S1_LOW_SOC_STRESS,-5.0,2026-06-22 16:28:57,S1_LOW_SOC_STRESS_L428,70.0,1,0,1,0,1,2,0.0,0.0,1.0,214.0,,41305.0,48.0,,,,2.0,False,4.24892093239805,-0.0130604652099544,3.993232766369074,0.0130242005730583,recorded,STALLED
CASE_018,S1_LOW_SOC_STRESS,-4.0,2026-06-22 16:28:58,S1_LOW_SOC_STRESS_L428,70.0,1,0,1,1,0,0,0.0,0.0,1.0,214.0,,41272.0,47.0,,,,2.0,False,4.244939233616982,-0.0090787664288862,3.9971589108486434,0.0090980560934887,recorded,STALLED
CASE_018,S1_LOW_SOC_STRESS,-3.0,2026-06-22 16:28:59,S1_LOW_SOC_STRESS_L428,70.0,1,0,1,0,1,1,0.0,0.0,1.0,214.0,,41272.0,47.0,,,,2.0,False,4.244939233616982,-0.0090787664288862,3.9971589108486434,0.0090980560934887,recorded,STALLED
CASE_018,S1_LOW_SOC_STRESS,-2.0,2026-06-22 16:29:00,S1_LOW_SOC_STRESS_L428,70.0,1,0,1,1,0,0,0.0,0.0,1.0,214.0,,41251.0,47.0,,,,2.0,False,4.235959878939527,0.0129610534585236,4.006230617312168,-0.0129978509430941,recorded,STALLED
CASE_018,S1_LOW_SOC_STRESS,-1.0,2026-06-22 16:29:01,S1_LOW_SOC_STRESS_L428,70.0,1,0,1,0,1,1,0.0,0.0,1.0,214.0,,41251.0,47.0,,,,2.0,False,4.235959878939527,0.0129610534585236,4.006230617312168,-0.0129978509430941,recorded,STALLED
CASE_018,S1_LOW_SOC_STRESS,0.0,2026-06-22 16:29:02,S1_LOW_SOC_STRESS_L428,70.0,1,0,1,1,0,0,0.0,0.0,1.0,214.0,,41278.0,48.0,,,,2.0,False,4.237158046187291,0.011762886210759,4.00495642684896,-0.0117236604798858,recorded,STALLED
CASE_018,S1_LOW_SOC_STRESS,1.0,2026-06-22 16:29:03,S1_LOW_SOC_STRESS_L428,70.0,1,0,1,0,1,1,0.0,0.0,1.0,214.0,,41278.0,48.0,,,,2.0,False,4.237158046187291,0.0077811874296909,4.00495642684896,-0.0077975160003163,recorded,STALLED
CASE_018,S1_LOW_SOC_STRESS,2.0,2026-06-22 16:29:04,S1_LOW_SOC_STRESS_L428,70.0,1,0,1,0,1,2,0.0,0.0,1.0,214.0,,41278.0,48.0,,,,2.0,False,4.237158046187291,0.0077811874296909,4.00495642684896,-0.0077975160003163,recorded,STALLED
CASE_018,S1_LOW_SOC_STRESS,3.0,2026-06-22 16:29:05,S1_LOW_SOC_STRESS_L428,70.0,1,0,1,1,0,0,0.0,0.0,1.0,214.0,,41268.0,47.0,,,,2.0,False,4.263036373046704,-0.0270764941071774,3.978989784612736,0.0272408326994324,recorded,STALLED
CASE_018,S1_LOW_SOC_STRESS,4.0,2026-06-22 16:29:06,S1_LOW_SOC_STRESS_L428,70.0,1,0,1,0,1,1,0.0,0.0,1.0,214.0,,41268.0,47.0,,,,2.0,False,4.263036373046704,-0.0270764941071774,3.978989784612736,0.0272408326994324,recorded,STALLED
CASE_018,S1_LOW_SOC_STRESS,5.0,2026-06-22 16:29:07,S1_LOW_SOC_STRESS_L428,70.0,1,0,1,1,0,0,0.0,0.0,1.0,214.0,,41301.0,47.0,,,,2.0,False,4.266932498528012,-0.029774452340721,3.975090109489454,0.029866317359505,recorded,STALLED
CASE_019,S4_SAFETY_RICH_NAVEEN12,-15.0,2026-03-01 00:56:43,S4_SAFETY_RICH_NAVEEN12_L17,1.0,1,0,1,1,0,0,0.2985058666666667,0.2987059809848484,0.0,293.6666666666667,6597.333333333333,,61.0,298.33333333333337,,,2.0,False,2.8720536191011967,1.4019806587309094,2.8690711081777738,1.4049514388028317,reconstructed_shortest,PROGRESS
CASE_019,S4_SAFETY_RICH_NAVEEN12,-14.0,2026-03-01 00:56:44,S4_SAFETY_RICH_NAVEEN12_L17,1.0,1,0,1,1,0,0,0.2989570727272727,0.298752395530303,0.0,295.72727272727275,6640.818181818182,,62.0,298.8636363636364,,,2.0,False,2.6021492155782533,1.4300002017257234,2.600216247972338,1.4287579924228564,reconstructed_shortest,PROGRESS
CASE_019,S4_SAFETY_RICH_NAVEEN12,-13.0,2026-03-01 00:56:45,S4_SAFETY_RICH_NAVEEN12_L17,1.0,1,0,1,1,0,0,0.2980288363636363,0.2987188758333333,0.0,291.3636363636364,6552.090909090909,,61.0,297.77272727272725,,,2.0,False,2.331772626137169,1.3936883858643303,2.329571578551134,1.3958475481739976,reconstructed_shortest,PROGRESS
CASE_019,S4_SAFETY_RICH_NAVEEN12,-12.0,2026-03-01 00:56:46,S4_SAFETY_RICH_NAVEEN12_L17,1.0,1,0,1,1,0,0,0.2994985,0.2988465049242425,0.0,288.09090909090907,6481.454545454545,,61.0,299.0,,,2.0,False,2.0429051959041584,1.41063175990472,2.039992242115434,1.40961950493767,reconstructed_shortest,PROGRESS
CASE_019,S4_SAFETY_RICH_NAVEEN12,-11.0,2026-03-01 00:56:47,S4_SAFETY_RICH_NAVEEN12_L17,1.0,1,0,1,1,0,0,0.2990343727272727,0.298819428560606,0.0,289.90909090909093,6514.0,,61.0,298.72727272727275,,,2.0,False,1.7424549908181155,1.426260097505564,1.7424549908181155,1.422233954220063,reconstructed_shortest,PROGRESS
CASE_019,S4_SAFETY_RICH_NAVEEN12,-10.0,2026-03-01 00:56:48,S4_SAFETY_RICH_NAVEEN12_L17,1.0,1,0,1,1,0,0,0.2990021666666667,0.2988548852272727,0.0,291.6666666666667,6559.166666666667,,61.0,298.83333333333337,,,2.0,False,1.4762258219883726,1.395827797112824,1.4762258219883726,1.3928452861894012,reconstructed_shortest,PROGRESS
CASE_019,S4_SAFETY_RICH_NAVEEN12,-9.0,2026-03-01 00:56:49,S4_SAFETY_RICH_NAVEEN12_L17,1.0,1,0,1,1,0,0,0.2989957363636363,0.298879058030303,0.0,291.8181818181818,6553.181818181818,,62.0,298.9090909090909,,,2.0,False,1.1784848693378371,1.4236643462404162,1.1784848693378371,1.4217313786345007,reconstructed_shortest,PROGRESS
CASE_019,S4_SAFETY_RICH_NAVEEN12,-8.0,2026-03-01 00:56:50,S4_SAFETY_RICH_NAVEEN12_L17,1.0,1,0,1,1,0,0,0.29937088,0.2989230176969696,0.0,290.7,6532.3,,62.0,299.0,,,2.0,False,0.904097246224436,1.4276753799127333,0.904097246224436,1.4254743323266983,reconstructed_shortest,PROGRESS
CASE_019,S4_SAFETY_RICH_NAVEEN12,-7.0,2026-03-01 00:56:51,S4_SAFETY_RICH_NAVEEN12_L17,1.0,1,0,1,1,0,0,0.2994276,0.2989468658787879,0.0,291.5,6551.166666666667,,61.0,299.0,,,2.0,False,0.598524378785026,1.4443808171191326,0.598524378785026,1.4414678633304083,reconstructed_shortest,PROGRESS
CASE_019,S4_SAFETY_RICH_NAVEEN12,-6.0,2026-03-01 00:56:52,S4_SAFETY_RICH_NAVEEN12_L17,1.0,1,0,1,1,0,0,0.2813986636363636,0.2972219695151515,0.0,289.6363636363636,6519.727272727273,,62.0,281.3636363636364,,,2.0,False,0.3425452714124326,1.399909719405683,0.3425452714124326,1.399909719405683,reconstructed_shortest,PROGRESS
CASE_019,S4_SAFETY_RICH_NAVEEN12,-5.0,2026-03-01 00:56:53,S4_SAFETY_RICH_NAVEEN12_L17,1.0,1,0,1,1,0,0,0.1018697054545454,0.2775583533939393,0.0,266.90909090909093,5982.454545454545,,62.0,102.27272727272728,,,2.0,False,0.1415973311183626,1.33462849087001,0.1415973311183626,1.33462849087001,reconstructed_shortest,PROGRESS
CASE_019,S4_SAFETY_RICH_NAVEEN12,-4.0,2026-03-01 00:56:54,S4_SAFETY_RICH_NAVEEN12_L17,1.0,1,0,1,1,0,0,0.0881401145454545,0.2564766575757575,0.0,264.72727272727275,5934.727272727273,,62.0,88.4090909090909,,,2.0,False,0.0415841916507685,1.1369006776870687,0.0415841916507685,1.1369006776870687,reconstructed_shortest,PROGRESS
CASE_019,S4_SAFETY_RICH_NAVEEN12,-3.0,2026-03-01 00:56:55,S4_SAFETY_RICH_NAVEEN12_L17,1.0,1,0,1,1,0,0,0.006768109090909,0.2273505848484848,0.1,236.0,5272.0,,63.0,6.772727272727273,,,2.0,False,0.0037610334883947,0.9003362127360411,0.0037610334883947,0.9003362127360411,reconstructed_shortest,PROGRESS
CASE_019,S4_SAFETY_RICH_NAVEEN12,-2.0,2026-03-01 00:56:56,S4_SAFETY_RICH_NAVEEN12_L17,1.0,1,0,1,1,0,0,0.0,0.1974007348484848,0.2,232.33333333333337,5190.5,,63.0,0.0,,,2.0,False,0.0040614539815735,0.5944629248034524,0.0040614539815735,0.5944629248034524,reconstructed_shortest,PROGRESS
CASE_019,S4_SAFETY_RICH_NAVEEN12,-1.0,2026-03-01 00:56:57,S4_SAFETY_RICH_NAVEEN12_L17,1.0,1,0,1,1,0,0,0.0,0.1674972975757575,0.3,232.0,5184.181818181818,,63.0,0.0,,,2.0,False,0.0028494441157153,0.3396958272967173,0.0028494441157153,0.3396958272967172,reconstructed_shortest,PROGRESS
CASE_019,S4_SAFETY_RICH_NAVEEN12,0.0,2026-03-01 00:56:58,S4_SAFETY_RICH_NAVEEN12_L17,1.0,1,0,1,1,0,0,0.0,0.1375970809090909,0.4,232.0,5184.0,,63.0,0.0,,,2.0,False,0.0015934243596998,0.1400039067586627,0.0015934243596998,0.1400039067586627,reconstructed_shortest,PROGRESS
CASE_019,S4_SAFETY_RICH_NAVEEN12,1.0,2026-03-01 00:56:59,S4_SAFETY_RICH_NAVEEN12_L17,1.0,1,0,1,1,0,0,0.0,0.1076975072727272,0.5,232.0,5184.166666666667,,63.0,0.0,,,2.0,False,0.0026847837901794,0.038899407860589,0.0026847837901794,0.038899407860589,reconstructed_shortest,PROGRESS
CASE_019,S4_SAFETY_RICH_NAVEEN12,2.0,2026-03-01 00:57:00,S4_SAFETY_RICH_NAVEEN12_L17,1.0,1,0,1,1,0,0,0.0,0.0777604192727272,0.6,232.16666666666663,5188.0,,63.0,0.0,,,2.0,False,0.0067589206567646,-0.0029978871683699,0.0067589206567646,-0.0029978871683699,reconstructed_shortest,STALLED
CASE_019,S4_SAFETY_RICH_NAVEEN12,3.0,2026-03-01 00:57:01,S4_SAFETY_RICH_NAVEEN12_L17,1.0,1,0,1,1,0,0,0.0,0.0478176592727272,0.7,232.9090909090909,5203.545454545455,,63.0,0.0,,,2.0,False,0.0084676480796031,-0.0044061940980295,0.0084676480796031,-0.0044061940980295,reconstructed_shortest,STALLED
CASE_019,S4_SAFETY_RICH_NAVEEN12,4.0,2026-03-01 00:57:02,S4_SAFETY_RICH_NAVEEN12_L17,1.0,1,0,1,1,0,0,0.0,0.0196777929090908,0.8,232.0,5184.0,,63.0,0.0,,,2.0,False,0.0054715407532867,-0.0026220966375714,0.0054715407532867,-0.0026220966375714,reconstructed_shortest,STALLED
CASE_019,S4_SAFETY_RICH_NAVEEN12,5.0,2026-03-01 00:57:03,S4_SAFETY_RICH_NAVEEN12_L17,1.0,1,0,1,1,0,0,0.0,0.0094908223636363,0.9,232.0,5184.0,,63.0,0.0,,,2.0,False,0.0069876991945168,-0.0053942748348169,0.0069876991945168,-0.0053942748348169,reconstructed_shortest,STALLED
CASE_020,S2_HIGH_SOC_CONTROL,-15.0,2026-06-18 11:18:49,S2_HIGH_SOC_CONTROL_L14,2.0,0,0,1,1,0,0,0.0,0.1683828145265578,0.1,247.0,,49134.0,82.0,,,,4.0,True,4.074569097271959,,0.0104536287714602,,recorded,INACTIVE
CASE_020,S2_HIGH_SOC_CONTROL,-14.0,2026-06-18 11:18:50,S2_HIGH_SOC_CONTROL_L14,2.0,0,0,1,0,1,1,0.0,0.1581726394593715,0.2,247.0,,49134.0,82.0,,,,4.0,True,4.074569097271959,,0.0104536287714602,,recorded,INACTIVE
CASE_020,S2_HIGH_SOC_CONTROL,-13.0,2026-06-18 11:18:51,S2_HIGH_SOC_CONTROL_L15,2.0,1,0,1,1,0,0,0.024249168112874,0.1503873812034725,0.3,298.0,,48938.0,81.0,,,,3.0,False,4.11019649357478,,0.7570757798566977,,recorded,PROGRESS
CASE_020,S2_HIGH_SOC_CONTROL,-12.0,2026-06-18 11:18:52,S2_HIGH_SOC_CONTROL_L15,2.0,1,0,1,0,1,1,0.024249168112874,0.1330726254731416,0.4,298.0,,48938.0,81.0,,,,3.0,False,4.11019649357478,,0.7570757798566977,,recorded,PROGRESS
CASE_020,S2_HIGH_SOC_CONTROL,-11.0,2026-06-18 11:18:53,S2_HIGH_SOC_CONTROL_L15,2.0,1,0,1,1,0,0,0.2969459295272827,0.1430275458842515,0.4,302.0,,48957.0,81.0,,,,3.0,False,4.683889088302497,,1.0087596086674162,,recorded,PROGRESS
CASE_020,S2_HIGH_SOC_CONTROL,-10.0,2026-06-18 11:18:54,S2_HIGH_SOC_CONTROL_L15,2.0,1,0,1,0,1,1,0.2969459295272827,0.1433253396302461,0.4,302.0,,48957.0,81.0,,,,3.0,False,4.683889088302497,,1.0087596086674162,,recorded,PROGRESS
CASE_020,S2_HIGH_SOC_CONTROL,-9.0,2026-06-18 11:18:55,S2_HIGH_SOC_CONTROL_L15,2.0,1,0,1,1,0,0,0.2990730702877044,0.1438358474522829,0.4,290.0,,49043.0,81.0,,,,3.0,False,2.858303359762995,,1.4698058289619638,,recorded,PROGRESS
CASE_020,S2_HIGH_SOC_CONTROL,-8.0,2026-06-18 11:18:56,S2_HIGH_SOC_CONTROL_L15,2.0,1,0,1,0,1,1,0.2990730702877044,0.1438783902674913,0.4,290.0,,49043.0,81.0,,,,3.0,False,2.858303359762995,1.2518931338117851,1.4698058289619638,-0.712730049105266,recorded,PROGRESS
CASE_020,S2_HIGH_SOC_CONTROL,-7.0,2026-06-18 11:18:57,S2_HIGH_SOC_CONTROL_L15,2.0,1,0,1,1,0,0,0.1101848259568214,0.1449844945222139,0.4,295.0,,48973.0,81.0,,,,3.0,False,2.6981200834622907,1.4120764101124896,1.7720617636303306,-1.014985983773633,recorded,PROGRESS
CASE_020,S2_HIGH_SOC_CONTROL,-6.0,2026-06-18 11:18:58,S2_HIGH_SOC_CONTROL_L15,2.0,1,0,1,0,1,1,0.1101848259568214,0.1460905987769365,0.4,295.0,,48973.0,81.0,,,,3.0,False,2.6981200834622907,1.985769004840206,1.7720617636303306,-0.7633021549629144,recorded,PROGRESS
CASE_020,S2_HIGH_SOC_CONTROL,-5.0,2026-06-18 11:18:59,S2_HIGH_SOC_CONTROL_L15,2.0,1,0,1,1,0,0,0.1357102543115615,0.1596616242080926,0.3,295.0,,48973.0,81.0,,,,3.0,False,2.407304000242699,2.2765850880597975,1.8143595630380416,-0.8055999543706254,recorded,PROGRESS
CASE_020,S2_HIGH_SOC_CONTROL,-4.0,2026-06-18 11:19:00,S2_HIGH_SOC_CONTROL_L15,2.0,1,0,1,1,0,0,0.1484729796648025,0.1745089221745729,0.2,286.0,,48973.0,81.0,,,,3.0,False,1.8984371094106665,0.9598662503523288,1.711495419453029,-0.2416895904910652,recorded,PROGRESS
CASE_020,S2_HIGH_SOC_CONTROL,-3.0,2026-06-18 11:19:01,S2_HIGH_SOC_CONTROL_L15,2.0,1,0,1,0,1,1,0.1484729796648025,0.1869313033297657,0.1,286.0,,48973.0,81.0,,,,3.0,False,1.8984371094106665,0.9598662503523288,1.711495419453029,-0.2416895904910652,recorded,PROGRESS
CASE_020,S2_HIGH_SOC_CONTROL,-2.0,2026-06-18 11:19:02,S2_HIGH_SOC_CONTROL_L15,2.0,1,0,1,0,1,2,0.1484729796648025,0.1993536844849586,0.0,286.0,,48973.0,81.0,,,,3.0,False,1.8984371094106665,0.7996829740516243,1.711495419453029,0.0605663441773016,recorded,PROGRESS
CASE_020,S2_HIGH_SOC_CONTROL,-1.0,2026-06-18 11:19:03,S2_HIGH_SOC_CONTROL_L15,2.0,1,0,1,1,0,0,0.0974220931529998,0.1794013008475303,0.0,299.0,,48957.0,81.0,,,,3.0,False,1.6684875970983142,1.0296324863639763,1.6245192926504135,0.1475424709799171,recorded,PROGRESS
CASE_020,S2_HIGH_SOC_CONTROL,0.0,2026-06-18 11:19:04,S2_HIGH_SOC_CONTROL_L15,2.0,1,0,1,1,0,0,0.278227299451828,0.1775294378399848,0.0,295.0,,48903.0,81.0,,,,3.0,False,1.7903498461243332,0.6169541541183658,1.2388303871613664,0.5755291758766752,recorded,PROGRESS
CASE_020,S2_HIGH_SOC_CONTROL,1.0,2026-06-18 11:19:05,S2_HIGH_SOC_CONTROL_L15,2.0,1,0,1,0,1,1,0.278227299451828,0.1754448607563972,0.0,295.0,,48903.0,81.0,,,,3.0,False,1.7903498461243332,0.1080872632863332,1.2388303871613664,0.4726650322916625,recorded,PROGRESS
CASE_020,S2_HIGH_SOC_CONTROL,2.0,2026-06-18 11:19:06,S2_HIGH_SOC_CONTROL_L15,2.0,1,0,1,1,0,0,0.2960951030254364,0.1751470640301703,0.0,290.0,,48973.0,81.0,,,,3.0,False,2.2469823690140043,-0.3485452596033378,0.7760990945455047,0.9353963249075242,recorded,PROGRESS
CASE_020,S2_HIGH_SOC_CONTROL,3.0,2026-06-18 11:19:07,S2_HIGH_SOC_CONTROL_L15,2.0,1,0,1,0,1,1,0.2960951030254364,0.1937380917370318,0.0,290.0,,48973.0,81.0,,,,3.0,False,2.2469823690140043,-0.3485452596033378,0.7760990945455047,0.9353963249075242,recorded,PROGRESS
CASE_020,S2_HIGH_SOC_CONTROL,4.0,2026-06-18 11:19:08,S2_HIGH_SOC_CONTROL_L15,2.0,1,0,1,1,0,0,0.2965205311775207,0.2123716622591018,0.0,270.0,,49060.0,81.0,,,,3.0,False,0.2114176455127992,1.457069951585515,0.1941352052480318,1.4303840874023817,recorded,PROGRESS
CASE_020,S2_HIGH_SOC_CONTROL,5.0,2026-06-18 11:19:09,S2_HIGH_SOC_CONTROL_L15,2.0,1,0,1,0,1,1,0.2965205311775207,0.2284526899456977,0.0,270.0,,49060.0,81.0,,,,3.0,False,0.2114176455127992,1.578932200611534,0.1941352052480318,1.0446951819133343,recorded,PROGRESS
CASE_021,S4_SAFETY_RICH_NAVEEN12,-15.0,2026-03-01 01:17:55,S4_SAFETY_RICH_NAVEEN12_L36,1.0,1,0,1,1,0,0,0.2989312666666666,0.2985403244696969,0.0,287.6666666666667,6582.833333333333,,58.0,298.83333333333337,,,1.0,False,0.4848585385305696,1.4190658528767146,0.4848585385305696,1.4124547169259534,reconstructed_shortest,PROGRESS
CASE_021,S4_SAFETY_RICH_NAVEEN12,-14.0,2026-03-01 01:17:56,S4_SAFETY_RICH_NAVEEN12_L36,1.0,1,0,1,1,0,0,0.2394750272727273,0.292761323030303,0.0,271.27272727272725,6192.818181818182,,58.0,239.45454545454544,,,1.0,False,0.2392138235596438,1.3790728450596954,0.2392138235596438,1.3790728450596954,reconstructed_shortest,PROGRESS
CASE_021,S4_SAFETY_RICH_NAVEEN12,-13.0,2026-03-01 01:17:57,S4_SAFETY_RICH_NAVEEN12_L36,1.0,1,0,1,1,0,0,0.100506425,0.2730284182575757,0.0,259.0,5907.5,,59.0,100.875,,,1.0,False,0.0951950775792123,1.240177792738754,0.0951950775792123,1.240177792738754,reconstructed_shortest,PROGRESS
CASE_021,S4_SAFETY_RICH_NAVEEN12,-12.0,2026-03-01 01:17:58,S4_SAFETY_RICH_NAVEEN12_L36,1.0,1,0,1,1,0,0,0.0330412599999999,0.2464996892575757,0.0,238.5,5423.666666666667,,59.0,33.16666666666667,,,1.0,False,0.0394267894485761,0.9995139305561994,0.0394267894485761,0.9995139305561994,reconstructed_shortest,PROGRESS
CASE_021,S4_SAFETY_RICH_NAVEEN12,-11.0,2026-03-01 01:17:59,S4_SAFETY_RICH_NAVEEN12_L37,1.0,1,0,1,1,0,0,0.0,0.2167006710757575,0.1,237.7,5411.1,,59.0,0.0,,,3.0,False,5.343140627268924,,4.128360076277262,,reconstructed_shortest,PROGRESS
CASE_021,S4_SAFETY_RICH_NAVEEN12,-10.0,2026-03-01 01:18:00,S4_SAFETY_RICH_NAVEEN12_L37,1.0,1,0,1,1,0,0,0.0,0.1868049683484848,0.2,229.91666666666663,5234.416666666667,,59.0,0.0,,,3.0,False,5.343118472528783,,4.128340261780286,,reconstructed_shortest,PROGRESS
CASE_021,S4_SAFETY_RICH_NAVEEN12,-9.0,2026-03-01 01:18:01,S4_SAFETY_RICH_NAVEEN12_L37,1.0,1,0,1,1,0,0,0.0,0.1569208674393939,0.3,224.5,5105.0,,59.0,0.0,,,3.0,False,5.335031992376571,,4.121109215648135,,reconstructed_shortest,PROGRESS
CASE_021,S4_SAFETY_RICH_NAVEEN12,-8.0,2026-03-01 01:18:02,S4_SAFETY_RICH_NAVEEN12_L37,1.0,1,0,1,1,0,0,0.0,0.1270100124393939,0.4,223.8181818181818,5094.363636363636,,59.0,0.0,,,3.0,False,5.339006717698564,,4.125772122464668,,reconstructed_shortest,PROGRESS
CASE_021,S4_SAFETY_RICH_NAVEEN12,-7.0,2026-03-01 01:18:03,S4_SAFETY_RICH_NAVEEN12_L37,1.0,1,0,1,1,0,0,0.0,0.0970988397121212,0.5,222.54545454545453,5061.0,,59.0,0.0,,,3.0,False,5.342401122351931,,4.128919780360886,,reconstructed_shortest,PROGRESS
CASE_021,S4_SAFETY_RICH_NAVEEN12,-6.0,2026-03-01 01:18:04,S4_SAFETY_RICH_NAVEEN12_L37,1.0,1,0,1,1,0,0,0.0,0.0671953978939393,0.6,224.16666666666663,5097.333333333333,,60.0,0.0,,,3.0,False,5.343347733976226,-0.0002071067073021,4.129766697152652,-0.0014066208753904,reconstructed_shortest,STALLED
CASE_021,S4_SAFETY_RICH_NAVEEN12,-5.0,2026-03-01 01:18:05,S4_SAFETY_RICH_NAVEEN12_L37,1.0,1,0,1,1,0,0,0.0,0.0373022712272727,0.7,224.25,5092.25,,60.0,0.0,,,3.0,False,5.343126186574791,-7.714046008189257e-06,4.1295684795508585,-0.0012282177705724,reconstructed_shortest,STALLED
CASE_021,S4_SAFETY_RICH_NAVEEN12,-4.0,2026-03-01 01:18:06,S4_SAFETY_RICH_NAVEEN12_L37,1.0,1,0,1,1,0,0,0.0,0.0133547684999999,0.8,224.33333333333337,5092.666666666667,,60.0,0.0,,,3.0,False,5.342239996969069,-0.0072080045924982,4.128775627682428,-0.0076664120342933,reconstructed_shortest,STALLED
CASE_021,S4_SAFETY_RICH_NAVEEN12,-3.0,2026-03-01 01:18:07,S4_SAFETY_RICH_NAVEEN12_L37,1.0,1,0,1,1,0,0,0.0,0.0033041259999999,0.9,225.33333333333337,5116.25,,60.0,0.0,,,3.0,False,5.340893070418583,-0.0018863527200192,4.126524965688657,-0.0007528432239887,reconstructed_shortest,STALLED
CASE_021,S4_SAFETY_RICH_NAVEEN12,-2.0,2026-03-01 01:18:08,S4_SAFETY_RICH_NAVEEN12_L37,1.0,1,0,1,1,0,0,0.0,0.0,1.0,224.0,5085.5,,60.0,0.0,,,3.0,False,5.3393781590044815,0.0030229633474494,4.126249241903406,0.0026705384574796,reconstructed_shortest,STALLED
CASE_021,S4_SAFETY_RICH_NAVEEN12,-1.0,2026-03-01 01:18:09,S4_SAFETY_RICH_NAVEEN12_L37,1.0,1,0,1,1,0,0,0.0,0.0,1.0,224.0,5085.5,,59.0,0.0,,,3.0,False,5.336276495384458,0.0070712385917683,4.123474802380149,0.0062918947725032,reconstructed_shortest,STALLED
CASE_021,S4_SAFETY_RICH_NAVEEN12,0.0,2026-03-01 01:18:10,S4_SAFETY_RICH_NAVEEN12_L37,1.0,1,0,1,1,0,0,0.0,0.0,1.0,223.63636363636363,5076.545454545455,,59.0,0.0,,,3.0,False,5.338574419711851,0.0045517668629395,4.124946401456061,0.0046220780947976,reconstructed_shortest,STALLED
CASE_021,S4_SAFETY_RICH_NAVEEN12,1.0,2026-03-01 01:18:11,S4_SAFETY_RICH_NAVEEN12_L37,1.0,1,0,1,1,0,0,0.0,0.0,1.0,223.0,5062.833333333333,,60.0,0.0,,,3.0,False,5.342186481902309,5.351506676021245e-05,4.129871747130278,-0.0010961194478502,reconstructed_shortest,STALLED
CASE_021,S4_SAFETY_RICH_NAVEEN12,2.0,2026-03-01 01:18:12,S4_SAFETY_RICH_NAVEEN12_L37,1.0,1,0,1,1,0,0,0.0,0.0,1.0,224.72727272727272,5102.909090909091,,60.0,0.0,,,3.0,False,5.342194055692936,-0.0013009852743524,4.1297486176786595,-0.0032236519900026,reconstructed_shortest,STALLED
CASE_021,S4_SAFETY_RICH_NAVEEN12,3.0,2026-03-01 01:18:13,S4_SAFETY_RICH_NAVEEN12_L37,1.0,1,0,1,1,0,0,0.0,0.0,1.0,224.36363636363637,5096.363636363636,,60.0,0.0,,,3.0,False,5.343799699306243,-0.0044215403017613,4.130295262357987,-0.0040460204545809,reconstructed_shortest,STALLED
CASE_021,S4_SAFETY_RICH_NAVEEN12,4.0,2026-03-01 01:18:14,S4_SAFETY_RICH_NAVEEN12_L37,1.0,1,0,1,1,0,0,0.0,0.0,1.0,224.36363636363637,5094.454545454545,,60.0,0.0,,,3.0,False,5.3442830754548165,-0.0080065800703588,4.1307277676684775,-0.0072529652883286,reconstructed_shortest,STALLED
CASE_021,S4_SAFETY_RICH_NAVEEN12,5.0,2026-03-01 01:18:15,S4_SAFETY_RICH_NAVEEN12_L37,1.0,1,0,1,1,0,0,0.0,0.0,1.0,224.66666666666663,5101.916666666667,,60.0,0.0,,,3.0,False,5.338040775559654,0.0005336441521972,4.125790162536279,-0.0008437610802181,reconstructed_shortest,STALLED
CASE_022,S1_LOW_SOC_STRESS,-15.0,2026-06-22 16:26:47,S1_LOW_SOC_STRESS_L426,70.0,1,0,1,0,1,1,0.1025271788239479,0.141004419989056,0.2222222222222222,272.0,,41092.0,47.0,,,,21.0,False,0.4135296320289218,0.6660233629546354,0.2806326927024629,0.6041323552948947,recorded,PROGRESS
CASE_022,S1_LOW_SOC_STRESS,-14.0,2026-06-22 16:26:48,S1_LOW_SOC_STRESS_L426,70.0,1,0,1,1,0,0,0.2131374329328537,0.1482177212834358,0.2,268.0,,41022.0,47.0,,,,21.0,False,9.227750701381911,-8.117698373715445,0.0753114245047487,0.5633479869865534,recorded,PROGRESS
CASE_022,S1_LOW_SOC_STRESS,-13.0,2026-06-22 16:26:49,S1_LOW_SOC_STRESS_L426,70.0,1,0,1,1,0,0,0.283332347869873,0.1765509560704231,0.1,272.0,,41088.0,46.0,,,,21.0,False,9.465179662537148,-8.238960336002227,0.3127403856599839,0.1357623076395339,recorded,PROGRESS
CASE_022,S1_LOW_SOC_STRESS,-12.0,2026-06-22 16:26:50,S1_LOW_SOC_STRESS_L426,70.0,1,0,1,0,1,1,0.283332347869873,0.2048841908574104,0.0,272.0,,41088.0,46.0,,,,21.0,False,9.465179662537148,-8.238960336002227,0.3127403856599839,0.1357623076395339,recorded,PROGRESS
CASE_022,S1_LOW_SOC_STRESS,-11.0,2026-06-22 16:26:51,S1_LOW_SOC_STRESS_L427,70.0,1,0,1,1,0,0,0.2960951030254364,0.204628936946392,0.0,275.0,,41022.0,46.0,,,,2.0,False,9.922402506442326,,8.383031414573601,,recorded,PROGRESS
CASE_022,S1_LOW_SOC_STRESS,-10.0,2026-06-22 16:26:52,S1_LOW_SOC_STRESS_L427,70.0,1,0,1,0,1,1,0.2960951030254364,0.2043736830353736,0.0,275.0,,41022.0,46.0,,,,2.0,False,9.922402506442326,,8.383031414573601,,recorded,PROGRESS
CASE_022,S1_LOW_SOC_STRESS,-9.0,2026-06-22 16:26:53,S1_LOW_SOC_STRESS_L427,70.0,1,0,1,1,0,0,0.2965205311775207,0.2209652185440063,0.0,268.0,,41090.0,47.0,,,,2.0,False,10.31542434211373,,7.989533828513361,,recorded,PROGRESS
CASE_022,S1_LOW_SOC_STRESS,-8.0,2026-06-22 16:26:54,S1_LOW_SOC_STRESS_L427,70.0,1,0,1,1,0,0,0.2969459295272827,0.2338555634021758,0.0,277.0,,41022.0,46.0,,,,2.0,False,10.778891613286492,,7.525957313053456,,recorded,PROGRESS
CASE_022,S1_LOW_SOC_STRESS,-7.0,2026-06-22 16:26:55,S1_LOW_SOC_STRESS_L427,70.0,1,0,1,0,1,1,0.2969459295272827,0.2467459082603454,0.0,277.0,,41022.0,46.0,,,,2.0,False,10.778891613286492,,7.525957313053456,,recorded,PROGRESS
CASE_022,S1_LOW_SOC_STRESS,-6.0,2026-06-22 16:26:56,S1_LOW_SOC_STRESS_L427,70.0,1,0,1,1,0,0,0.2982222139835357,0.2663154117763042,0.0,273.0,,41022.0,47.0,,,,2.0,False,6.933774121197167,2.9886283852451596,6.93305491250865,1.4499765020649509,recorded,PROGRESS
CASE_022,S1_LOW_SOC_STRESS,-5.0,2026-06-22 16:26:57,S1_LOW_SOC_STRESS_L427,70.0,1,0,1,0,1,1,0.2982222139835357,0.285884915292263,0.0,273.0,,41022.0,47.0,,,,2.0,False,6.933774121197167,2.9886283852451596,6.93305491250865,1.4499765020649509,recorded,PROGRESS
CASE_022,S1_LOW_SOC_STRESS,-4.0,2026-06-22 16:26:58,S1_LOW_SOC_STRESS_L427,70.0,1,0,1,1,0,0,0.2982222139835357,0.2943933933973311,0.0,274.0,,41022.0,47.0,,,,2.0,False,6.47592431204731,3.83950003006642,6.473283598564673,1.516250229948688,recorded,PROGRESS
CASE_022,S1_LOW_SOC_STRESS,-3.0,2026-06-22 16:26:59,S1_LOW_SOC_STRESS_L427,70.0,1,0,1,0,1,1,0.2982222139835357,0.2958823800086975,0.0,274.0,,41022.0,47.0,,,,2.0,False,6.47592431204731,4.302967301239182,6.473283598564673,1.0526737144887832,recorded,PROGRESS
CASE_022,S1_LOW_SOC_STRESS,-2.0,2026-06-22 16:27:00,S1_LOW_SOC_STRESS_L427,70.0,1,0,1,1,0,0,0.2982222139835357,0.2973713666200638,0.0,277.0,,41024.0,46.0,,,,2.0,False,6.007309818170681,4.771581795115811,6.004044819855666,1.5219124931977897,recorded,PROGRESS
CASE_022,S1_LOW_SOC_STRESS,-1.0,2026-06-22 16:27:01,S1_LOW_SOC_STRESS_L427,70.0,1,0,1,1,0,0,0.2986476421356201,0.2976266205310821,0.0,272.0,,41022.0,46.0,,,,2.0,False,5.552321385054627,1.3814527361425393,5.547892704639121,1.385162207869529,recorded,PROGRESS
CASE_022,S1_LOW_SOC_STRESS,0.0,2026-06-22 16:27:02,S1_LOW_SOC_STRESS_L427,70.0,1,0,1,0,1,1,0.2986476421356201,0.2978818744421005,0.0,272.0,,41022.0,46.0,,,,2.0,False,5.552321385054627,1.3814527361425393,5.547892704639121,1.385162207869529,recorded,PROGRESS
CASE_022,S1_LOW_SOC_STRESS,1.0,2026-06-22 16:27:03,S1_LOW_SOC_STRESS_L427,70.0,1,0,1,1,0,0,0.297371357679367,0.2979669570922851,0.0,253.0,,41092.0,47.0,,,,2.0,False,4.957937898601069,1.5179864134462404,4.954801972342856,1.518481626221817,recorded,PROGRESS
CASE_022,S1_LOW_SOC_STRESS,2.0,2026-06-22 16:27:04,S1_LOW_SOC_STRESS_L427,70.0,1,0,1,0,1,1,0.297371357679367,0.2980094999074935,0.0,253.0,,41092.0,47.0,,,,2.0,False,4.957937898601069,1.5179864134462404,4.954801972342856,1.518481626221817,recorded,PROGRESS
CASE_022,S1_LOW_SOC_STRESS,3.0,2026-06-22 16:27:05,S1_LOW_SOC_STRESS_L427,70.0,1,0,1,1,0,0,0.1203949898481369,0.2803544059395789,0.0,254.0,,41097.0,47.0,,,,2.0,False,4.934699266937948,1.0726105512327324,4.628885999811558,1.375158820044108,recorded,PROGRESS
CASE_022,S1_LOW_SOC_STRESS,4.0,2026-06-22 16:27:06,S1_LOW_SOC_STRESS_L427,70.0,1,0,1,0,1,1,0.1203949898481369,0.2625716835260391,0.0,254.0,,41097.0,47.0,,,,2.0,False,4.934699266937948,0.617622118116679,4.628885999811558,0.919006704827563,recorded,PROGRESS
CASE_022,S1_LOW_SOC_STRESS,5.0,2026-06-22 16:27:07,S1_LOW_SOC_STRESS_L427,70.0,1,0,1,1,0,0,0.0382881574332714,0.2365782778710126,0.0,252.0,,41092.0,47.0,,,,2.0,False,4.8633351590246106,0.6889862260300168,4.558592184408606,0.9893005202305156,reconstructed_shortest,PROGRESS
CASE_023,S1_LOW_SOC_STRESS,-15.0,2026-06-22 16:03:57,S1_LOW_SOC_STRESS_L283,47.0,1,0,1,0,1,1,0.297371357679367,0.1391136422753333,0.4,270.0,,41797.0,50.0,,,,4.0,False,19.215615392466137,0.9656603666396748,15.8792793373768,-0.0428000090833577,recorded,PROGRESS
CASE_023,S1_LOW_SOC_STRESS,-14.0,2026-06-22 16:03:58,S1_LOW_SOC_STRESS_L283,47.0,1,0,1,0,1,2,0.297371357679367,0.1589383997023105,0.4,270.0,,41797.0,50.0,,,,4.0,False,19.215615392466137,0.9656603666396748,15.8792793373768,-0.0428000090833577,recorded,PROGRESS
CASE_023,S1_LOW_SOC_STRESS,-13.0,2026-06-22 16:03:59,S1_LOW_SOC_STRESS_L283,47.0,1,0,1,1,0,0,0.0999746322631836,0.1590234845876693,0.4,269.0,,41727.0,50.0,,,,4.0,False,19.00472228482495,1.667056399764622,15.867341497174392,-0.0108445690966902,recorded,PROGRESS
CASE_023,S1_LOW_SOC_STRESS,-12.0,2026-06-22 16:04:00,S1_LOW_SOC_STRESS_L283,47.0,1,0,1,1,0,0,0.2446188032627105,0.1834853649139403,0.3,279.0,,41727.0,49.0,,,,4.0,False,18.441693721931472,2.2300849626581005,15.65690149759703,0.1995954304806719,recorded,PROGRESS
CASE_023,S1_LOW_SOC_STRESS,-11.0,2026-06-22 16:04:01,S1_LOW_SOC_STRESS_L283,47.0,1,0,1,0,1,1,0.2446188032627105,0.2079472452402114,0.2,279.0,,41727.0,49.0,,,,4.0,False,18.441693721931472,0.7739216705346657,15.65690149759703,0.2223778397797708,recorded,PROGRESS
CASE_023,S1_LOW_SOC_STRESS,-10.0,2026-06-22 16:04:02,S1_LOW_SOC_STRESS_L283,47.0,1,0,1,1,0,0,0.292691707611084,0.2372164160013198,0.1,280.0,,41727.0,49.0,,,,4.0,False,18.76427705298227,0.4513383394838683,15.019873249892198,0.8594060874846026,recorded,PROGRESS
CASE_023,S1_LOW_SOC_STRESS,-9.0,2026-06-22 16:04:03,S1_LOW_SOC_STRESS_L283,47.0,1,0,1,0,1,1,0.292691707611084,0.2664855867624282,0.0,280.0,,41727.0,49.0,,,,4.0,False,18.76427705298227,0.4513383394838683,15.019873249892198,0.8594060874846026,recorded,PROGRESS
CASE_023,S1_LOW_SOC_STRESS,-8.0,2026-06-22 16:04:04,S1_LOW_SOC_STRESS_L283,47.0,1,0,1,1,0,0,0.295669674873352,0.266145247220993,0.0,275.0,,41731.0,49.0,,,,4.0,False,19.121028661313503,-0.1163063764885556,14.665208577682424,1.2021329194919694,recorded,PROGRESS
CASE_023,S1_LOW_SOC_STRESS,-7.0,2026-06-22 16:04:05,S1_LOW_SOC_STRESS_L283,47.0,1,0,1,0,1,1,0.295669674873352,0.2658049076795578,0.0,275.0,,41731.0,49.0,,,,4.0,False,19.121028661313503,-0.6793349393820343,14.665208577682424,0.9916929199146072,recorded,PROGRESS
CASE_023,S1_LOW_SOC_STRESS,-6.0,2026-06-22 16:04:06,S1_LOW_SOC_STRESS_L283,47.0,1,0,1,1,0,0,0.2977967858314514,0.2658474504947662,0.0,283.0,,41727.0,49.0,,,,4.0,False,19.769455520295487,-1.3277617983640155,14.022263662542017,1.634637835055015,recorded,PROGRESS
CASE_023,S1_LOW_SOC_STRESS,-5.0,2026-06-22 16:04:07,S1_LOW_SOC_STRESS_L283,47.0,1,0,1,0,1,1,0.2977967858314514,0.2658899933099746,0.0,283.0,,41727.0,49.0,,,,4.0,False,19.769455520295487,-1.0051784673132182,14.022263662542017,0.9976095873501832,recorded,PROGRESS
CASE_023,S1_LOW_SOC_STRESS,-4.0,2026-06-22 16:04:08,S1_LOW_SOC_STRESS_L283,47.0,1,0,1,1,0,0,0.2990730702877044,0.2660601645708084,0.0,271.0,,41797.0,50.0,,,,4.0,False,20.193656877599423,-1.429379824617154,13.60258993204983,1.4172833178423687,recorded,PROGRESS
CASE_023,S1_LOW_SOC_STRESS,-3.0,2026-06-22 16:04:09,S1_LOW_SOC_STRESS_L283,47.0,1,0,1,1,0,0,0.2990730702877044,0.2859700083732605,0.0,283.0,,41692.0,49.0,,,,4.0,False,20.884167200004327,-1.7631385386908214,12.91889980164271,1.7463087760397134,recorded,PROGRESS
CASE_023,S1_LOW_SOC_STRESS,-2.0,2026-06-22 16:04:10,S1_LOW_SOC_STRESS_L283,47.0,1,0,1,0,1,1,0.2990730702877044,0.2914154350757598,0.0,283.0,,41692.0,49.0,,,,4.0,False,20.884167200004327,-1.7631385386908214,12.91889980164271,1.7463087760397134,recorded,PROGRESS
CASE_023,S1_LOW_SOC_STRESS,-1.0,2026-06-22 16:04:11,S1_LOW_SOC_STRESS_L283,47.0,1,0,1,1,0,0,0.2990730702877044,0.2968608617782592,0.0,274.0,,41727.0,50.0,,,,4.0,False,21.266879529270817,-1.4974240089753297,12.53968463271011,1.4825790298319053,recorded,PROGRESS
CASE_023,S1_LOW_SOC_STRESS,0.0,2026-06-22 16:04:12,S1_LOW_SOC_STRESS_L283,47.0,1,0,1,0,1,1,0.2990730702877044,0.2974989980459213,0.0,274.0,,41727.0,50.0,,,,4.0,False,21.266879529270817,-1.4974240089753297,12.53968463271011,1.4825790298319053,recorded,PROGRESS
CASE_023,S1_LOW_SOC_STRESS,1.0,2026-06-22 16:04:13,S1_LOW_SOC_STRESS_L283,47.0,1,0,1,1,0,0,0.2990730702877044,0.2981371343135833,0.0,270.0,,41748.0,49.0,,,,4.0,False,14.772947023369404,5.420709854230019,12.10708594335984,1.4955039886899897,recorded,PROGRESS
CASE_023,S1_LOW_SOC_STRESS,2.0,2026-06-22 16:04:14,S1_LOW_SOC_STRESS_L283,47.0,1,0,1,1,0,0,0.2994984984397888,0.298520016670227,0.0,274.0,,41727.0,49.0,,,,4.0,False,14.297322617661544,6.586844582342785,11.63687271592216,1.2820270857205482,recorded,PROGRESS
CASE_023,S1_LOW_SOC_STRESS,3.0,2026-06-22 16:04:15,S1_LOW_SOC_STRESS_L283,47.0,1,0,1,0,1,1,0.2994984984397888,0.2989028990268707,0.0,274.0,,41727.0,49.0,,,,4.0,False,14.297322617661544,6.586844582342785,11.63687271592216,1.2820270857205482,recorded,PROGRESS
CASE_023,S1_LOW_SOC_STRESS,4.0,2026-06-22 16:04:16,S1_LOW_SOC_STRESS_L283,47.0,1,0,1,1,0,0,0.2990730702877044,0.299030527472496,0.0,279.0,,41727.0,49.0,,,,4.0,False,13.8308762637432,7.436003265527615,11.176843255898817,1.3628413768112928,recorded,PROGRESS
CASE_023,S1_LOW_SOC_STRESS,5.0,2026-06-22 16:04:17,S1_LOW_SOC_STRESS_L283,47.0,1,0,1,0,1,1,0.2990730702877044,0.2991581559181213,0.0,279.0,,41727.0,49.0,,,,4.0,False,13.8308762637432,7.436003265527615,11.176843255898817,1.3628413768112928,recorded,PROGRESS
CASE_024,S1_LOW_SOC_STRESS,-15.0,2026-06-22 16:50:57,S1_LOW_SOC_STRESS_L520,86.0,1,0,1,0,1,1,0.2982222139835357,0.2986476421356201,0.0,272.0,,38771.0,36.0,,,,1.0,False,3.581488183215931,1.4604380012818656,3.5765820489646,1.305105094182781,recorded,PROGRESS
CASE_024,S1_LOW_SOC_STRESS,-14.0,2026-06-22 16:50:58,S1_LOW_SOC_STRESS_L520,86.0,1,0,1,1,0,0,0.2990730702877044,0.2986901849508285,0.0,261.0,,38718.0,36.0,,,,1.0,False,3.92186472533248,0.6621189220681973,3.0999841575254536,1.3346272439133355,recorded,PROGRESS
CASE_024,S1_LOW_SOC_STRESS,-13.0,2026-06-22 16:50:59,S1_LOW_SOC_STRESS_L520,86.0,1,0,1,0,1,1,0.2990730702877044,0.298732727766037,0.0,261.0,,38718.0,36.0,,,,1.0,False,3.92186472533248,0.6621189220681973,3.0999841575254536,1.3346272439133355,recorded,PROGRESS
CASE_024,S1_LOW_SOC_STRESS,-12.0,2026-06-22 16:51:00,S1_LOW_SOC_STRESS_L520,86.0,1,0,1,1,0,0,0.2990730702877044,0.2986901849508285,0.0,274.0,,38947.0,36.0,,,,1.0,False,4.361251231868498,-0.339379390605929,2.66067037188475,1.2998902373771122,recorded,PROGRESS
CASE_024,S1_LOW_SOC_STRESS,-11.0,2026-06-22 16:51:01,S1_LOW_SOC_STRESS_L520,86.0,1,0,1,1,0,0,0.0,0.2687403351068497,0.1,221.0,,38911.0,37.0,,,,1.0,False,4.712281505021906,-1.130793321805975,2.3096290558559445,1.2669529931086556,recorded,PROGRESS
CASE_024,S1_LOW_SOC_STRESS,-10.0,2026-06-22 16:51:02,S1_LOW_SOC_STRESS_L520,86.0,1,0,1,0,1,1,0.0,0.2388755708932876,0.2,221.0,,38911.0,37.0,,,,1.0,False,4.712281505021906,-1.130793321805975,2.3096290558559445,1.2669529931086556,recorded,PROGRESS
CASE_024,S1_LOW_SOC_STRESS,-9.0,2026-06-22 16:51:03,S1_LOW_SOC_STRESS_L520,86.0,1,0,1,1,0,0,0.0,0.2090958923101425,0.3,208.0,,39002.0,38.0,,,,1.0,False,4.709650949489939,-0.7877862241574594,2.3123016142247503,0.7876825433007033,recorded,PROGRESS
CASE_024,S1_LOW_SOC_STRESS,-8.0,2026-06-22 16:51:04,S1_LOW_SOC_STRESS_L520,86.0,1,0,1,0,1,1,0.0,0.1793162137269973,0.4,208.0,,39002.0,38.0,,,,1.0,False,4.709650949489939,-0.7877862241574594,2.3123016142247503,0.7876825433007033,recorded,PROGRESS
CASE_024,S1_LOW_SOC_STRESS,-7.0,2026-06-22 16:51:05,S1_LOW_SOC_STRESS_L520,86.0,1,0,1,1,0,0,0.0,0.1493663638830184,0.5,208.0,,38992.0,37.0,,,,1.0,False,4.713551248089519,-0.3523000162210215,2.3084027257699424,0.3522676461148077,recorded,PROGRESS
CASE_024,S1_LOW_SOC_STRESS,-6.0,2026-06-22 16:51:06,S1_LOW_SOC_STRESS_L520,86.0,1,0,1,1,0,0,0.0,0.1195441424846649,0.6,208.0,,38984.0,37.0,,,,1.0,False,4.713551248089519,-0.0012697430676134,2.3084027257699424,0.001226330086002,recorded,STALLED
CASE_024,S1_LOW_SOC_STRESS,-5.0,2026-06-22 16:51:07,S1_LOW_SOC_STRESS_L520,86.0,1,0,1,0,1,1,0.0,0.0897219210863113,0.7,208.0,,38984.0,37.0,,,,1.0,False,4.713551248089519,-0.0012697430676134,2.3084027257699424,0.001226330086002,recorded,STALLED
CASE_024,S1_LOW_SOC_STRESS,-4.0,2026-06-22 16:51:08,S1_LOW_SOC_STRESS_L520,86.0,1,0,1,1,0,0,0.0,0.0598146140575408,0.8,208.0,,39017.0,37.0,,,,1.0,False,4.708326670934594,0.0013242785553453,2.313676710138584,-0.0013750959138336,recorded,STALLED
CASE_024,S1_LOW_SOC_STRESS,-3.0,2026-06-22 16:51:09,S1_LOW_SOC_STRESS_L520,86.0,1,0,1,0,1,1,0.0,0.0299073070287704,0.9,208.0,,39017.0,37.0,,,,1.0,False,4.708326670934594,0.0013242785553453,2.313676710138584,-0.0013750959138336,recorded,STALLED
CASE_024,S1_LOW_SOC_STRESS,-2.0,2026-06-22 16:51:10,S1_LOW_SOC_STRESS_L520,86.0,1,0,1,1,0,0,0.0,0.0,1.0,208.0,,39019.0,38.0,,,,1.0,False,4.712225144391262,0.0013261036982576,2.3097798558555223,-0.0013771300855798,recorded,STALLED
CASE_024,S1_LOW_SOC_STRESS,-1.0,2026-06-22 16:51:11,S1_LOW_SOC_STRESS_L520,86.0,1,0,1,0,1,1,0.0,0.0,1.0,208.0,,39019.0,38.0,,,,1.0,False,4.712225144391262,0.0013261036982576,2.3097798558555223,-0.0013771300855798,recorded,STALLED
CASE_024,S1_LOW_SOC_STRESS,0.0,2026-06-22 16:51:12,S1_LOW_SOC_STRESS_L520,86.0,1,0,1,1,0,0,0.0,0.0,1.0,208.0,,38986.0,37.0,,,,1.0,False,4.710951684602928,0.0025995634865916,2.311001348609228,-0.0025986228392858,recorded,STALLED
CASE_024,S1_LOW_SOC_STRESS,1.0,2026-06-22 16:51:13,S1_LOW_SOC_STRESS_L520,86.0,1,0,1,0,1,1,0.0,0.0,1.0,208.0,,38986.0,37.0,,,,1.0,False,4.710951684602928,-0.0026250136683341,2.311001348609228,0.0026753615293557,recorded,STALLED
CASE_024,S1_LOW_SOC_STRESS,2.0,2026-06-22 16:51:14,S1_LOW_SOC_STRESS_L520,86.0,1,0,1,1,0,0,0.0,0.0,1.0,208.0,,39010.0,38.0,,,,1.0,False,4.712250512645314,-0.0039238417107201,2.3097029901552277,0.0039737199833562,recorded,STALLED
CASE_024,S1_LOW_SOC_STRESS,3.0,2026-06-22 16:51:15,S1_LOW_SOC_STRESS_L520,86.0,1,0,1,0,1,1,0.0,0.0,1.0,208.0,,39010.0,38.0,,,,1.0,False,4.712250512645314,-2.536825405208276e-05,2.3097029901552277,7.686570029452611e-05,recorded,STALLED
CASE_024,S1_LOW_SOC_STRESS,4.0,2026-06-22 16:51:16,S1_LOW_SOC_STRESS_L520,86.0,1,0,1,1,0,0,0.0,0.0,1.0,208.0,,38986.0,38.0,,,,1.0,False,4.708352121779358,0.0038730226119039,2.313599973905114,-0.0038201180495915,recorded,STALLED
CASE_024,S1_LOW_SOC_STRESS,5.0,2026-06-22 16:51:17,S1_LOW_SOC_STRESS_L520,86.0,1,0,1,0,1,1,0.0,0.0,1.0,208.0,,38986.0,38.0,,,,1.0,False,4.708352121779358,0.0025995628235699,2.313599973905114,-0.0025986252958856,recorded,STALLED
CASE_025,S4_SAFETY_RICH_NAVEEN12,-15.0,2026-03-01 00:44:28,S4_SAFETY_RICH_NAVEEN12_L11,1.0,1,0,1,1,0,0,0.0,0.0,1.0,230.5,5085.5,,65.0,0.0,,,32.0,False,7.268020675532672,-0.0048945584836115,7.2551963036712515,-0.0118195142775849,reconstructed_shortest,STALLED
CASE_025,S4_SAFETY_RICH_NAVEEN12,-14.0,2026-03-01 00:44:29,S4_SAFETY_RICH_NAVEEN12_L11,1.0,1,0,1,1,0,0,0.0,0.0,1.0,230.5,5085.5,,65.0,0.0,,,32.0,False,7.268020675532672,-0.0010481111269546,7.2551963036712515,-0.0107170425883644,reconstructed_shortest,STALLED
CASE_025,S4_SAFETY_RICH_NAVEEN12,-13.0,2026-03-01 00:44:30,S4_SAFETY_RICH_NAVEEN12_L11,1.0,1,0,1,1,0,0,0.0,0.0,1.0,228.41666666666663,5042.166666666667,,65.0,0.0,,,32.0,False,7.268020675532672,-0.0027083473966822,7.2551963036712515,-0.0106487852781889,reconstructed_shortest,STALLED
CASE_025,S4_SAFETY_RICH_NAVEEN12,-12.0,2026-03-01 00:44:31,S4_SAFETY_RICH_NAVEEN12_L11,1.0,1,0,1,1,0,0,0.0,0.0,1.0,238.0,5260.0,,65.0,0.0,,,32.0,False,7.3736606639065885,-0.0987634071516447,7.337908601303869,-0.0924591447843834,reconstructed_shortest,STALLED
CASE_025,S4_SAFETY_RICH_NAVEEN12,-11.0,2026-03-01 00:44:32,S4_SAFETY_RICH_NAVEEN12_L11,1.0,1,0,1,1,0,0,0.0,0.0,1.0,234.27272727272728,5168.363636363636,,65.0,0.0,,,32.0,False,7.442906177209454,-0.1733313808122334,7.393892556416706,-0.1416983892672449,reconstructed_shortest,STALLED
CASE_025,S4_SAFETY_RICH_NAVEEN12,-10.0,2026-03-01 00:44:33,S4_SAFETY_RICH_NAVEEN12_L11,1.0,1,0,1,1,0,0,0.0,0.0,1.0,235.0,5184.0,,65.0,0.0,,,32.0,False,7.442796452951534,-0.1747757774188612,7.394953401283946,-0.1397570976126942,reconstructed_shortest,STALLED
CASE_025,S4_SAFETY_RICH_NAVEEN12,-9.0,2026-03-01 00:44:34,S4_SAFETY_RICH_NAVEEN12_L11,1.0,1,0,1,1,0,0,0.0,0.0,1.0,235.0,5184.0,,65.0,0.0,,,32.0,False,7.44375522191194,-0.1757345463792674,7.3964882472692866,-0.1412919435980351,reconstructed_shortest,STALLED
CASE_025,S4_SAFETY_RICH_NAVEEN12,-8.0,2026-03-01 00:44:35,S4_SAFETY_RICH_NAVEEN12_L11,1.0,1,0,1,1,0,0,0.0,0.0,1.0,235.0,5184.0,,65.0,0.0,,,32.0,False,7.441624699089281,-0.1736040235566083,7.393949486393317,-0.1387531827220653,reconstructed_shortest,STALLED
CASE_025,S4_SAFETY_RICH_NAVEEN12,-7.0,2026-03-01 00:44:36,S4_SAFETY_RICH_NAVEEN12_L11,1.0,1,0,1,1,0,0,0.0,0.0,1.0,235.0,5184.0,,65.0,0.0,,,32.0,False,7.44167416940943,-0.0680135055028419,7.394008514651362,-0.0560999133474933,reconstructed_shortest,STALLED
CASE_025,S4_SAFETY_RICH_NAVEEN12,-6.0,2026-03-01 00:44:37,S4_SAFETY_RICH_NAVEEN12_L11,1.0,1,0,1,1,0,0,0.0,0.0,1.0,235.0,5184.0,,65.0,0.0,,,32.0,False,7.442169046491474,0.0007371307179804,7.394598797286841,-0.0007062408701354,reconstructed_shortest,STALLED
CASE_025,S4_SAFETY_RICH_NAVEEN12,-5.0,2026-03-01 00:44:38,S4_SAFETY_RICH_NAVEEN12_L11,1.0,1,0,1,1,0,0,0.0,0.0,1.0,235.0,5184.0,,65.0,0.0,,,32.0,False,7.441310444134548,0.0014860088169852,7.392112187325578,0.0028412139583675,reconstructed_shortest,STALLED
CASE_025,S4_SAFETY_RICH_NAVEEN12,-4.0,2026-03-01 00:44:39,S4_SAFETY_RICH_NAVEEN12_L11,1.0,1,0,1,1,0,0,0.0,0.0,1.0,235.0,5184.0,,65.0,0.0,,,32.0,False,7.442251153747952,0.0015040681639879,7.394041865800514,0.0024463814687729,reconstructed_shortest,STALLED
CASE_025,S4_SAFETY_RICH_NAVEEN12,-3.0,2026-03-01 00:44:40,S4_SAFETY_RICH_NAVEEN12_L11,1.0,1,0,1,1,0,0,0.0,0.0,1.0,235.0,5184.0,,65.0,0.0,,,32.0,False,7.443904439063429,-0.0022797399741483,7.396978682014998,-0.0030291956216812,reconstructed_shortest,STALLED
CASE_025,S4_SAFETY_RICH_NAVEEN12,-2.0,2026-03-01 00:44:41,S4_SAFETY_RICH_NAVEEN12_L11,1.0,1,0,1,1,0,0,0.0,0.0,1.0,235.0,5184.0,,65.0,0.0,,,32.0,False,7.443671605575162,-0.0019974361657313,7.394984923539282,-0.0009764088879204,reconstructed_shortest,STALLED
CASE_025,S4_SAFETY_RICH_NAVEEN12,-1.0,2026-03-01 00:44:42,S4_SAFETY_RICH_NAVEEN12_L11,1.0,1,0,1,1,0,0,0.0,0.0,1.0,235.0,5184.0,,65.0,0.0,,,32.0,False,7.442226096806249,-5.705031477543088e-05,7.393253574065849,0.0013452232209925,reconstructed_shortest,STALLED
CASE_025,S4_SAFETY_RICH_NAVEEN12,0.0,2026-03-01 00:44:43,S4_SAFETY_RICH_NAVEEN12_L11,1.0,1,0,1,1,0,0,0.0,0.0,1.0,235.0,5184.090909090909,,65.0,0.0,,,32.0,False,7.442686041665796,-0.0013755975312479,7.393804829395659,-0.0016926420700809,reconstructed_shortest,STALLED
CASE_025,S4_SAFETY_RICH_NAVEEN12,1.0,2026-03-01 00:44:44,S4_SAFETY_RICH_NAVEEN12_L11,1.0,1,0,1,1,0,0,0.0,0.0,1.0,235.0,5184.416666666667,,65.0,0.0,,,32.0,False,7.441323792102246,0.0009273616457061,7.392171155680959,0.0018707101195545,reconstructed_shortest,STALLED
CASE_025,S4_SAFETY_RICH_NAVEEN12,2.0,2026-03-01 00:44:45,S4_SAFETY_RICH_NAVEEN12_L11,1.0,1,0,1,1,0,0,0.0,0.0,1.0,235.0,5184.0,,65.0,0.0,,,32.0,False,7.444214380668551,-0.0003099416051215,7.395634179816782,0.0013445021982159,reconstructed_shortest,STALLED
CASE_025,S4_SAFETY_RICH_NAVEEN12,3.0,2026-03-01 00:44:46,S4_SAFETY_RICH_NAVEEN12_L11,1.0,1,0,1,1,0,0,0.0,0.0,1.0,235.0,5184.0,,65.0,0.0,,,32.0,False,7.443129557585949,0.0005420479892128,7.394336076035767,0.0006488475035153,reconstructed_shortest,STALLED
CASE_025,S4_SAFETY_RICH_NAVEEN12,4.0,2026-03-01 00:44:47,S4_SAFETY_RICH_NAVEEN12_L11,1.0,1,0,1,1,0,0,0.0,0.0,1.0,235.0,5184.0,,65.0,0.0,,,32.0,False,7.428090899814807,0.0141351969914422,7.388110096533383,0.0051434775324654,reconstructed_shortest,STALLED
CASE_025,S4_SAFETY_RICH_NAVEEN12,5.0,2026-03-01 00:44:48,S4_SAFETY_RICH_NAVEEN12_L11,1.0,1,0,1,1,0,0,0.0,0.0,1.0,235.0,5184.0,,65.0,0.0,,,32.0,False,7.443131615685981,-0.0004455740201851,7.395629507785308,-0.0018246783896485,reconstructed_shortest,STALLED
CASE_026,S3_MEDIUM_SOC_WHOLETESTING,-15.0,2026-03-01 00:38:44,S3_MEDIUM_SOC_WHOLETESTING_L59,1.0,0,0,1,1,0,0,0.0,0.178244212969697,0.1,219.0,5480.0,,42.0,0.0,,,3.0,True,0.0167916539090113,,0.0167916539090113,,reconstructed_shortest,INACTIVE
CASE_026,S3_MEDIUM_SOC_WHOLETESTING,-14.0,2026-03-01 00:38:45,S3_MEDIUM_SOC_WHOLETESTING_L59,1.0,0,0,1,1,0,0,0.0,0.1685729081363636,0.2,219.0,5480.0,,41.0,0.0,,,3.0,True,0.0167916539090113,,0.0167916539090113,,reconstructed_shortest,INACTIVE
CASE_026,S3_MEDIUM_SOC_WHOLETESTING,-13.0,2026-03-01 00:38:46,S3_MEDIUM_SOC_WHOLETESTING_L59,1.0,0,0,1,1,0,0,0.0,0.1493224731363636,0.3,219.0,5480.0,,42.0,0.0,,,3.0,True,0.0125664463904588,,0.0125664463904588,,reconstructed_shortest,INACTIVE
CASE_026,S3_MEDIUM_SOC_WHOLETESTING,-12.0,2026-03-01 00:38:47,S3_MEDIUM_SOC_WHOLETESTING_L59,1.0,0,0,1,1,0,0,0.0,0.1233184264696969,0.4,219.0,5480.0,,42.0,0.0,,,3.0,True,0.0129482655786724,,0.0129482655786724,,reconstructed_shortest,INACTIVE
CASE_026,S3_MEDIUM_SOC_WHOLETESTING,-11.0,2026-03-01 00:38:48,S3_MEDIUM_SOC_WHOLETESTING_L60,1.0,0,0,1,1,0,0,0.0,0.0937557124696969,0.5,223.75,5603.5,,41.0,0.0,,,1.0,True,5.382217037237792,,4.169191971706387,,reconstructed_shortest,INACTIVE
CASE_026,S3_MEDIUM_SOC_WHOLETESTING,-10.0,2026-03-01 00:38:49,S3_MEDIUM_SOC_WHOLETESTING_L60,1.0,1,0,1,1,0,0,-7.734981818181818e-05,0.0642660938515151,0.6,252.36363636363637,6346.909090909091,,41.0,-0.0909090909090917,,,1.0,False,5.383603978797757,,4.170079751165184,,reconstructed_shortest,PROGRESS
CASE_026,S3_MEDIUM_SOC_WHOLETESTING,-9.0,2026-03-01 00:38:50,S3_MEDIUM_SOC_WHOLETESTING_L60,1.0,1,0,1,1,0,0,-0.000425424,0.0346565839515151,0.7,262.5,6616.0,,41.0,-0.5,,,1.0,False,5.382907207877044,,4.162944602991224,,reconstructed_shortest,PROGRESS
CASE_026,S3_MEDIUM_SOC_WHOLETESTING,-8.0,2026-03-01 00:38:51,S3_MEDIUM_SOC_WHOLETESTING_L60,1.0,1,0,1,1,0,0,-0.000425424,0.0143367890060606,0.8,262.1818181818182,6603.363636363636,,41.0,-0.5,,,1.0,False,5.385009794660717,,4.156994800423016,,reconstructed_shortest,PROGRESS
CASE_026,S3_MEDIUM_SOC_WHOLETESTING,-7.0,2026-03-01 00:38:52,S3_MEDIUM_SOC_WHOLETESTING_L60,1.0,1,0,1,1,0,0,-0.0004254239999999,0.0043818672727272,0.9,263.0,6620.5,,41.0,-0.5,,,1.0,False,5.399939087045551,,4.144293458592338,,reconstructed_shortest,PROGRESS
CASE_026,S3_MEDIUM_SOC_WHOLETESTING,-6.0,2026-03-01 00:38:53,S3_MEDIUM_SOC_WHOLETESTING_L60,1.0,1,0,1,1,0,0,-0.000425424,-0.0001779045818181,1.0,262.0,6602.833333333333,,41.0,-0.5,,,1.0,False,5.417453926805438,-0.0352368895676455,4.118490026686747,0.0507019450196404,reconstructed_shortest,STALLED
CASE_026,S3_MEDIUM_SOC_WHOLETESTING,-5.0,2026-03-01 00:38:54,S3_MEDIUM_SOC_WHOLETESTING_L60,1.0,1,0,1,1,0,0,-0.000425424,-0.0002204469818181,1.0,262.1818181818182,6606.0,,41.0,-0.5,,,1.0,False,5.3813299543486,0.0022740244491572,4.147642551832756,0.0224371993324279,reconstructed_shortest,STALLED
CASE_026,S3_MEDIUM_SOC_WHOLETESTING,-4.0,2026-03-01 00:38:55,S3_MEDIUM_SOC_WHOLETESTING_L60,1.0,1,0,1,1,0,0,-0.000425424,-0.0002629893818181,1.0,262.5,6616.0,,41.0,-0.5,,,1.0,False,5.398021482005304,-0.0151142741282601,4.184723358860339,-0.0217787558691151,reconstructed_shortest,STALLED
CASE_026,S3_MEDIUM_SOC_WHOLETESTING,-3.0,2026-03-01 00:38:56,S3_MEDIUM_SOC_WHOLETESTING_L60,1.0,1,0,1,1,0,0,-0.000425424,-0.0003055317818181,1.0,262.25,6603.75,,41.0,-0.5,,,1.0,False,5.4056823490831745,-0.0206725544224575,4.1909238946250635,-0.0339290942020475,reconstructed_shortest,STALLED
CASE_026,S3_MEDIUM_SOC_WHOLETESTING,-2.0,2026-03-01 00:38:57,S3_MEDIUM_SOC_WHOLETESTING_L60,1.0,1,0,1,1,0,0,-0.000425424,-0.0003480741818181,1.0,259.1818181818182,6521.363636363636,,41.0,-0.5,,,1.0,False,5.395738918360098,0.0042001686854531,4.181431574720675,-0.0371381161283377,reconstructed_shortest,STALLED
CASE_026,S3_MEDIUM_SOC_WHOLETESTING,-1.0,2026-03-01 00:38:58,S3_MEDIUM_SOC_WHOLETESTING_L60,1.0,1,0,1,1,0,0,-0.0006574727272727,-0.0004138214545454,1.0,258.6363636363636,6504.727272727273,,41.0,-0.7727272727272698,,,1.0,False,5.394071339832725,0.0233825869727128,4.180938592882803,-0.0624485661960561,reconstructed_shortest,STALLED
CASE_026,S3_MEDIUM_SOC_WHOLETESTING,0.0,2026-03-01 00:38:59,S3_MEDIUM_SOC_WHOLETESTING_L60,1.0,1,0,1,1,0,0,0.0082603158333333,0.000419945110606,1.0,259.5833333333333,6532.166666666667,,41.0,8.25,,,1.0,False,5.388254263669017,-0.0069243093204169,4.1754655421402616,-0.0278229903075057,reconstructed_shortest,STALLED
CASE_026,S3_MEDIUM_SOC_WHOLETESTING,1.0,2026-03-01 00:39:00,S3_MEDIUM_SOC_WHOLETESTING_L60,1.0,1,0,1,1,0,0,0.1915181727272727,0.0196143047833333,0.9,271.09090909090907,6835.636363636364,,40.0,191.5,,,1.0,False,5.339968164257546,0.058053317747758,4.152997410812545,0.0317259480477938,reconstructed_shortest,PROGRESS
CASE_026,S3_MEDIUM_SOC_WHOLETESTING,2.0,2026-03-01 00:39:01,S3_MEDIUM_SOC_WHOLETESTING_L60,1.0,1,0,1,1,0,0,0.2962014583333333,0.0492769930166666,0.8,283.0833333333333,7151.666666666667,,40.0,296.08333333333337,,,1.0,False,5.074027166296009,0.3316551827871654,4.0489810913184625,0.141942803306601,reconstructed_shortest,RECOVERING
CASE_026,S3_MEDIUM_SOC_WHOLETESTING,3.0,2026-03-01 00:39:02,S3_MEDIUM_SOC_WHOLETESTING_L60,1.0,1,0,1,1,0,0,0.2991117272727273,0.0792307081439394,0.7,280.3636363636364,7070.090909090909,,40.0,298.77272727272725,,,1.0,False,4.816327692517587,0.5794112258425113,3.9639465024068974,0.217485072313778,reconstructed_shortest,RECOVERING
CASE_026,S3_MEDIUM_SOC_WHOLETESTING,4.0,2026-03-01 00:39:03,S3_MEDIUM_SOC_WHOLETESTING_L60,1.0,1,0,1,1,0,0,0.2985316090909091,0.1091264114530303,0.6,277.09090909090907,6994.090909090909,,40.0,298.3636363636364,,,1.0,False,4.504021015144781,0.8900503246879437,3.881094362586963,0.2998442302958395,reconstructed_shortest,RECOVERING
CASE_026,S3_MEDIUM_SOC_WHOLETESTING,5.0,2026-03-01 00:39:04,S3_MEDIUM_SOC_WHOLETESTING_L60,1.0,1,0,1,1,0,0,0.298541275,0.1390230813530303,0.5,276.75,6994.0,,40.0,298.375,,,1.0,False,4.222709253104598,1.1655450105644194,3.820294088534084,0.3551714536061774,reconstructed_shortest,RECOVERING
CASE_027,S1_LOW_SOC_STRESS,-15.0,2026-06-22 16:13:36,S1_LOW_SOC_STRESS_L322,52.0,1,0,1,0,1,1,0.2658900022506714,0.2922662854194641,0.0,266.0,,41445.0,48.0,,,,4.0,False,11.886527954679003,1.3805809914523728,9.239640178206525,1.3817270689894805,recorded,PROGRESS
CASE_027,S1_LOW_SOC_STRESS,-14.0,2026-06-22 16:13:37,S1_LOW_SOC_STRESS_L322,52.0,1,0,1,1,0,0,0.1340085566043853,0.2758023768663405,0.0,270.0,,41428.0,48.0,,,,4.0,False,12.134448964141107,0.6581396359446234,9.009108298248991,1.1429063817345178,recorded,PROGRESS
CASE_027,S1_LOW_SOC_STRESS,-13.0,2026-06-22 16:13:38,S1_LOW_SOC_STRESS_L322,52.0,1,0,1,0,1,1,0.1340085566043853,0.2593384683132171,0.0,270.0,,41428.0,48.0,,,,4.0,False,12.134448964141107,0.6581396359446234,9.009108298248991,1.1429063817345178,recorded,PROGRESS
CASE_027,S1_LOW_SOC_STRESS,-12.0,2026-06-22 16:13:39,S1_LOW_SOC_STRESS_L322,52.0,1,0,1,1,0,0,0.0880627632141113,0.2382374376058578,0.0,274.0,,41445.0,48.0,,,,4.0,False,12.23720048607442,0.1025434786945371,8.965511890872698,0.7426990330038858,recorded,PROGRESS
CASE_027,S1_LOW_SOC_STRESS,-11.0,2026-06-22 16:13:40,S1_LOW_SOC_STRESS_L322,52.0,1,0,1,1,0,0,0.1497492492198944,0.2233050554990768,0.0,229.0,,41585.0,49.0,,,,4.0,False,11.407045724657523,0.4794822300214818,8.967179921678392,0.2724602565281309,recorded,PROGRESS
CASE_027,S1_LOW_SOC_STRESS,-10.0,2026-06-22 16:13:41,S1_LOW_SOC_STRESS_L322,52.0,1,0,1,0,1,1,0.1497492492198944,0.2083726733922958,0.0,229.0,,41585.0,49.0,,,,4.0,False,11.407045724657523,0.4794822300214818,8.967179921678392,0.2724602565281309,recorded,PROGRESS
CASE_027,S1_LOW_SOC_STRESS,-9.0,2026-06-22 16:13:42,S1_LOW_SOC_STRESS_L322,52.0,1,0,1,1,0,0,0.0,0.1784653663635253,0.1,216.0,,41655.0,49.0,,,,4.0,False,11.416676831162132,0.7177721329789772,8.976543769815198,0.0325645284337952,recorded,PROGRESS
CASE_027,S1_LOW_SOC_STRESS,-8.0,2026-06-22 16:13:43,S1_LOW_SOC_STRESS_L322,52.0,1,0,1,0,1,1,0.0,0.1485580593347549,0.2,216.0,,41655.0,49.0,,,,4.0,False,11.416676831162132,0.7177721329789772,8.976543769815198,0.0325645284337952,recorded,PROGRESS
CASE_027,S1_LOW_SOC_STRESS,-7.0,2026-06-22 16:13:44,S1_LOW_SOC_STRESS_L322,52.0,1,0,1,1,0,0,0.0,0.1187358379364013,0.3,216.0,,41655.0,49.0,,,,4.0,False,11.414756988526612,0.8224434975478072,8.975231542266458,-0.0097196513937607,recorded,PROGRESS
CASE_027,S1_LOW_SOC_STRESS,-6.0,2026-06-22 16:13:45,S1_LOW_SOC_STRESS_L322,52.0,1,0,1,1,0,0,0.0,0.0921468377113342,0.4,216.0,,41655.0,49.0,,,,4.0,False,11.421789772860958,-0.0147440482034344,8.979911002373036,-0.0127310806946443,recorded,PROGRESS
CASE_027,S1_LOW_SOC_STRESS,-5.0,2026-06-22 16:13:46,S1_LOW_SOC_STRESS_L322,52.0,1,0,1,0,1,1,0.0,0.065557837486267,0.5,216.0,,41655.0,49.0,,,,4.0,False,11.421789772860958,-0.0147440482034344,8.979911002373036,-0.0127310806946443,recorded,PROGRESS
CASE_027,S1_LOW_SOC_STRESS,-4.0,2026-06-22 16:13:47,S1_LOW_SOC_STRESS_L322,52.0,1,0,1,1,0,0,0.0,0.0521569818258285,0.6,216.0,,41655.0,49.0,,,,4.0,False,11.414504816976777,0.0021720141853549,8.974891474220916,0.0016522955942814,recorded,STALLED
CASE_027,S1_LOW_SOC_STRESS,-3.0,2026-06-22 16:13:48,S1_LOW_SOC_STRESS_L322,52.0,1,0,1,1,0,0,0.0,0.03875612616539,0.7,216.0,,41663.0,49.0,,,,4.0,False,11.414504816976777,0.0021720141853549,8.974891474220916,0.0016522955942814,recorded,STALLED
CASE_027,S1_LOW_SOC_STRESS,-2.0,2026-06-22 16:13:49,S1_LOW_SOC_STRESS_L322,52.0,1,0,1,0,1,1,0.0,0.0299498498439788,0.8,216.0,,41663.0,49.0,,,,4.0,False,11.414504816976777,0.0002521715498353,8.974891474220916,0.000340068045542,recorded,STALLED
CASE_027,S1_LOW_SOC_STRESS,-1.0,2026-06-22 16:13:50,S1_LOW_SOC_STRESS_L322,52.0,1,0,1,1,0,0,0.0,0.0149749249219894,0.9,215.0,,41674.0,49.0,,,,4.0,False,11.412663872687688,0.0091259001732701,8.97362304729761,0.0062879550754271,recorded,STALLED
CASE_027,S1_LOW_SOC_STRESS,0.0,2026-06-22 16:13:51,S1_LOW_SOC_STRESS_L322,52.0,1,0,1,0,1,1,0.0,0.0,1.0,215.0,,41674.0,49.0,,,,4.0,False,11.412663872687688,0.0091259001732701,8.97362304729761,0.0062879550754271,recorded,STALLED
CASE_027,S1_LOW_SOC_STRESS,1.0,2026-06-22 16:13:52,S1_LOW_SOC_STRESS_L322,52.0,1,0,1,1,0,0,0.0,0.0,1.0,216.0,,41666.0,49.0,,,,4.0,False,11.4181265876355,-0.0036217706587233,8.977386944693192,-0.0024954704722759,recorded,STALLED
CASE_027,S1_LOW_SOC_STRESS,2.0,2026-06-22 16:13:53,S1_LOW_SOC_STRESS_L322,52.0,1,0,1,1,0,0,0.0,0.0,1.0,216.0,,41655.0,49.0,,,,4.0,False,11.4181265876355,-0.0036217706587233,8.977386944693192,-0.0024954704722759,recorded,STALLED
CASE_027,S1_LOW_SOC_STRESS,3.0,2026-06-22 16:13:54,S1_LOW_SOC_STRESS_L322,52.0,1,0,1,0,1,1,0.0,0.0,1.0,216.0,,41655.0,49.0,,,,4.0,False,11.4181265876355,-0.0036217706587233,8.977386944693192,-0.0024954704722759,recorded,STALLED
CASE_027,S1_LOW_SOC_STRESS,4.0,2026-06-22 16:13:55,S1_LOW_SOC_STRESS_L322,52.0,1,0,1,1,0,0,0.0,0.0,1.0,216.0,,41663.0,49.0,,,,4.0,False,11.41442332379707,-0.0017594511093825,8.974835324419782,-0.0012122771221729,recorded,STALLED
CASE_027,S1_LOW_SOC_STRESS,5.0,2026-06-22 16:13:56,S1_LOW_SOC_STRESS_L322,52.0,1,0,1,1,0,0,0.0,0.0,1.0,216.0,,41670.0,49.0,,,,4.0,False,11.419887374698648,-0.0072235020109605,8.978600179635833,-0.0049771323382241,recorded,STALLED
CASE_028,S3_MEDIUM_SOC_WHOLETESTING,-15.0,2026-03-01 00:32:36,S3_MEDIUM_SOC_WHOLETESTING_L46,1.0,1,0,1,1,0,0,0.29886035,0.2982435473636363,0.0,278.5,6924.5,,43.0,298.5,,,2.0,False,16.99410821342748,1.4393498484768124,16.47824889820798,1.436474039455387,reconstructed_shortest,PROGRESS
CASE_028,S3_MEDIUM_SOC_WHOLETESTING,-14.0,2026-03-01 00:32:37,S3_MEDIUM_SOC_WHOLETESTING_L46,1.0,1,0,1,1,0,0,0.2985767166666667,0.2985342544848485,0.0,279.1666666666667,6937.833333333333,,43.0,298.41666666666663,,,2.0,False,16.73453565376652,1.37631272103809,16.219473252881862,1.3729877555651946,reconstructed_shortest,PROGRESS
CASE_028,S3_MEDIUM_SOC_WHOLETESTING,-13.0,2026-03-01 00:32:38,S3_MEDIUM_SOC_WHOLETESTING_L46,1.0,1,0,1,1,0,0,0.2988796818181818,0.2988861944848485,0.0,279.54545454545456,6937.727272727273,,43.0,298.72727272727275,,,2.0,False,16.421764611537515,1.4417568710717106,15.907264793595392,1.4351536608334,reconstructed_shortest,PROGRESS
CASE_028,S3_MEDIUM_SOC_WHOLETESTING,-12.0,2026-03-01 00:32:39,S3_MEDIUM_SOC_WHOLETESTING_L46,1.0,1,0,1,1,0,0,0.2991057769230769,0.2989461905104895,0.0,276.46153846153845,6867.923076923077,,43.0,298.7307692307692,,,2.0,False,16.177060947065854,1.3984247391583366,15.663353814104388,1.3916030464771207,reconstructed_shortest,PROGRESS
CASE_028,S3_MEDIUM_SOC_WHOLETESTING,-11.0,2026-03-01 00:32:40,S3_MEDIUM_SOC_WHOLETESTING_L46,1.0,1,0,1,1,0,0,0.2994985,0.2989958263438228,0.0,279.27272727272725,6946.0,,43.0,299.0,,,2.0,False,15.861855262595505,1.422241396766557,15.348979153072287,1.418611271407331,reconstructed_shortest,PROGRESS
CASE_028,S3_MEDIUM_SOC_WHOLETESTING,-10.0,2026-03-01 00:32:41,S3_MEDIUM_SOC_WHOLETESTING_L46,1.0,1,0,1,1,0,0,0.29910855,0.2989568313438228,0.0,281.8333333333333,6999.833333333333,,43.0,299.0,,,2.0,False,15.583685531671078,1.410422681756403,15.071522970490385,1.406725927717595,reconstructed_shortest,PROGRESS
CASE_028,S3_MEDIUM_SOC_WHOLETESTING,-9.0,2026-03-01 00:32:42,S3_MEDIUM_SOC_WHOLETESTING_L46,1.0,1,0,1,1,0,0,0.298841009090909,0.2989104186165501,0.0,281.09090909090907,7000.0,,43.0,299.0,,,2.0,False,15.300258999789824,1.4342766539766971,14.78884755765994,1.4306256952219218,reconstructed_shortest,PROGRESS
CASE_028,S3_MEDIUM_SOC_WHOLETESTING,-8.0,2026-03-01 00:32:43,S3_MEDIUM_SOC_WHOLETESTING_L46,1.0,1,0,1,1,0,0,0.2994211545454545,0.2990196782377622,0.0,280.3636363636364,6970.727272727273,,43.0,299.0,,,2.0,False,15.035545102124956,1.386219509412561,14.524871339925737,1.382393453669657,reconstructed_shortest,PROGRESS
CASE_028,S3_MEDIUM_SOC_WHOLETESTING,-7.0,2026-03-01 00:32:44,S3_MEDIUM_SOC_WHOLETESTING_L46,1.0,1,0,1,1,0,0,0.2991794499999999,0.2990161349044289,0.0,280.5,6978.75,,43.0,299.0,,,2.0,False,14.733458737522897,1.4436022095429577,14.223927767007972,1.4394260470964166,reconstructed_shortest,PROGRESS
CASE_028,S3_MEDIUM_SOC_WHOLETESTING,-6.0,2026-03-01 00:32:45,S3_MEDIUM_SOC_WHOLETESTING_L46,1.0,1,0,1,1,0,0,0.29886035,0.2990331539044289,0.0,280.3333333333333,6968.166666666667,,43.0,298.75,,,2.0,False,14.449572512964709,1.412282749630794,13.941048939064052,1.4079302140082357,reconstructed_shortest,PROGRESS
CASE_028,S3_MEDIUM_SOC_WHOLETESTING,-5.0,2026-03-01 00:32:46,S3_MEDIUM_SOC_WHOLETESTING_L46,1.0,1,0,1,1,0,0,0.2733349583333333,0.2964806147377622,0.0,272.1666666666667,6770.416666666667,,43.0,273.0416666666667,,,2.0,False,14.183148192045454,1.4005373396256235,13.675387359419569,1.3961356110708163,reconstructed_shortest,PROGRESS
CASE_028,S3_MEDIUM_SOC_WHOLETESTING,-4.0,2026-03-01 00:32:47,S3_MEDIUM_SOC_WHOLETESTING_L46,1.0,1,0,1,1,0,0,0.1689996416666666,0.2835229072377622,0.0,273.4166666666667,6789.166666666667,,43.0,168.83333333333334,,,2.0,False,14.094676956544069,1.205582043245757,13.470475991964353,1.318371565695589,reconstructed_shortest,PROGRESS
CASE_028,S3_MEDIUM_SOC_WHOLETESTING,-3.0,2026-03-01 00:32:48,S3_MEDIUM_SOC_WHOLETESTING_L46,1.0,1,0,1,1,0,0,0.09614582,0.263249521055944,0.0,271.0,6730.5,,43.0,96.25,,,2.0,False,14.000698001974714,1.034847100150241,13.3598539828802,1.165017357045533,reconstructed_shortest,PROGRESS
CASE_028,S3_MEDIUM_SOC_WHOLETESTING,-2.0,2026-03-01 00:32:49,S3_MEDIUM_SOC_WHOLETESTING_L46,1.0,1,0,1,1,0,0,0.1127728083333333,0.2446162241969696,0.0,273.5,6803.0,,43.0,112.79166666666666,,,2.0,False,13.890254498484856,0.8432042390380392,13.321294746212114,0.9026330207958572,reconstructed_shortest,PROGRESS
CASE_028,S3_MEDIUM_SOC_WHOLETESTING,-1.0,2026-03-01 00:32:50,S3_MEDIUM_SOC_WHOLETESTING_L46,1.0,1,0,1,1,0,0,0.1613130272727272,0.2307976769242424,0.0,272.27272727272725,6760.0,,43.0,160.95454545454544,,,2.0,False,13.742982974386594,0.7065895385781147,13.301265219607156,0.6397837194568972,reconstructed_shortest,PROGRESS
CASE_028,S3_MEDIUM_SOC_WHOLETESTING,0.0,2026-03-01 00:32:51,S3_MEDIUM_SOC_WHOLETESTING_L46,1.0,1,0,1,1,0,0,0.1441800545454545,0.2153048273787878,0.0,270.90909090909093,6726.454545454545,,43.0,143.8181818181818,,,2.0,False,13.60191456730645,0.5812336247390046,13.24283438538036,0.4325529740392078,reconstructed_shortest,PROGRESS
CASE_028,S3_MEDIUM_SOC_WHOLETESTING,1.0,2026-03-01 00:32:52,S3_MEDIUM_SOC_WHOLETESTING_L46,1.0,1,0,1,1,0,0,0.1553861,0.2009593364696969,0.0,272.75,6776.5,,43.0,155.125,,,2.0,False,13.485983320273093,0.6086936362709743,13.140748412312815,0.329727579651534,reconstructed_shortest,PROGRESS
CASE_028,S3_MEDIUM_SOC_WHOLETESTING,2.0,2026-03-01 00:32:53,S3_MEDIUM_SOC_WHOLETESTING_L46,1.0,1,0,1,1,0,0,0.2115904545454545,0.1921762664696969,0.0,277.54545454545456,6900.090909090909,,43.0,211.4090909090909,,,2.0,False,13.31541557201582,0.6852824299588942,12.96951444210372,0.3903395407764805,reconstructed_shortest,PROGRESS
CASE_028,S3_MEDIUM_SOC_WHOLETESTING,3.0,2026-03-01 00:32:54,S3_MEDIUM_SOC_WHOLETESTING_L46,1.0,1,0,1,1,0,0,0.2682491636363636,0.1890832378333333,0.0,284.0,7061.636363636364,,43.0,268.1818181818182,,,2.0,False,13.124460679271614,0.7657938192132434,12.747996946842164,0.57329779936995,reconstructed_shortest,PROGRESS
CASE_028,S3_MEDIUM_SOC_WHOLETESTING,4.0,2026-03-01 00:32:55,S3_MEDIUM_SOC_WHOLETESTING_L46,1.0,1,0,1,1,0,0,0.2958114666666667,0.1887783495,0.0,281.75,7007.0,,43.0,295.66666666666663,,,2.0,False,12.830553314369029,0.9124296600175672,12.461898630124466,0.8393665894826885,reconstructed_shortest,PROGRESS
CASE_028,S3_MEDIUM_SOC_WHOLETESTING,5.0,2026-03-01 00:32:56,S3_MEDIUM_SOC_WHOLETESTING_L46,1.0,1,0,1,1,0,0,0.2982222,0.1912670736666666,0.0,279.5,6951.5,,43.0,298.25,,,2.0,False,12.555132120185396,1.0467824471210534,12.183588950566287,1.0592454348140716,reconstructed_shortest,PROGRESS
CASE_029,S1_LOW_SOC_STRESS,-15.0,2026-06-22 16:24:31,S1_LOW_SOC_STRESS_L414,68.0,1,0,1,0,1,1,0.2994984984397888,0.2402794674038887,0.0,280.0,,41092.0,47.0,,,,24.0,False,7.439765746311888,-0.9561360296308604,5.3033328879303925,1.1780206031443203,recorded,PROGRESS
CASE_029,S1_LOW_SOC_STRESS,-14.0,2026-06-22 16:24:32,S1_LOW_SOC_STRESS_L414,68.0,1,0,1,1,0,0,0.2982222139835357,0.2609125308692455,0.0,281.0,,41092.0,47.0,,,,24.0,False,7.8979964414187425,-1.4143667247377143,4.845080665138981,1.6362728259357322,recorded,PROGRESS
CASE_029,S1_LOW_SOC_STRESS,-13.0,2026-06-22 16:24:33,S1_LOW_SOC_STRESS_L414,68.0,1,0,1,0,1,1,0.2982222139835357,0.2815455943346023,0.0,281.0,,41092.0,47.0,,,,24.0,False,7.8979964414187425,-1.053095216403836,4.845080665138981,1.0530947387704632,recorded,PROGRESS
CASE_029,S1_LOW_SOC_STRESS,-12.0,2026-06-22 16:24:34,S1_LOW_SOC_STRESS_L414,68.0,1,0,1,1,0,0,0.2986476421356201,0.289671193063259,0.0,271.0,,41130.0,47.0,,,,24.0,False,8.493131304277366,-1.6482300792624596,4.249949583726758,1.6482258201826865,recorded,PROGRESS
CASE_029,S1_LOW_SOC_STRESS,-11.0,2026-06-22 16:24:35,S1_LOW_SOC_STRESS_L414,68.0,1,0,1,0,1,1,0.2986476421356201,0.2977967917919158,0.0,271.0,,41130.0,47.0,,,,24.0,False,8.493131304277366,-1.0533655579654777,4.249949583726758,1.053383304203635,recorded,PROGRESS
CASE_029,S1_LOW_SOC_STRESS,-10.0,2026-06-22 16:24:36,S1_LOW_SOC_STRESS_L414,68.0,1,0,1,1,0,0,0.2982222139835357,0.2979244202375412,0.0,226.0,,41305.0,48.0,,,,24.0,False,9.042471380356623,-1.602705634044737,3.7006172759347096,1.602715611995683,recorded,PROGRESS
CASE_029,S1_LOW_SOC_STRESS,-9.0,2026-06-22 16:24:37,S1_LOW_SOC_STRESS_L414,68.0,1,0,1,0,1,1,0.2982222139835357,0.2980520486831665,0.0,226.0,,41305.0,48.0,,,,24.0,False,9.042471380356623,-1.1444749389378828,3.7006172759347096,1.144463389204271,recorded,PROGRESS
CASE_029,S1_LOW_SOC_STRESS,-8.0,2026-06-22 16:24:38,S1_LOW_SOC_STRESS_L414,68.0,1,0,1,1,0,0,0.0,0.2684850811958312,0.1,214.0,,41375.0,48.0,,,,24.0,False,9.057975758315605,-1.1599793168968606,3.6851019385370303,1.15997872660195,recorded,PROGRESS
CASE_029,S1_LOW_SOC_STRESS,-7.0,2026-06-22 16:24:39,S1_LOW_SOC_STRESS_L414,68.0,1,0,1,0,1,1,0.0,0.238918113708496,0.2,214.0,,41375.0,48.0,,,,24.0,False,9.057975758315605,-0.5648444540382371,3.6851019385370303,0.5648476451897269,recorded,PROGRESS
CASE_029,S1_LOW_SOC_STRESS,-6.0,2026-06-22 16:24:40,S1_LOW_SOC_STRESS_L414,68.0,1,0,1,1,0,0,0.0,0.2089682638645172,0.3,214.0,,41375.0,48.0,,,,24.0,False,9.057975758315605,-0.5648444540382371,3.6851019385370303,0.5648476451897269,recorded,PROGRESS
CASE_029,S1_LOW_SOC_STRESS,-5.0,2026-06-22 16:24:41,S1_LOW_SOC_STRESS_L414,68.0,1,0,1,0,1,1,0.0,0.1790184140205383,0.4,214.0,,41375.0,48.0,,,,24.0,False,9.057975758315605,-0.0155043779589778,3.6851019385370303,0.0155153373976788,recorded,PROGRESS
CASE_029,S1_LOW_SOC_STRESS,-4.0,2026-06-22 16:24:42,S1_LOW_SOC_STRESS_L414,68.0,1,0,1,1,0,0,0.0,0.1491961926221847,0.5,214.0,,41375.0,48.0,,,,24.0,False,9.057975758315605,-0.0155043779589778,3.6851019385370303,0.0155153373976788,recorded,PROGRESS
CASE_029,S1_LOW_SOC_STRESS,-3.0,2026-06-22 16:24:43,S1_LOW_SOC_STRESS_L414,68.0,1,0,1,0,1,1,0.0,0.1193739712238311,0.6,214.0,,41375.0,48.0,,,,24.0,False,9.057975758315605,0.0,3.6851019385370303,0.0,recorded,STALLED
CASE_029,S1_LOW_SOC_STRESS,-2.0,2026-06-22 16:24:44,S1_LOW_SOC_STRESS_L414,68.0,1,0,1,1,0,0,0.0,0.0895092070102691,0.7,214.0,,41375.0,48.0,,,,24.0,False,9.05667623458499,0.0012995237306139,3.686401497363083,-0.0012995588260524,recorded,STALLED
CASE_029,S1_LOW_SOC_STRESS,-1.0,2026-06-22 16:24:45,S1_LOW_SOC_STRESS_L414,68.0,1,0,1,0,1,1,0.0,0.0596444427967071,0.8,214.0,,41375.0,48.0,,,,24.0,False,9.05667623458499,0.0012995237306139,3.686401497363083,-0.0012995588260524,recorded,STALLED
CASE_029,S1_LOW_SOC_STRESS,0.0,2026-06-22 16:24:46,S1_LOW_SOC_STRESS_L414,68.0,1,0,1,1,0,0,0.0,0.0298222213983535,0.9,214.0,,41375.0,48.0,,,,24.0,False,9.05667623458499,0.0012995237306139,3.686401497363083,-0.0012995588260524,recorded,STALLED
CASE_029,S1_LOW_SOC_STRESS,1.0,2026-06-22 16:24:47,S1_LOW_SOC_STRESS_L414,68.0,1,0,1,0,1,1,0.0,0.0,1.0,214.0,,41375.0,48.0,,,,24.0,False,9.05667623458499,0.0012995237306139,3.686401497363083,-0.0012995588260524,recorded,STALLED
CASE_029,S1_LOW_SOC_STRESS,2.0,2026-06-22 16:24:48,S1_LOW_SOC_STRESS_L414,68.0,1,0,1,0,1,2,0.0,0.0,1.0,214.0,,41375.0,48.0,,,,24.0,False,9.05667623458499,0.0012995237306139,3.686401497363083,-0.0012995588260524,recorded,STALLED
CASE_029,S1_LOW_SOC_STRESS,3.0,2026-06-22 16:24:49,S1_LOW_SOC_STRESS_L414,68.0,1,0,1,1,0,0,0.0,0.0,1.0,214.0,,41375.0,48.0,,,,24.0,False,9.055376234463893,0.0013000001210965,3.6877015331275778,-0.0013000357644945,recorded,STALLED
CASE_029,S1_LOW_SOC_STRESS,4.0,2026-06-22 16:24:50,S1_LOW_SOC_STRESS_L414,68.0,1,0,1,0,1,1,0.0,0.0,1.0,214.0,,41375.0,48.0,,,,24.0,False,9.055376234463893,0.0013000001210965,3.6877015331275778,-0.0013000357644945,recorded,STALLED
CASE_029,S1_LOW_SOC_STRESS,5.0,2026-06-22 16:24:51,S1_LOW_SOC_STRESS_L414,68.0,1,0,1,1,0,0,0.0,0.0,1.0,214.0,,41375.0,48.0,,,,24.0,False,9.057975758315605,-0.0012995237306139,3.6851019385370303,0.0012995588260524,recorded,STALLED
CASE_030,S4_SAFETY_RICH_NAVEEN12,-15.0,2026-03-01 01:43:41,S4_SAFETY_RICH_NAVEEN12_L60,1.0,1,0,1,1,0,0,0.2971231916666667,0.1951678226608391,0.0,285.4166666666667,6652.583333333333,,54.0,297.25,,,4.0,False,6.0254056463693,1.1088613329939037,4.2365149428463695,0.9721446328460202,reconstructed_shortest,PROGRESS
CASE_030,S4_SAFETY_RICH_NAVEEN12,-14.0,2026-03-01 01:43:42,S4_SAFETY_RICH_NAVEEN12_L60,1.0,1,0,1,1,0,0,0.2961337727272727,0.2110438735699301,0.0,284.6363636363636,6638.272727272727,,54.0,296.0454545454545,,,4.0,False,5.680907018593457,1.348696058722295,3.975706908794968,1.1282600807700778,reconstructed_shortest,PROGRESS
CASE_030,S4_SAFETY_RICH_NAVEEN12,-13.0,2026-03-01 01:43:43,S4_SAFETY_RICH_NAVEEN12_L60,1.0,1,0,1,1,0,0,0.297584075,0.2265621819790209,0.0,286.75,6687.25,,55.0,297.375,,,4.0,False,5.328024966411322,1.5447925259229187,3.706304397572475,1.2115805877311852,reconstructed_shortest,PROGRESS
CASE_030,S4_SAFETY_RICH_NAVEEN12,-12.0,2026-03-01 01:43:44,S4_SAFETY_RICH_NAVEEN12_L60,1.0,1,0,1,1,0,0,0.2442320727272727,0.2320256625850816,0.0,279.09090909090907,6498.909090909091,,56.0,244.0909090909091,,,4.0,False,5.000708997115103,1.594346963135029,3.4593725986842414,1.2264016355001617,reconstructed_shortest,PROGRESS
CASE_030,S4_SAFETY_RICH_NAVEEN12,-11.0,2026-03-01 01:43:45,S4_SAFETY_RICH_NAVEEN12_L60,1.0,1,0,1,1,0,0,0.0,0.2179277679696969,0.1,234.9090909090909,5440.454545454545,,56.0,0.0,,,4.0,False,4.857508350170642,1.4892025405158948,3.3563035878626577,1.1269299302931168,reconstructed_shortest,PROGRESS
CASE_030,S4_SAFETY_RICH_NAVEEN12,-10.0,2026-03-01 01:43:46,S4_SAFETY_RICH_NAVEEN12_L60,1.0,1,0,1,1,0,0,0.0,0.206645521969697,0.2,233.25,5402.666666666667,,56.0,0.0,,,4.0,False,4.846176375276481,1.1792292710928196,3.348936983087171,0.8875779597591986,reconstructed_shortest,PROGRESS
CASE_030,S4_SAFETY_RICH_NAVEEN12,-9.0,2026-03-01 01:43:47,S4_SAFETY_RICH_NAVEEN12_L60,1.0,1,0,1,1,0,0,0.0,0.1928501828787878,0.3,219.5,5085.5,,56.0,0.0,,,4.0,False,4.848381206039063,0.832525812554394,3.350590266085816,0.6251166427091519,reconstructed_shortest,PROGRESS
CASE_030,S4_SAFETY_RICH_NAVEEN12,-8.0,2026-03-01 01:43:48,S4_SAFETY_RICH_NAVEEN12_L60,1.0,1,0,1,1,0,0,0.0,0.1699340103787879,0.4,219.5,5085.5,,56.0,0.0,,,4.0,False,4.849116149626587,0.4789088167847346,3.351141431316949,0.3551629662555258,reconstructed_shortest,PROGRESS
CASE_030,S4_SAFETY_RICH_NAVEEN12,-7.0,2026-03-01 01:43:49,S4_SAFETY_RICH_NAVEEN12_L60,1.0,1,0,1,1,0,0,0.0,0.1421383503787878,0.5,219.9,5090.7,,56.0,0.0,,,4.0,False,4.848724662807044,0.1519843343080591,3.350288844328054,0.1090837543561873,reconstructed_shortest,PROGRESS
CASE_030,S4_SAFETY_RICH_NAVEEN12,-6.0,2026-03-01 01:43:50,S4_SAFETY_RICH_NAVEEN12_L60,1.0,1,0,1,1,0,0,0.0,0.1135073112121212,0.6,219.27272727272728,5079.727272727273,,56.0,0.0,,,4.0,False,4.852655464170334,0.0048528860003083,3.3501675892703138,0.0061359985923439,reconstructed_shortest,STALLED
CASE_030,S4_SAFETY_RICH_NAVEEN12,-5.0,2026-03-01 01:43:51,S4_SAFETY_RICH_NAVEEN12_L60,1.0,1,0,1,1,0,0,0.0,0.0837949920454545,0.7,219.5,5082.75,,56.0,0.0,,,4.0,False,4.851796760994855,-0.005620385718374,3.348893515080998,4.3468006172275864e-05,reconstructed_shortest,STALLED
CASE_030,S4_SAFETY_RICH_NAVEEN12,-4.0,2026-03-01 01:43:52,S4_SAFETY_RICH_NAVEEN12_L60,1.0,1,0,1,1,0,0,0.0,0.0541816147727272,0.8,220.9090909090909,5105.818181818182,,56.0,0.0,,,4.0,False,4.844160508785838,0.004220697253225,3.3436974184354717,0.0068928476503442,reconstructed_shortest,STALLED
CASE_030,S4_SAFETY_RICH_NAVEEN12,-3.0,2026-03-01 01:43:53,S4_SAFETY_RICH_NAVEEN12_L60,1.0,1,0,1,1,0,0,0.0,0.0244232072727272,0.9,220.36363636363637,5094.818181818182,,56.0,0.0,,,4.0,False,4.845535911821619,0.003580237804968,3.344888020721979,0.00625341059497,reconstructed_shortest,STALLED
CASE_030,S4_SAFETY_RICH_NAVEEN12,-2.0,2026-03-01 01:43:54,S4_SAFETY_RICH_NAVEEN12_L60,1.0,1,0,1,1,0,0,0.0,0.0,1.0,220.0,5085.5,,56.0,0.0,,,4.0,False,4.846766935030999,0.0019577277760447,3.3457074060434207,0.0045814382846334,reconstructed_shortest,STALLED
CASE_030,S4_SAFETY_RICH_NAVEEN12,-1.0,2026-03-01 01:43:55,S4_SAFETY_RICH_NAVEEN12_L60,1.0,1,0,1,1,0,0,0.0,0.0,1.0,220.36363636363637,5094.454545454545,,56.0,0.0,,,4.0,False,4.859609223006153,-0.0069537588358192,3.354198605657913,-0.0040310163875991,reconstructed_shortest,STALLED
CASE_030,S4_SAFETY_RICH_NAVEEN12,0.0,2026-03-01 01:43:56,S4_SAFETY_RICH_NAVEEN12_L60,1.0,1,0,1,1,0,0,0.0,0.0,1.0,219.63636363636363,5077.0,,56.0,0.0,,,4.0,False,4.855205728839776,-0.0034089678449209,3.350910507455304,-0.0020169923743051,reconstructed_shortest,STALLED
CASE_030,S4_SAFETY_RICH_NAVEEN12,1.0,2026-03-01 01:43:57,S4_SAFETY_RICH_NAVEEN12_L60,1.0,1,0,1,1,0,0,0.0,0.0,1.0,219.63636363636363,5076.636363636364,,56.0,0.0,,,4.0,False,4.858377807037124,-0.0142172982512862,3.353278973969398,-0.0095815555339262,reconstructed_shortest,STALLED
CASE_030,S4_SAFETY_RICH_NAVEEN12,2.0,2026-03-01 01:43:58,S4_SAFETY_RICH_NAVEEN12_L60,1.0,1,0,1,1,0,0,0.0,0.0,1.0,219.9090909090909,5082.272727272727,,56.0,0.0,,,4.0,False,4.860131392715896,-0.0145954808942772,3.354588596977438,-0.0097005762554589,reconstructed_shortest,STALLED
CASE_030,S4_SAFETY_RICH_NAVEEN12,3.0,2026-03-01 01:43:59,S4_SAFETY_RICH_NAVEEN12_L60,1.0,1,0,1,1,0,0,0.0,0.0,1.0,220.5,5101.0,,56.0,0.0,,,4.0,False,4.860398644929541,-0.0136317098985419,3.3547882058896072,-0.0090807998461865,reconstructed_shortest,STALLED
CASE_030,S4_SAFETY_RICH_NAVEEN12,4.0,2026-03-01 01:44:00,S4_SAFETY_RICH_NAVEEN12_L60,1.0,1,0,1,1,0,0,0.0,0.0,1.0,220.63636363636363,5098.818181818182,,56.0,0.0,,,4.0,False,4.860131392715896,-0.0005221697097432,3.354588596977438,-0.0003899913195248,reconstructed_shortest,STALLED
CASE_030,S4_SAFETY_RICH_NAVEEN12,5.0,2026-03-01 01:44:01,S4_SAFETY_RICH_NAVEEN12_L60,1.0,1,0,1,1,0,0,0.0,0.0,1.0,220.0,5085.5,,56.0,0.0,,,4.0,False,4.862603475692119,-0.0073977468523427,3.3564351615778314,-0.0055246541225275,reconstructed_shortest,STALLED
CASE_031,S5_REAL_TMS_JULY10,-15.0,2026-07-10 10:40:07,S5_REAL_TMS_JULY10_L174,14.0,1,0,1,1,0,0,0.2990730702877044,0.2988603591918944,0.0,287.0,,44259.0,61.0,,,,6.0,False,6.105888600323982,5.242199333576658,5.051654771418213,1.4561888872669266,recorded,PROGRESS
CASE_031,S5_REAL_TMS_JULY10,-14.0,2026-07-10 10:40:08,S5_REAL_TMS_JULY10_L174,14.0,1,0,1,0,1,1,0.2990730702877044,0.2989454448223113,0.0,287.0,,44259.0,61.0,,,,6.0,False,6.105888600323982,5.242199333576658,5.051654771418213,1.4561888872669266,recorded,PROGRESS
CASE_031,S5_REAL_TMS_JULY10,-13.0,2026-07-10 10:40:09,S5_REAL_TMS_JULY10_L174,14.0,1,0,1,1,0,0,0.2982222139835357,0.2991581559181213,0.0,287.0,,44259.0,61.0,,,,6.0,False,5.536633416586061,6.397786237423172,4.510615162298288,1.426931151587474,recorded,PROGRESS
CASE_031,S5_REAL_TMS_JULY10,-12.0,2026-07-10 10:40:10,S5_REAL_TMS_JULY10_L174,14.0,1,0,1,0,1,1,0.2982222139835357,0.2990730702877044,0.0,287.0,,44259.0,61.0,,,,6.0,False,5.536633416586061,6.871485328412363,4.510615162298288,0.9691412467369194,recorded,PROGRESS
CASE_031,S5_REAL_TMS_JULY10,-11.0,2026-07-10 10:40:11,S5_REAL_TMS_JULY10_L174,14.0,1,0,1,1,0,0,0.2986476421356201,0.299030527472496,0.0,281.0,,44259.0,61.0,,,,6.0,False,5.072094736402561,7.336024008595863,4.073113467791049,1.4066429412441588,recorded,PROGRESS
CASE_031,S5_REAL_TMS_JULY10,-10.0,2026-07-10 10:40:12,S5_REAL_TMS_JULY10_L174,14.0,1,0,1,1,0,0,0.2982222139835357,0.2989028990268706,0.0,280.0,,44271.0,61.0,,,,6.0,False,4.681355823641238,1.424532776682744,3.7081053150319434,1.3435494563862695,recorded,PROGRESS
CASE_031,S5_REAL_TMS_JULY10,-9.0,2026-07-10 10:40:13,S5_REAL_TMS_JULY10_L174,14.0,1,0,1,0,1,1,0.2982222139835357,0.2987752705812453,0.0,280.0,,44271.0,61.0,,,,6.0,False,4.681355823641238,1.424532776682744,3.7081053150319434,1.3435494563862695,recorded,PROGRESS
CASE_031,S5_REAL_TMS_JULY10,-8.0,2026-07-10 10:40:14,S5_REAL_TMS_JULY10_L174,14.0,1,0,1,1,0,0,0.2969459295272827,0.2985625565052032,0.0,289.0,,44259.0,61.0,,,,6.0,False,3.997165301843917,1.539468114742144,3.0902063217857085,1.4204088405125797,recorded,PROGRESS
CASE_031,S5_REAL_TMS_JULY10,-7.0,2026-07-10 10:40:15,S5_REAL_TMS_JULY10_L174,14.0,1,0,1,0,1,1,0.2969459295272827,0.2983072996139526,0.0,289.0,,44259.0,61.0,,,,6.0,False,3.997165301843917,1.539468114742144,3.0902063217857085,1.4204088405125797,recorded,PROGRESS
CASE_031,S5_REAL_TMS_JULY10,-6.0,2026-07-10 10:40:16,S5_REAL_TMS_JULY10_L174,14.0,1,0,1,1,0,0,0.2990730702877044,0.2982647567987442,0.0,289.0,,44259.0,61.0,,,,6.0,False,3.5208393986942506,1.5512553377083105,2.6798372431903044,1.3932762246007444,recorded,PROGRESS
CASE_031,S5_REAL_TMS_JULY10,-5.0,2026-07-10 10:40:17,S5_REAL_TMS_JULY10_L174,14.0,1,0,1,0,1,1,0.2990730702877044,0.2982647567987442,0.0,289.0,,44259.0,61.0,,,,6.0,False,3.5208393986942506,1.1605164249469873,2.6798372431903044,1.028268071841639,recorded,PROGRESS
CASE_031,S5_REAL_TMS_JULY10,-4.0,2026-07-10 10:40:18,S5_REAL_TMS_JULY10_L174,14.0,1,0,1,1,0,0,0.2986476421356201,0.2982222139835357,0.0,289.0,,44259.0,61.0,,,,6.0,False,3.1225721839112097,1.558783639730028,2.353421127471544,1.3546841875603994,recorded,PROGRESS
CASE_031,S5_REAL_TMS_JULY10,-3.0,2026-07-10 10:40:19,S5_REAL_TMS_JULY10_L174,14.0,1,0,1,0,1,1,0.2986476421356201,0.2982647567987442,0.0,289.0,,44259.0,61.0,,,,6.0,False,3.1225721839112097,0.8745931179327071,2.353421127471544,0.7367851943141646,recorded,PROGRESS
CASE_031,S5_REAL_TMS_JULY10,-2.0,2026-07-10 10:40:20,S5_REAL_TMS_JULY10_L174,14.0,1,0,1,1,0,0,0.2982222139835357,0.2982647567987441,0.0,291.0,,44259.0,61.0,,,,6.0,False,2.5272675687990276,1.4698977330448892,1.9368908387198445,1.153315483065864,recorded,PROGRESS
CASE_031,S5_REAL_TMS_JULY10,-1.0,2026-07-10 10:40:21,S5_REAL_TMS_JULY10_L174,14.0,1,0,1,0,1,1,0.2982222139835357,0.2982222139835357,0.0,291.0,,44259.0,61.0,,,,6.0,False,2.5272675687990276,0.993571829895223,1.9368908387198445,0.7429464044704599,recorded,PROGRESS
CASE_031,S5_REAL_TMS_JULY10,0.0,2026-07-10 10:40:22,S5_REAL_TMS_JULY10_L174,14.0,1,0,1,1,0,0,0.2994984984397888,0.298349842429161,0.0,287.0,,44259.0,61.0,,,,6.0,False,2.067513773680244,1.4533256250140063,1.67590504746086,1.0039321957294445,recorded,PROGRESS
CASE_031,S5_REAL_TMS_JULY10,1.0,2026-07-10 10:40:23,S5_REAL_TMS_JULY10_L174,14.0,1,0,1,1,0,0,0.2407899796962738,0.2926066190004348,0.0,280.0,,44261.0,61.0,,,,6.0,False,1.983660739742437,1.1389114441687729,1.4971367799454824,0.8562843475260615,recorded,PROGRESS
CASE_031,S5_REAL_TMS_JULY10,2.0,2026-07-10 10:40:24,S5_REAL_TMS_JULY10_L174,14.0,1,0,1,0,1,1,0.2407899796962738,0.2869910240173339,0.0,280.0,,44261.0,61.0,,,,6.0,False,1.983660739742437,1.1389114441687729,1.4971367799454824,0.8562843475260615,recorded,PROGRESS
CASE_031,S5_REAL_TMS_JULY10,3.0,2026-07-10 10:40:25,S5_REAL_TMS_JULY10_L174,14.0,1,0,1,1,0,0,0.1118865013122558,0.2684850811958312,0.0,282.0,,44259.0,61.0,,,,6.0,False,1.434315719960161,1.0929518488388663,1.3690061445671948,0.5678846941526496,recorded,PROGRESS
CASE_031,S5_REAL_TMS_JULY10,4.0,2026-07-10 10:40:26,S5_REAL_TMS_JULY10_L174,14.0,1,0,1,0,1,1,0.1118865013122558,0.2497664242982863,0.0,282.0,,44259.0,61.0,,,,6.0,False,1.434315719960161,1.0929518488388663,1.3690061445671948,0.5678846941526496,recorded,PROGRESS
CASE_031,S5_REAL_TMS_JULY10,5.0,2026-07-10 10:40:27,S5_REAL_TMS_JULY10_L174,14.0,1,0,1,1,0,0,0.2637628614902496,0.2462354034185409,0.0,288.0,,44259.0,61.0,,,,6.0,False,1.2718002417881735,0.7957135318920705,1.172743992822464,0.503161054638396,recorded,PROGRESS
CASE_032,S3_MEDIUM_SOC_WHOLETESTING,-15.0,2026-03-01 00:32:00,S3_MEDIUM_SOC_WHOLETESTING_L45,1.0,0,0,1,1,0,0,0.0,0.1263654380681818,0.4,221.0,5431.0,,45.0,0.0,,,5.0,True,0.0105962720331253,,0.0105962720331253,,reconstructed_shortest,INACTIVE
CASE_032,S3_MEDIUM_SOC_WHOLETESTING,-14.0,2026-03-01 00:32:01,S3_MEDIUM_SOC_WHOLETESTING_L45,1.0,0,0,1,1,0,0,0.0,0.0992156480681818,0.5,221.0,5434.272727272727,,45.0,0.0,,,5.0,True,0.0105962720331253,0.0092954123859427,0.0105962720331253,0.0092954123859427,reconstructed_shortest,INACTIVE
CASE_032,S3_MEDIUM_SOC_WHOLETESTING,-13.0,2026-03-01 00:32:02,S3_MEDIUM_SOC_WHOLETESTING_L45,1.0,0,0,1,1,0,0,0.0,0.0697975805681818,0.6,221.0,5433.181818181818,,45.0,0.0,,,5.0,True,0.0105962720331253,-0.0009939920434564,0.0105962720331253,-0.0009939920434564,reconstructed_shortest,INACTIVE
CASE_032,S3_MEDIUM_SOC_WHOLETESTING,-12.0,2026-03-01 00:32:03,S3_MEDIUM_SOC_WHOLETESTING_L45,1.0,0,0,1,1,0,0,0.0,0.0398941387499999,0.7,221.0,5431.5,,45.0,0.0,,,5.0,True,0.0097307800817814,-0.0001972943370792,0.0097307800817814,-0.0001972943370792,reconstructed_shortest,INACTIVE
CASE_032,S3_MEDIUM_SOC_WHOLETESTING,-11.0,2026-03-01 00:32:04,S3_MEDIUM_SOC_WHOLETESTING_L46,1.0,0,0,1,1,0,0,0.0,0.0149111112499999,0.8,235.3,5804.9,,44.0,0.0,,,2.0,True,22.471181279854154,,20.521947959425805,,reconstructed_shortest,INACTIVE
CASE_032,S3_MEDIUM_SOC_WHOLETESTING,-10.0,2026-03-01 00:32:05,S3_MEDIUM_SOC_WHOLETESTING_L46,1.0,1,0,1,1,0,0,-0.0004679669,0.0048455788099999,0.9,256.5,6337.6,,44.0,-0.5500000000000007,,,2.0,False,22.46666074368396,,20.518557648160623,,reconstructed_shortest,PROGRESS
CASE_032,S3_MEDIUM_SOC_WHOLETESTING,-9.0,2026-03-01 00:32:06,S3_MEDIUM_SOC_WHOLETESTING_L46,1.0,1,0,1,1,0,0,-0.000425424,-8.93390900000111e-05,1.0,264.0,6532.0,,44.0,-0.5,,,2.0,False,22.468150101973865,,20.52009471624876,,reconstructed_shortest,PROGRESS
CASE_032,S3_MEDIUM_SOC_WHOLETESTING,-8.0,2026-03-01 00:32:07,S3_MEDIUM_SOC_WHOLETESTING_L46,1.0,1,0,1,1,0,0,-0.0004254239999999,-0.00013188149,1.0,263.0,6518.5,,44.0,-0.5,,,2.0,False,22.470077975477036,,20.524033673803093,,reconstructed_shortest,PROGRESS
CASE_032,S3_MEDIUM_SOC_WHOLETESTING,-7.0,2026-03-01 00:32:08,S3_MEDIUM_SOC_WHOLETESTING_L46,1.0,1,0,1,1,0,0,-0.000425424,-0.00017442389,1.0,263.5,6516.916666666667,,44.0,-0.5,,,2.0,False,22.463752416949013,,20.520570592955913,,reconstructed_shortest,PROGRESS
CASE_032,S3_MEDIUM_SOC_WHOLETESTING,-6.0,2026-03-01 00:32:09,S3_MEDIUM_SOC_WHOLETESTING_L46,1.0,1,0,1,1,0,0,-0.000425424,-0.00021696629,1.0,262.6363636363636,6508.0,,44.0,-0.5,,,2.0,False,22.454329223601206,0.0168520562529472,20.51984967290796,0.002098286517846,reconstructed_shortest,STALLED
CASE_032,S3_MEDIUM_SOC_WHOLETESTING,-5.0,2026-03-01 00:32:10,S3_MEDIUM_SOC_WHOLETESTING_L46,1.0,1,0,1,1,0,0,-0.000425424,-0.00025950869,1.0,262.09090909090907,6487.272727272727,,44.0,-0.5,,,2.0,False,22.454077874868844,0.0125828688151159,20.52039751091324,-0.0018398627526146,reconstructed_shortest,STALLED
CASE_032,S3_MEDIUM_SOC_WHOLETESTING,-4.0,2026-03-01 00:32:11,S3_MEDIUM_SOC_WHOLETESTING_L46,1.0,1,0,1,1,0,0,-0.000425424,-0.00030205109,1.0,262.5,6505.25,,44.0,-0.5,,,2.0,False,22.450134559503525,0.0180155424703372,20.516366076043823,0.0037286402049367,reconstructed_shortest,STALLED
CASE_032,S3_MEDIUM_SOC_WHOLETESTING,-3.0,2026-03-01 00:32:12,S3_MEDIUM_SOC_WHOLETESTING_L46,1.0,1,0,1,1,0,0,-0.000425424,-0.00034459349,1.0,260.8333333333333,6465.083333333333,,44.0,-0.2083333333333286,,,2.0,False,22.44883956365317,0.0212384118238659,20.51487040266677,0.0091632711363267,reconstructed_shortest,STALLED
CASE_032,S3_MEDIUM_SOC_WHOLETESTING,-2.0,2026-03-01 00:32:13,S3_MEDIUM_SOC_WHOLETESTING_L46,1.0,1,0,1,1,0,0,-0.000425424,-0.00038713589,1.0,259.90909090909093,6427.272727272727,,44.0,-0.5,,,2.0,False,22.457260283278167,0.0064921336708465,20.522118692749803,-0.0015480997938901,reconstructed_shortest,STALLED
CASE_032,S3_MEDIUM_SOC_WHOLETESTING,-1.0,2026-03-01 00:32:14,S3_MEDIUM_SOC_WHOLETESTING_L46,1.0,1,0,1,1,0,0,-0.0004254227272727,-0.0004296781627272,1.0,260.6363636363636,6448.0,,44.0,-0.5,,,2.0,False,22.46357761722205,-0.0092483936208438,20.527836797530934,-0.007987124622975,reconstructed_shortest,STALLED
CASE_032,S3_MEDIUM_SOC_WHOLETESTING,0.0,2026-03-01 00:32:15,S3_MEDIUM_SOC_WHOLETESTING_L46,1.0,1,0,1,1,0,0,0.0336858445454545,0.0029857029818181,0.9,257.1818181818182,6360.0,,44.0,33.59090909090909,,,2.0,False,22.45389106690404,0.0001868079648055,20.52114988775193,-0.0007523768386903,reconstructed_shortest,STALLED
CASE_032,S3_MEDIUM_SOC_WHOLETESTING,1.0,2026-03-01 00:32:16,S3_MEDIUM_SOC_WHOLETESTING_L46,1.0,1,0,1,1,0,0,0.2635501583333333,0.0293832612151515,0.8,275.5,6841.75,,43.0,263.41666666666663,,,2.0,False,22.335188767722496,0.1149457917810288,20.50707234208873,0.0092937339550935,reconstructed_shortest,RECOVERING
CASE_032,S3_MEDIUM_SOC_WHOLETESTING,2.0,2026-03-01 00:32:17,S3_MEDIUM_SOC_WHOLETESTING_L46,1.0,1,0,1,1,0,0,0.2982608545454546,0.0592518890696969,0.7,279.90909090909093,6945.272727272727,,43.0,298.27272727272725,,,2.0,False,22.021739077812057,0.427100485841116,20.46967395857136,0.0451964440954064,reconstructed_shortest,RECOVERING
CASE_032,S3_MEDIUM_SOC_WHOLETESTING,3.0,2026-03-01 00:32:18,S3_MEDIUM_SOC_WHOLETESTING_L46,1.0,1,0,1,1,0,0,0.2980095,0.0890953814696969,0.6,280.6666666666667,6963.666666666667,,43.0,297.83333333333337,,,2.0,False,21.755560372238165,0.7016999110400022,20.44189221655349,0.0802264761963122,reconstructed_shortest,RECOVERING
CASE_032,S3_MEDIUM_SOC_WHOLETESTING,4.0,2026-03-01 00:32:19,S3_MEDIUM_SOC_WHOLETESTING_L46,1.0,1,0,1,1,0,0,0.2987636454545454,0.1190142884151515,0.5,280.1818181818182,6959.272727272727,,43.0,298.9090909090909,,,2.0,False,21.442201515688048,1.0213761015340026,20.417608298971047,0.1102284985598878,reconstructed_shortest,RECOVERING
CASE_032,S3_MEDIUM_SOC_WHOLETESTING,5.0,2026-03-01 00:32:20,S3_MEDIUM_SOC_WHOLETESTING_L46,1.0,1,0,1,1,0,0,0.220880148,0.1411448456151515,0.4,269.7,6688.4,,43.0,220.95,,,2.0,False,21.20664077619051,1.2472502907135272,20.3901505462113,0.1309993415406296,reconstructed_shortest,RECOVERING
CASE_033,S3_MEDIUM_SOC_WHOLETESTING,-15.0,2026-03-01 00:29:25,S3_MEDIUM_SOC_WHOLETESTING_L44,1.0,1,0,1,1,0,0,0.0,0.0,1.0,217.5,5332.0,,45.0,0.0,,,5.0,False,2.456155943235849,0.1798219939603123,1.7646125163047703,-0.3982826166493425,reconstructed_shortest,PROGRESS
CASE_033,S3_MEDIUM_SOC_WHOLETESTING,-14.0,2026-03-01 00:29:26,S3_MEDIUM_SOC_WHOLETESTING_L44,1.0,1,0,1,1,0,0,0.0,0.0,1.0,221.0,5408.666666666667,,45.0,0.0,,,5.0,False,2.45633718582336,-0.1943915027817384,1.7531755521693313,-0.7359039865959247,reconstructed_shortest,STALLED
CASE_033,S3_MEDIUM_SOC_WHOLETESTING,-13.0,2026-03-01 00:29:27,S3_MEDIUM_SOC_WHOLETESTING_L44,1.0,1,0,1,1,0,0,0.0,0.0,1.0,221.9090909090909,5436.818181818182,,45.0,0.0,,,5.0,False,2.5273185164848915,0.0375139209062691,1.6836162755158273,0.1045808101970537,reconstructed_shortest,PROGRESS
CASE_033,S3_MEDIUM_SOC_WHOLETESTING,-12.0,2026-03-01 00:29:28,S3_MEDIUM_SOC_WHOLETESTING_L44,1.0,1,0,1,1,0,0,0.0,0.0,1.0,221.75,5431.0,,45.0,0.0,,,5.0,False,2.5482062124754497,0.0495809181912361,1.6638848822055452,-0.3125834969815066,reconstructed_shortest,PROGRESS
CASE_033,S3_MEDIUM_SOC_WHOLETESTING,-11.0,2026-03-01 00:29:29,S3_MEDIUM_SOC_WHOLETESTING_L44,1.0,1,0,1,1,0,0,0.0,0.0,1.0,222.0,5431.0,,45.0,0.0,,,5.0,False,2.5482062124754497,0.1923994829671991,1.6638848822055452,-0.1835985395522261,reconstructed_shortest,PROGRESS
CASE_033,S3_MEDIUM_SOC_WHOLETESTING,-10.0,2026-03-01 00:29:30,S3_MEDIUM_SOC_WHOLETESTING_L44,1.0,1,0,1,1,0,0,0.0,0.0,1.0,221.9090909090909,5431.0,,45.0,0.0,,,5.0,False,2.5482062124754497,-0.0920502692396008,1.6638848822055452,0.1007276340992251,reconstructed_shortest,STALLED
CASE_033,S3_MEDIUM_SOC_WHOLETESTING,-9.0,2026-03-01 00:29:31,S3_MEDIUM_SOC_WHOLETESTING_L44,1.0,1,0,1,1,0,0,0.0,0.0,1.0,221.08333333333337,5431.0,,45.0,0.0,,,5.0,False,2.5497475354326182,-0.0934103496092584,1.6647039450394592,0.0884716071298721,reconstructed_shortest,STALLED
CASE_033,S3_MEDIUM_SOC_WHOLETESTING,-8.0,2026-03-01 00:29:32,S3_MEDIUM_SOC_WHOLETESTING_L44,1.0,1,0,1,1,0,0,0.0,0.0,1.0,221.5,5431.0,,45.0,0.0,,,5.0,False,2.5508484804020246,-0.0235299639171331,1.665289588976092,0.0183266865397353,reconstructed_shortest,STALLED
CASE_033,S3_MEDIUM_SOC_WHOLETESTING,-7.0,2026-03-01 00:29:33,S3_MEDIUM_SOC_WHOLETESTING_L44,1.0,1,0,1,1,0,0,0.0,0.0,1.0,221.91666666666663,5431.0,,45.0,0.0,,,5.0,False,2.548210186531646,-3.974056196565101e-06,1.6661855435905426,-0.0023006613849974,reconstructed_shortest,STALLED
CASE_033,S3_MEDIUM_SOC_WHOLETESTING,-6.0,2026-03-01 00:29:34,S3_MEDIUM_SOC_WHOLETESTING_L44,1.0,1,0,1,1,0,0,0.0,0.0,1.0,221.1,5431.0,,45.0,0.0,,,5.0,False,2.5486677144008834,-0.0004615019254337,1.6656702525682237,-0.0017853703626784,reconstructed_shortest,STALLED
CASE_033,S3_MEDIUM_SOC_WHOLETESTING,-5.0,2026-03-01 00:29:35,S3_MEDIUM_SOC_WHOLETESTING_L44,1.0,1,0,1,1,0,0,0.0,0.0,1.0,221.83333333333337,5431.0,,45.0,0.0,,,5.0,False,2.547786958425358,0.0004192540500915,1.6652023528133555,-0.0013174706078102,reconstructed_shortest,STALLED
CASE_033,S3_MEDIUM_SOC_WHOLETESTING,-4.0,2026-03-01 00:29:36,S3_MEDIUM_SOC_WHOLETESTING_L44,1.0,1,0,1,1,0,0,0.0,0.0,1.0,222.0,5431.0,,45.0,0.0,,,5.0,False,2.4835396463805797,0.0662078890520385,1.736465442359855,-0.0717614973203955,reconstructed_shortest,PROGRESS
CASE_033,S3_MEDIUM_SOC_WHOLETESTING,-3.0,2026-03-01 00:29:37,S3_MEDIUM_SOC_WHOLETESTING_L44,1.0,1,0,1,1,0,0,0.0,0.0,1.0,221.8181818181818,5431.0,,45.0,0.0,,,5.0,False,2.5129068969931243,0.0379415834089003,1.69618888101462,-0.030899292038528,reconstructed_shortest,PROGRESS
CASE_033,S3_MEDIUM_SOC_WHOLETESTING,-2.0,2026-03-01 00:29:38,S3_MEDIUM_SOC_WHOLETESTING_L44,1.0,1,0,1,1,0,0,0.0,0.0,1.0,221.0,5431.0,,45.0,0.0,,,5.0,False,2.5449736435358883,0.0032365429957579,1.666683036587941,-0.0004974929973984,reconstructed_shortest,STALLED
CASE_033,S3_MEDIUM_SOC_WHOLETESTING,-1.0,2026-03-01 00:29:39,S3_MEDIUM_SOC_WHOLETESTING_L44,1.0,1,0,1,1,0,0,0.0,0.0,1.0,221.0,5431.0,,45.0,0.0,,,5.0,False,2.5449736435358883,0.003694070864995,1.666683036587941,-0.0010127840197173,reconstructed_shortest,STALLED
CASE_033,S3_MEDIUM_SOC_WHOLETESTING,0.0,2026-03-01 00:29:40,S3_MEDIUM_SOC_WHOLETESTING_L44,1.0,1,0,1,1,0,0,0.0,0.0,1.0,221.0,5431.0,,45.0,0.0,,,5.0,False,2.5435324619172235,0.0042544965081345,1.665919342076369,-0.0007169892630134,reconstructed_shortest,STALLED
CASE_033,S3_MEDIUM_SOC_WHOLETESTING,1.0,2026-03-01 00:29:41,S3_MEDIUM_SOC_WHOLETESTING_L44,1.0,1,0,1,1,0,0,0.0,0.0,1.0,221.0,5431.0,,45.0,0.0,,,5.0,False,2.5449736435358883,-0.0614339971553086,1.666683036587941,0.0697824057719136,reconstructed_shortest,STALLED
CASE_033,S3_MEDIUM_SOC_WHOLETESTING,2.0,2026-03-01 00:29:42,S3_MEDIUM_SOC_WHOLETESTING_L44,1.0,1,0,1,1,0,0,-0.0001546996363636,-1.5469963636374737e-05,1.0,249.36363636363637,6139.909090909091,,44.0,-0.1818181818181834,,,5.0,False,2.557020291970682,-0.0441133949775576,1.664095222821348,0.032093658193272,reconstructed_shortest,STALLED
CASE_033,S3_MEDIUM_SOC_WHOLETESTING,3.0,2026-03-01 00:29:43,S3_MEDIUM_SOC_WHOLETESTING_L44,1.0,1,0,1,1,0,0,-0.000425424,-5.801236363637474e-05,1.0,264.6666666666667,6521.166666666667,,44.0,-0.5,,,5.0,False,2.569633848138415,-0.0246602046025268,1.6546481416514178,0.0120348949365232,reconstructed_shortest,STALLED
CASE_033,S3_MEDIUM_SOC_WHOLETESTING,4.0,2026-03-01 00:29:44,S3_MEDIUM_SOC_WHOLETESTING_L44,1.0,1,0,1,1,0,0,-0.000425424,-0.0001005547636363,1.0,263.09090909090907,6481.272727272727,,44.0,-0.5,,,5.0,False,2.554946669844556,-0.0099730263086676,1.6616832709923977,0.0049997655955433,reconstructed_shortest,STALLED
CASE_033,S3_MEDIUM_SOC_WHOLETESTING,5.0,2026-03-01 00:29:45,S3_MEDIUM_SOC_WHOLETESTING_L44,1.0,1,0,1,1,0,0,-0.000425424,-0.0001430971636363,1.0,263.09090909090907,6481.272727272727,,44.0,-0.5,,,5.0,False,2.555201116133174,-0.0116686542159505,1.6620649101402838,0.0038544319360851,reconstructed_shortest,STALLED
CASE_034,S4_SAFETY_RICH_NAVEEN12,-15.0,2026-03-01 00:41:52,S4_SAFETY_RICH_NAVEEN12_L9,1.0,1,0,1,1,0,0,0.2981835545454545,0.1396131954242424,0.5,294.72727272727275,6544.272727272727,,64.0,297.8181818181818,,,5.0,False,3.8034246578303534,-0.8252366353782925,1.5549018057130966,0.6913042780874779,reconstructed_shortest,PROGRESS
CASE_034,S4_SAFETY_RICH_NAVEEN12,-14.0,2026-03-01 00:41:53,S4_SAFETY_RICH_NAVEEN12_L9,1.0,1,0,1,1,0,0,0.2280272454545454,0.1624159199696969,0.4,275.45454545454544,6095.727272727273,,65.0,227.9090909090909,,,5.0,False,4.058649710155301,-1.0415761037206304,1.4937995893221685,0.6852060787980567,reconstructed_shortest,PROGRESS
CASE_034,S4_SAFETY_RICH_NAVEEN12,-13.0,2026-03-01 00:41:54,S4_SAFETY_RICH_NAVEEN12_L9,1.0,1,0,1,1,0,0,0.09997462,0.1724133819696969,0.3,267.8333333333333,5924.5,,65.0,100.16666666666669,,,5.0,False,4.2060025364032905,-1.1520071787478037,1.476406119277909,0.5272214582227905,reconstructed_shortest,PROGRESS
CASE_034,S4_SAFETY_RICH_NAVEEN12,-12.0,2026-03-01 00:41:55,S4_SAFETY_RICH_NAVEEN12_L9,1.0,1,0,1,1,0,0,0.043003272,0.1767137091696969,0.2,266.3333333333333,5889.583333333333,,64.0,43.08333333333333,,,5.0,False,4.29324674859023,-1.1039817638446623,1.4733123160933372,0.3400253707679515,reconstructed_shortest,PROGRESS
CASE_034,S4_SAFETY_RICH_NAVEEN12,-11.0,2026-03-01 00:41:56,S4_SAFETY_RICH_NAVEEN12_L9,1.0,1,0,1,1,0,0,0.000425424,0.1767562515696969,0.2,276.54545454545456,6124.363636363636,,65.0,0.2727272727272662,,,5.0,False,4.321546209835518,-0.8772257904339318,1.4821443727132173,0.1975448480508392,reconstructed_shortest,PROGRESS
CASE_034,S4_SAFETY_RICH_NAVEEN12,-10.0,2026-03-01 00:41:57,S4_SAFETY_RICH_NAVEEN12_L9,1.0,1,0,1,1,0,0,0.000425424,0.1759634159696969,0.2,276.90909090909093,6131.0,,65.0,0.5,,,5.0,False,4.333675754833116,-0.530251097002763,1.4928461940064606,0.0620556117066359,reconstructed_shortest,PROGRESS
CASE_034,S4_SAFETY_RICH_NAVEEN12,-9.0,2026-03-01 00:41:58,S4_SAFETY_RICH_NAVEEN12_L9,1.0,1,0,1,1,0,0,0.000425424,0.1563513701878787,0.3,277.45454545454544,6145.909090909091,,64.0,0.5,,,5.0,False,4.330249669661292,-0.2715999595059912,1.4529619902322486,0.0408375990899196,reconstructed_shortest,PROGRESS
CASE_034,S4_SAFETY_RICH_NAVEEN12,-8.0,2026-03-01 00:41:59,S4_SAFETY_RICH_NAVEEN12_L9,1.0,1,0,1,1,0,0,0.000425424,0.1265716925878787,0.4,276.09090909090907,6109.545454545455,,64.0,0.5,,,5.0,False,4.330178972645524,-0.1241764362422337,1.4482318180901723,0.0281743011877366,reconstructed_shortest,PROGRESS
CASE_034,S4_SAFETY_RICH_NAVEEN12,-7.0,2026-03-01 00:42:00,S4_SAFETY_RICH_NAVEEN12_L9,1.0,1,0,1,1,0,0,0.000425424,0.0968616295333333,0.5,276.09090909090907,6113.0,,64.0,0.5,,,5.0,False,4.296564292794225,-0.0033175442039956,1.4549003968755494,0.0184119192177878,reconstructed_shortest,PROGRESS
CASE_034,S4_SAFETY_RICH_NAVEEN12,-6.0,2026-03-01 00:42:01,S4_SAFETY_RICH_NAVEEN12_L9,1.0,1,0,1,1,0,0,0.000425424,0.0671741236,0.6,277.1818181818182,6139.727272727273,,64.0,0.5,,,5.0,False,4.275410108626173,0.0461361012093455,1.483705879339421,-0.0015615066262038,reconstructed_shortest,PROGRESS
CASE_034,S4_SAFETY_RICH_NAVEEN12,-5.0,2026-03-01 00:42:02,S4_SAFETY_RICH_NAVEEN12_L9,1.0,1,0,1,1,0,0,0.000425424,0.0373983105454545,0.7,276.5,6123.5,,64.0,0.5,,,5.0,False,4.258514760554857,0.0751609942782591,1.49166397425973,0.0011822197467306,reconstructed_shortest,PROGRESS
CASE_034,S4_SAFETY_RICH_NAVEEN12,-4.0,2026-03-01 00:42:03,S4_SAFETY_RICH_NAVEEN12_L9,1.0,1,0,1,1,0,0,0.0004254236666666,0.0146381283666666,0.8,274.4166666666667,6076.916666666667,,64.0,0.5,,,5.0,False,4.309289744393255,0.0209599252680368,1.4851174024223237,-0.0321554121900748,reconstructed_shortest,STALLED
CASE_034,S4_SAFETY_RICH_NAVEEN12,-3.0,2026-03-01 00:42:04,S4_SAFETY_RICH_NAVEEN12_L9,1.0,1,0,1,1,0,0,0.0004254221818181,0.0046832085848484,0.9,274.09090909090907,6064.0,,65.0,0.2272727272727266,,,5.0,False,4.32979606694782,0.0003829056977044,1.491808083296733,-0.0435762652065609,reconstructed_shortest,STALLED
CASE_034,S4_SAFETY_RICH_NAVEEN12,-2.0,2026-03-01 00:42:05,S4_SAFETY_RICH_NAVEEN12_L9,1.0,1,0,1,1,0,0,0.000425423090909,0.0004254236939393,1.0,274.90909090909093,6082.0,,65.0,0.5,,,5.0,False,4.302507867612055,-0.00594357481783,1.490928312587879,-0.0360279157123295,reconstructed_shortest,STALLED
CASE_034,S4_SAFETY_RICH_NAVEEN12,-1.0,2026-03-01 00:42:06,S4_SAFETY_RICH_NAVEEN12_L9,1.0,1,0,1,1,0,0,0.000270723090909,0.0004099536030303,1.0,270.90909090909093,6005.636363636364,,65.0,0.3181818181818183,,,5.0,False,4.279355736090118,-0.0039456274639455,1.4934363361944785,-0.0097304568550573,reconstructed_shortest,STALLED
CASE_034,S4_SAFETY_RICH_NAVEEN12,0.0,2026-03-01 00:42:07,S4_SAFETY_RICH_NAVEEN12_L9,1.0,1,0,1,1,0,0,0.0,0.0003674112030303,1.0,245.1818181818182,5417.181818181818,,65.0,0.0,,,5.0,False,4.350387956150463,-0.091873195595606,1.5626309265889249,-0.0709669523291949,reconstructed_shortest,STALLED
CASE_034,S4_SAFETY_RICH_NAVEEN12,1.0,2026-03-01 00:42:08,S4_SAFETY_RICH_NAVEEN12_L9,1.0,1,0,1,1,0,0,0.0,0.0003248688030303,1.0,243.9090909090909,5390.0,,65.0,0.0,,,5.0,False,4.371288821761843,-0.0619990773685881,1.5825195598002957,-0.0974021573779719,reconstructed_shortest,STALLED
CASE_034,S4_SAFETY_RICH_NAVEEN12,2.0,2026-03-01 00:42:09,S4_SAFETY_RICH_NAVEEN12_L9,1.0,1,0,1,1,0,0,0.0,0.0002823264030303,1.0,240.25,5305.0,,65.0,0.0,,,5.0,False,4.360160248669775,-0.0303641817219553,1.576864957400196,-0.0850568741034627,reconstructed_shortest,STALLED
CASE_034,S4_SAFETY_RICH_NAVEEN12,3.0,2026-03-01 00:42:10,S4_SAFETY_RICH_NAVEEN12_L9,1.0,1,0,1,1,0,0,0.0501226909090909,0.0052520530939393,0.9,274.3636363636364,6075.454545454545,,64.0,50.18181818181818,,,5.0,False,4.331761191630077,-0.0292533240180219,1.5726970285781672,-0.0817687159902882,reconstructed_shortest,STALLED
CASE_034,S4_SAFETY_RICH_NAVEEN12,4.0,2026-03-01 00:42:11,S4_SAFETY_RICH_NAVEEN12_L9,1.0,1,0,1,1,0,0,0.2837965,0.0335891606939394,0.8,299.27272727272725,6647.0,,64.0,283.8181818181818,,,5.0,False,4.149072681091578,0.1302830549985403,1.6048641986669718,-0.1114278624724933,reconstructed_shortest,RECOVERING
CASE_034,S4_SAFETY_RICH_NAVEEN12,5.0,2026-03-01 00:42:12,S4_SAFETY_RICH_NAVEEN12_L9,1.0,1,0,1,1,0,0,0.2919826416666666,0.062744882460606,0.7,295.3333333333333,6555.416666666667,,64.0,291.83333333333337,,,5.0,False,3.853146361892858,0.4972415942576051,1.648170635216413,-0.085539708627488,reconstructed_shortest,RECOVERING
CASE_035,S1_LOW_SOC_STRESS,-15.0,2026-06-22 15:52:28,S1_LOW_SOC_STRESS_L250,44.0,1,0,1,0,1,1,0.0,0.0036161039024591,0.9,220.0,,42500.0,53.0,,,,6.0,False,14.823468590047414,-0.0567945347480396,11.03501925345686,0.0657858511144482,recorded,STALLED
CASE_035,S1_LOW_SOC_STRESS,-14.0,2026-06-22 15:52:29,S1_LOW_SOC_STRESS_L250,44.0,1,0,1,1,0,0,0.0,0.0036161039024591,0.9,220.0,,42500.0,53.0,,,,6.0,False,14.694295900401585,0.0745843843338853,11.161973820381707,-0.0636627379004455,recorded,PROGRESS
CASE_035,S1_LOW_SOC_STRESS,-13.0,2026-06-22 15:52:30,S1_LOW_SOC_STRESS_L250,44.0,1,0,1,0,1,1,0.0,0.0036161039024591,0.9,220.0,,42500.0,53.0,,,,6.0,False,14.694295900401585,0.0745843843338853,11.161973820381707,-0.0636627379004455,recorded,PROGRESS
CASE_035,S1_LOW_SOC_STRESS,-12.0,2026-06-22 15:52:31,S1_LOW_SOC_STRESS_L250,44.0,1,0,1,1,0,0,0.0,0.0036161039024591,0.9,220.0,,42500.0,53.0,,,,6.0,False,14.633502261924823,0.2703965796734806,11.223134676545278,-0.2659198790210624,recorded,PROGRESS
CASE_035,S1_LOW_SOC_STRESS,-11.0,2026-06-22 15:52:32,S1_LOW_SOC_STRESS_L250,44.0,1,0,1,0,1,1,0.0,0.0036161039024591,0.9,220.0,,42500.0,53.0,,,,6.0,False,14.633502261924823,0.1899663281225887,11.223134676545278,-0.1881154230884174,recorded,PROGRESS
CASE_035,S1_LOW_SOC_STRESS,-10.0,2026-06-22 15:52:33,S1_LOW_SOC_STRESS_L250,44.0,1,0,1,1,0,0,0.0,0.0036161039024591,0.9,220.0,,42519.0,53.0,,,,6.0,False,14.634239514802983,0.1892290752444303,11.224866946854048,-0.1898476933971871,recorded,PROGRESS
CASE_035,S1_LOW_SOC_STRESS,-9.0,2026-06-22 15:52:34,S1_LOW_SOC_STRESS_L250,44.0,1,0,1,1,0,0,0.0,0.0036161039024591,0.9,220.0,,42500.0,53.0,,,,6.0,False,14.641935252757577,0.0523606476440061,11.2201876537953,-0.0582138334135926,recorded,PROGRESS
CASE_035,S1_LOW_SOC_STRESS,-8.0,2026-06-22 15:52:35,S1_LOW_SOC_STRESS_L250,44.0,1,0,1,0,1,1,0.0,0.0036161039024591,0.9,220.0,,42500.0,53.0,,,,6.0,False,14.641935252757577,0.0523606476440061,11.2201876537953,-0.0582138334135926,recorded,PROGRESS
CASE_035,S1_LOW_SOC_STRESS,-7.0,2026-06-22 15:52:36,S1_LOW_SOC_STRESS_L250,44.0,1,0,1,1,0,0,0.0,0.0,1.0,220.0,,42500.0,53.0,,,,6.0,False,14.64259407459642,-0.0090918126715955,11.219877226635605,0.0032574499096735,recorded,STALLED
CASE_035,S1_LOW_SOC_STRESS,-6.0,2026-06-22 15:52:37,S1_LOW_SOC_STRESS_L250,44.0,1,0,1,0,1,1,0.0,0.0,1.0,220.0,,42500.0,53.0,,,,6.0,False,14.64259407459642,-0.0090918126715955,11.219877226635605,0.0032574499096735,recorded,STALLED
CASE_035,S1_LOW_SOC_STRESS,-5.0,2026-06-22 15:52:38,S1_LOW_SOC_STRESS_L250,44.0,1,0,1,1,0,0,0.0,0.0,1.0,218.0,,42535.0,53.0,,,,6.0,False,14.639986968610858,-0.0057474538078743,11.221868666522754,0.002998280331294,recorded,STALLED
CASE_035,S1_LOW_SOC_STRESS,-4.0,2026-06-22 15:52:39,S1_LOW_SOC_STRESS_L250,44.0,1,0,1,0,1,1,0.0,0.0,1.0,218.0,,42535.0,53.0,,,,6.0,False,14.639986968610858,0.0019482841467191,11.221868666522754,-0.0016810127274542,recorded,STALLED
CASE_035,S1_LOW_SOC_STRESS,-3.0,2026-06-22 15:52:40,S1_LOW_SOC_STRESS_L250,44.0,1,0,1,1,0,0,0.0,0.0,1.0,220.0,,42500.0,53.0,,,,6.0,False,14.639139279876847,0.0027959728807278,11.22320660928534,-0.0030189554900399,recorded,STALLED
CASE_035,S1_LOW_SOC_STRESS,-2.0,2026-06-22 15:52:41,S1_LOW_SOC_STRESS_L250,44.0,1,0,1,1,0,0,0.0,0.0,1.0,220.0,,42500.0,53.0,,,,6.0,False,14.64169862385842,0.0008954507379996,11.220377117377272,-0.0004998907416684,recorded,STALLED
CASE_035,S1_LOW_SOC_STRESS,-1.0,2026-06-22 15:52:42,S1_LOW_SOC_STRESS_L250,44.0,1,0,1,0,1,1,0.0,0.0,1.0,220.0,,42500.0,53.0,,,,6.0,False,14.64169862385842,0.0008954507379996,11.220377117377272,-0.0004998907416684,recorded,STALLED
CASE_035,S1_LOW_SOC_STRESS,0.0,2026-06-22 15:52:43,S1_LOW_SOC_STRESS_L250,44.0,1,0,1,1,0,0,0.0,0.0,1.0,218.0,,42500.0,53.0,,,,6.0,False,14.643161043701676,-0.0031740750908184,11.219052171861874,0.0028164946608804,recorded,STALLED
CASE_035,S1_LOW_SOC_STRESS,1.0,2026-06-22 15:52:44,S1_LOW_SOC_STRESS_L250,44.0,1,0,1,0,1,1,0.0,0.0,1.0,218.0,,42500.0,53.0,,,,6.0,False,14.643161043701676,-0.0031740750908184,11.219052171861874,0.0028164946608804,recorded,STALLED
CASE_035,S1_LOW_SOC_STRESS,2.0,2026-06-22 15:52:45,S1_LOW_SOC_STRESS_L250,44.0,1,0,1,1,0,0,0.0,0.0,1.0,220.0,,42500.0,53.0,,,,6.0,False,14.6388075827999,0.00033169707695,11.222683960210366,0.0005226490749734,recorded,STALLED
CASE_035,S1_LOW_SOC_STRESS,3.0,2026-06-22 15:52:46,S1_LOW_SOC_STRESS_L250,44.0,1,0,1,1,0,0,0.0,0.0,1.0,220.0,,42500.0,53.0,,,,6.0,False,14.642526748479186,-0.0008281246207655,11.219387950706407,0.0009891666708661,recorded,STALLED
CASE_035,S1_LOW_SOC_STRESS,4.0,2026-06-22 15:52:47,S1_LOW_SOC_STRESS_L250,44.0,1,0,1,0,1,1,0.0,0.0,1.0,220.0,,42500.0,53.0,,,,6.0,False,14.642526748479186,-0.0008281246207655,11.219387950706407,0.0009891666708661,recorded,STALLED
CASE_035,S1_LOW_SOC_STRESS,5.0,2026-06-22 15:52:48,S1_LOW_SOC_STRESS_L250,44.0,1,0,1,1,0,0,0.0,0.0,1.0,218.0,,42500.0,53.0,,,,6.0,False,14.64375628206546,-0.0005952383637843,11.21834407862848,0.0007080932333938,recorded,STALLED
CASE_036,S4_SAFETY_RICH_NAVEEN12,-15.0,2026-03-01 01:09:53,S4_SAFETY_RICH_NAVEEN12_L27,1.0,1,0,1,1,0,0,0.298067509090909,0.2985989745454545,0.0,290.54545454545456,6610.0,,59.0,297.8181818181818,,,2.0,False,0.8061098191499452,1.4377607815079114,0.8061098191499453,1.4349925684034197,reconstructed_shortest,PROGRESS
CASE_036,S4_SAFETY_RICH_NAVEEN12,-14.0,2026-03-01 01:09:54,S4_SAFETY_RICH_NAVEEN12_L27,1.0,1,0,1,1,0,0,0.298364,0.2985048609090909,0.0,290.3333333333333,6604.333333333333,,59.0,298.16666666666663,,,2.0,False,0.494064379899466,1.4388419380804116,0.494064379899466,1.4363277801339418,reconstructed_shortest,PROGRESS
CASE_036,S4_SAFETY_RICH_NAVEEN12,-13.0,2026-03-01 01:09:55,S4_SAFETY_RICH_NAVEEN12_L27,1.0,1,0,1,1,0,0,0.2431104818181818,0.2930400954545454,0.0,273.90909090909093,6222.181818181818,,60.0,243.1818181818182,,,2.0,False,0.2506260888666036,1.3749080814216994,0.2506260888666036,1.3749080814216994,reconstructed_shortest,PROGRESS
CASE_036,S4_SAFETY_RICH_NAVEEN12,-12.0,2026-03-01 01:09:56,S4_SAFETY_RICH_NAVEEN12_L27,1.0,1,0,1,1,0,0,0.1004000618181818,0.2731960016363636,0.0,265.90909090909093,6033.090909090909,,60.0,100.72727272727272,,,2.0,False,0.1079908482440558,1.2699925870530206,0.1079908482440558,1.2699925870530206,reconstructed_shortest,PROGRESS
CASE_036,S4_SAFETY_RICH_NAVEEN12,-11.0,2026-03-01 01:09:57,S4_SAFETY_RICH_NAVEEN12_L27,1.0,1,0,1,1,0,0,0.0823904449999999,0.2515896206818181,0.0,257.6666666666667,5834.333333333333,,61.0,82.66666666666666,,,2.0,False,0.0212493464500819,1.0656366400569206,0.0212493464500819,1.0656366400569206,reconstructed_shortest,PROGRESS
CASE_036,S4_SAFETY_RICH_NAVEEN12,-10.0,2026-03-01 01:09:58,S4_SAFETY_RICH_NAVEEN12_L27,1.0,1,0,1,1,0,0,0.0,0.2217851256818181,0.1,231.27272727272728,5228.818181818182,,61.0,0.0,,,2.0,False,0.0067949395876639,0.7993148795622812,0.0067949395876639,0.7993148795622813,reconstructed_shortest,PROGRESS
CASE_036,S4_SAFETY_RICH_NAVEEN12,-9.0,2026-03-01 01:09:59,S4_SAFETY_RICH_NAVEEN12_L27,1.0,1,0,1,1,0,0,0.0,0.1918778206818181,0.2,229.45454545454547,5194.090909090909,,61.0,0.0,,,2.0,False,0.0067145848926791,0.4873497950067869,0.0067145848926791,0.4873497950067869,reconstructed_shortest,PROGRESS
CASE_036,S4_SAFETY_RICH_NAVEEN12,-8.0,2026-03-01 01:10:00,S4_SAFETY_RICH_NAVEEN12_L27,1.0,1,0,1,1,0,0,0.0,0.1620091924999999,0.3,230.25,5205.0,,61.0,0.0,,,2.0,False,0.0067023831665396,0.2439237057000639,0.0067023831665396,0.2439237057000639,reconstructed_shortest,PROGRESS
CASE_036,S4_SAFETY_RICH_NAVEEN12,-7.0,2026-03-01 01:10:01,S4_SAFETY_RICH_NAVEEN12_L27,1.0,1,0,1,1,0,0,0.0,0.1321018825,0.4,232.0,5233.0,,61.0,0.0,,,2.0,False,0.0067600012739009,0.1012308469701549,0.0067600012739009,0.1012308469701549,reconstructed_shortest,PROGRESS
CASE_036,S4_SAFETY_RICH_NAVEEN12,-6.0,2026-03-01 01:10:02,S4_SAFETY_RICH_NAVEEN12_L27,1.0,1,0,1,1,0,0,0.0,0.1022332497727272,0.5,232.0,5233.0,,61.0,0.0,,,2.0,False,0.0068796546747964,0.0143696917752855,0.0068796546747964,0.0143696917752855,reconstructed_shortest,PROGRESS
CASE_036,S4_SAFETY_RICH_NAVEEN12,-5.0,2026-03-01 01:10:03,S4_SAFETY_RICH_NAVEEN12_L27,1.0,1,0,1,1,0,0,0.0,0.0724264988636363,0.6,231.5,5222.25,,61.0,0.0,,,2.0,False,0.0096694210788438,-0.0028744814911798,0.0096694210788438,-0.0028744814911798,reconstructed_shortest,STALLED
CASE_036,S4_SAFETY_RICH_NAVEEN12,-4.0,2026-03-01 01:10:04,S4_SAFETY_RICH_NAVEEN12_L27,1.0,1,0,1,1,0,0,0.0,0.0425900988636363,0.7,231.45454545454547,5221.272727272727,,61.0,0.0,,,2.0,False,0.0072092351722361,-0.000494650279557,0.0072092351722361,-0.000494650279557,reconstructed_shortest,STALLED
CASE_036,S4_SAFETY_RICH_NAVEEN12,-3.0,2026-03-01 01:10:05,S4_SAFETY_RICH_NAVEEN12_L27,1.0,1,0,1,1,0,0,0.0,0.0182790506818181,0.8,232.0,5233.0,,61.0,0.0,,,2.0,False,0.0070323327566325,-0.0003299495900929,0.0070323327566325,-0.0003299495900929,reconstructed_shortest,STALLED
CASE_036,S4_SAFETY_RICH_NAVEEN12,-2.0,2026-03-01 01:10:06,S4_SAFETY_RICH_NAVEEN12_L27,1.0,1,0,1,1,0,0,0.0,0.0082390444999999,0.9,230.0909090909091,5202.363636363636,,61.0,0.0,,,2.0,False,0.0073017985353776,-0.0005417972614767,0.0073017985353776,-0.0005417972614767,reconstructed_shortest,STALLED
CASE_036,S4_SAFETY_RICH_NAVEEN12,-1.0,2026-03-01 01:10:07,S4_SAFETY_RICH_NAVEEN12_L27,1.0,1,0,1,1,0,0,0.0,0.0,1.0,230.0909090909091,5200.363636363636,,61.0,0.0,,,2.0,False,0.0067949395876639,8.471508713244619e-05,0.0067949395876639,8.471508713244705e-05,reconstructed_shortest,STALLED
CASE_036,S4_SAFETY_RICH_NAVEEN12,0.0,2026-03-01 01:10:08,S4_SAFETY_RICH_NAVEEN12_L27,1.0,1,0,1,1,0,0,0.0,0.0,1.0,231.45454545454547,5226.454545454545,,61.0,0.0,,,2.0,False,0.0067083897662704,0.0029610313125733,0.0067083897662704,0.0029610313125733,reconstructed_shortest,STALLED
CASE_036,S4_SAFETY_RICH_NAVEEN12,1.0,2026-03-01 01:10:09,S4_SAFETY_RICH_NAVEEN12_L27,1.0,1,0,1,1,0,0,0.0,0.0,1.0,231.0,5212.0,,61.0,0.0,,,2.0,False,0.0067164279196611,0.000492807252575,0.0067164279196611,0.000492807252575,reconstructed_shortest,STALLED
CASE_036,S4_SAFETY_RICH_NAVEEN12,2.0,2026-03-01 01:10:10,S4_SAFETY_RICH_NAVEEN12_L27,1.0,1,0,1,1,0,0,0.0,0.0,1.0,232.0,5232.333333333333,,61.0,0.0,,,2.0,False,0.0067370850604036,0.0002952476962289,0.0067370850604036,0.0002952476962289,reconstructed_shortest,STALLED
CASE_036,S4_SAFETY_RICH_NAVEEN12,3.0,2026-03-01 01:10:11,S4_SAFETY_RICH_NAVEEN12_L27,1.0,1,0,1,1,0,0,0.0,0.0,1.0,231.45454545454547,5220.909090909091,,61.0,0.0,,,2.0,False,0.0067145848926791,0.0005872136426984,0.0067145848926791,0.0005872136426984,reconstructed_shortest,STALLED
CASE_036,S4_SAFETY_RICH_NAVEEN12,4.0,2026-03-01 01:10:12,S4_SAFETY_RICH_NAVEEN12_L27,1.0,1,0,1,1,0,0,0.0,0.0,1.0,231.45454545454547,5221.272727272727,,61.0,0.0,,,2.0,False,0.007166531304763,-0.000371591717099,0.007166531304763,-0.000371591717099,reconstructed_shortest,STALLED
CASE_036,S4_SAFETY_RICH_NAVEEN12,5.0,2026-03-01 01:10:13,S4_SAFETY_RICH_NAVEEN12_L27,1.0,1,0,1,1,0,0,0.0,0.0,1.0,232.0,5233.0,,61.0,0.0,,,2.0,False,0.0087904622302941,-0.0020820724640236,0.0087904622302941,-0.0020820724640236,reconstructed_shortest,STALLED
CASE_037,S1_LOW_SOC_STRESS,-15.0,2026-06-22 16:08:14,S1_LOW_SOC_STRESS_L298,49.0,1,0,1,1,0,0,0.2990730702877044,0.188930793851614,0.3,280.0,,41573.0,49.0,,,,1.0,False,6.472029845556248,2.4110575018903724,2.2161432182097505,-0.984213192304394,recorded,PROGRESS
CASE_037,S1_LOW_SOC_STRESS,-14.0,2026-06-22 16:08:15,S1_LOW_SOC_STRESS_L298,49.0,1,0,1,0,1,1,0.2990730702877044,0.2188381008803844,0.2,280.0,,41573.0,49.0,,,,1.0,False,6.472029845556248,2.4110575018903724,2.2161432182097505,-0.984213192304394,recorded,PROGRESS
CASE_037,S1_LOW_SOC_STRESS,-13.0,2026-06-22 16:08:16,S1_LOW_SOC_STRESS_L298,49.0,1,0,1,1,0,0,0.2990730702877044,0.2487454079091548,0.1,272.0,,41585.0,49.0,,,,1.0,False,6.02485080952178,3.3251687428406047,2.6122704263201717,-1.1293828795728014,recorded,PROGRESS
CASE_037,S1_LOW_SOC_STRESS,-12.0,2026-06-22 16:08:17,S1_LOW_SOC_STRESS_L298,49.0,1,0,1,0,1,1,0.2990730702877044,0.2786527149379253,0.0,272.0,,41585.0,49.0,,,,1.0,False,6.02485080952178,3.3251687428406047,2.6122704263201717,-1.1293828795728014,recorded,PROGRESS
CASE_037,S1_LOW_SOC_STRESS,-11.0,2026-06-22 16:08:18,S1_LOW_SOC_STRESS_L298,49.0,1,0,1,1,0,0,0.2986476421356201,0.2987327277660369,0.0,271.0,,41585.0,49.0,,,,1.0,False,5.634514897474819,4.210188210573193,2.97394317278819,-1.1306646600428134,recorded,PROGRESS
CASE_037,S1_LOW_SOC_STRESS,-10.0,2026-06-22 16:08:19,S1_LOW_SOC_STRESS_L298,49.0,1,0,1,1,0,0,0.2977967858314514,0.2986901849508285,0.0,263.0,,41587.0,49.0,,,,1.0,False,4.9696779582806805,1.5023518872755677,3.5969989099717985,-1.380855691762048,recorded,PROGRESS
CASE_037,S1_LOW_SOC_STRESS,-9.0,2026-06-22 16:08:20,S1_LOW_SOC_STRESS_L298,49.0,1,0,1,0,1,1,0.2977967858314514,0.29864764213562,0.0,263.0,,41587.0,49.0,,,,1.0,False,4.9696779582806805,1.5023518872755677,3.5969989099717985,-1.380855691762048,recorded,PROGRESS
CASE_037,S1_LOW_SOC_STRESS,-8.0,2026-06-22 16:08:21,S1_LOW_SOC_STRESS_L298,49.0,1,0,1,1,0,0,0.1237983852624893,0.281162716448307,0.0,273.0,,41585.0,49.0,,,,1.0,False,5.027653303228617,0.9971975062931628,3.844759174070412,-1.2324887477502404,recorded,PROGRESS
CASE_037,S1_LOW_SOC_STRESS,-7.0,2026-06-22 16:08:22,S1_LOW_SOC_STRESS_L298,49.0,1,0,1,0,1,1,0.1237983852624893,0.2636777907609939,0.0,273.0,,41585.0,49.0,,,,1.0,False,5.027653303228617,0.9971975062931628,3.844759174070412,-1.2324887477502404,recorded,PROGRESS
CASE_037,S1_LOW_SOC_STRESS,-6.0,2026-06-22 16:08:23,S1_LOW_SOC_STRESS_L298,49.0,1,0,1,1,0,0,0.1029525995254516,0.244108286499977,0.0,272.0,,41585.0,49.0,,,,1.0,False,4.684017474337643,0.9504974231371764,3.9388004707990474,-0.9648572980108568,recorded,PROGRESS
CASE_037,S1_LOW_SOC_STRESS,-5.0,2026-06-22 16:08:24,S1_LOW_SOC_STRESS_L298,49.0,1,0,1,1,0,0,0.2646137475967407,0.2406623542308807,0.0,273.0,,41515.0,49.0,,,,1.0,False,4.76919716816257,0.2004807901181102,3.792902607053112,-0.1959036970813139,recorded,PROGRESS
CASE_037,S1_LOW_SOC_STRESS,-4.0,2026-06-22 16:08:25,S1_LOW_SOC_STRESS_L298,49.0,1,0,1,0,1,1,0.2646137475967407,0.2372164219617843,0.0,273.0,,41515.0,49.0,,,,1.0,False,4.76919716816257,0.2004807901181102,3.792902607053112,-0.1959036970813139,recorded,PROGRESS
CASE_037,S1_LOW_SOC_STRESS,-3.0,2026-06-22 16:08:26,S1_LOW_SOC_STRESS_L298,49.0,1,0,1,1,0,0,0.1488983929157257,0.2221989542245865,0.0,274.0,,41585.0,49.0,,,,1.0,False,3.905398362775509,1.122254940453108,3.745934324986939,0.0988248490834733,recorded,PROGRESS
CASE_037,S1_LOW_SOC_STRESS,-2.0,2026-06-22 16:08:27,S1_LOW_SOC_STRESS_L298,49.0,1,0,1,0,1,1,0.1488983929157257,0.2071814864873886,0.0,274.0,,41585.0,49.0,,,,1.0,False,3.905398362775509,1.122254940453108,3.745934324986939,0.0988248490834733,recorded,PROGRESS
CASE_037,S1_LOW_SOC_STRESS,-1.0,2026-06-22 16:08:28,S1_LOW_SOC_STRESS_L298,49.0,1,0,1,1,0,0,0.090615302324295,0.1863782525062561,0.0,275.0,,41585.0,49.0,,,,1.0,False,3.7513452099350033,0.9326722644026396,3.6835913319798,0.255209138819247,recorded,PROGRESS
CASE_037,S1_LOW_SOC_STRESS,0.0,2026-06-22 16:08:29,S1_LOW_SOC_STRESS_L298,49.0,1,0,1,1,0,0,0.252701848745346,0.1818687587976455,0.0,281.0,,41515.0,49.0,,,,1.0,False,3.5832275984451427,1.1859695697174275,3.4425474569638057,0.3503551500893067,recorded,PROGRESS
CASE_037,S1_LOW_SOC_STRESS,1.0,2026-06-22 16:08:30,S1_LOW_SOC_STRESS_L298,49.0,1,0,1,0,1,1,0.252701848745346,0.177359265089035,0.0,281.0,,41515.0,49.0,,,,1.0,False,3.5832275984451427,1.1859695697174275,3.4425474569638057,0.3503551500893067,recorded,PROGRESS
CASE_037,S1_LOW_SOC_STRESS,2.0,2026-06-22 16:08:31,S1_LOW_SOC_STRESS_L298,49.0,1,0,1,1,0,0,0.2977967858314514,0.1947591051459312,0.0,271.0,,41585.0,49.0,,,,1.0,False,4.01087490649903,-0.1054765437235207,3.012245957669489,0.7336883673174497,recorded,PROGRESS
CASE_037,S1_LOW_SOC_STRESS,3.0,2026-06-22 16:08:32,S1_LOW_SOC_STRESS_L298,49.0,1,0,1,1,0,0,0.2965205311775207,0.2120313197374344,0.0,280.0,,41515.0,49.0,,,,1.0,False,4.409527207380696,-0.5041288446051873,2.6125608362030386,1.1333734887839002,recorded,PROGRESS
CASE_037,S1_LOW_SOC_STRESS,4.0,2026-06-22 16:08:33,S1_LOW_SOC_STRESS_L298,49.0,1,0,1,0,1,1,0.2965205311775207,0.2313881129026412,0.0,280.0,,41515.0,49.0,,,,1.0,False,4.409527207380696,-0.6581819974456931,2.6125608362030386,1.0710304957767618,recorded,PROGRESS
CASE_037,S1_LOW_SOC_STRESS,5.0,2026-06-22 16:08:34,S1_LOW_SOC_STRESS_L298,49.0,1,0,1,1,0,0,0.2982222139835357,0.2347489595413207,0.0,277.0,,41515.0,49.0,,,,1.0,False,4.8629363437903965,-1.2797087453452538,2.1589691787816485,1.2835782781821572,recorded,PROGRESS
CASE_038,S4_SAFETY_RICH_NAVEEN12,-15.0,2026-03-01 00:36:32,S4_SAFETY_RICH_NAVEEN12_L3,1.0,1,0,1,1,0,0,0.0,0.0835711947424242,0.6,231.9090909090909,5093.363636363636,,66.0,0.0,,,5.0,False,3.1162771705036216,-0.1118647818101403,2.044185079327372,-0.1102528797934976,reconstructed_shortest,STALLED
CASE_038,S4_SAFETY_RICH_NAVEEN12,-14.0,2026-03-01 00:36:33,S4_SAFETY_RICH_NAVEEN12_L3,1.0,1,0,1,1,0,0,0.0449885925,0.0595808256590909,0.6,267.5,5887.25,,65.0,45.125,,,5.0,False,3.1066736056457405,-0.1049412761894243,2.046217673047003,-0.1140949887408449,reconstructed_shortest,STALLED
CASE_038,S4_SAFETY_RICH_NAVEEN12,-13.0,2026-03-01 00:36:34,S4_SAFETY_RICH_NAVEEN12_L3,1.0,1,0,1,1,0,0,0.08373764,0.0411188416590909,0.6,274.1666666666667,6043.166666666667,,66.0,83.58333333333333,,,5.0,False,3.1189911410304516,-0.1225662518143755,2.0710456493775298,-0.1332471146758909,reconstructed_shortest,STALLED
CASE_038,S4_SAFETY_RICH_NAVEEN12,-12.0,2026-03-01 00:36:35,S4_SAFETY_RICH_NAVEEN12_L3,1.0,1,0,1,1,0,0,0.0,0.0183779962045454,0.7,231.9090909090909,5092.272727272727,,66.0,0.0,,,5.0,False,3.1906944183008306,-0.1779075530179761,2.1162906024838244,-0.1387829460491474,reconstructed_shortest,STALLED
CASE_038,S4_SAFETY_RICH_NAVEEN12,-11.0,2026-03-01 00:36:36,S4_SAFETY_RICH_NAVEEN12_L3,1.0,1,0,1,1,0,0,0.0,0.0183779962045454,0.7,231.0,5074.416666666667,,66.0,0.0,,,5.0,False,3.2564276006640127,-0.151257053885025,2.164192478673924,-0.1257520401579426,reconstructed_shortest,STALLED
CASE_038,S4_SAFETY_RICH_NAVEEN12,-10.0,2026-03-01 00:36:37,S4_SAFETY_RICH_NAVEEN12_L3,1.0,1,0,1,1,0,0,0.0,0.0183779962045454,0.7,231.5,5074.5,,66.0,0.0,,,5.0,False,3.2770560756632636,-0.160778905159642,2.1888109408374428,-0.1446258615100708,reconstructed_shortest,STALLED
CASE_038,S4_SAFETY_RICH_NAVEEN12,-9.0,2026-03-01 00:36:38,S4_SAFETY_RICH_NAVEEN12_L3,1.0,1,0,1,1,0,0,0.0,0.0183779962045454,0.7,229.0909090909091,5028.818181818182,,66.0,0.0,,,5.0,False,3.274062031185617,-0.1673884255398761,2.1851410963381945,-0.1389234232911915,reconstructed_shortest,STALLED
CASE_038,S4_SAFETY_RICH_NAVEEN12,-8.0,2026-03-01 00:36:39,S4_SAFETY_RICH_NAVEEN12_L3,1.0,1,0,1,1,0,0,0.0,0.0137196037045454,0.8,231.54545454545453,5088.909090909091,,66.0,0.0,,,5.0,False,3.2761287535141874,-0.1571376124837358,2.1880332194181116,-0.1169875700405818,reconstructed_shortest,STALLED
CASE_038,S4_SAFETY_RICH_NAVEEN12,-7.0,2026-03-01 00:36:40,S4_SAFETY_RICH_NAVEEN12_L3,1.0,1,0,1,1,0,0,0.0,0.01287262325,0.8,231.9090909090909,5094.454545454545,,66.0,0.0,,,5.0,False,3.275799523907026,-0.0851051056061953,2.1882766772444935,-0.0719860747606691,reconstructed_shortest,STALLED
CASE_038,S4_SAFETY_RICH_NAVEEN12,-6.0,2026-03-01 00:36:41,S4_SAFETY_RICH_NAVEEN12_L3,1.0,1,0,1,1,0,0,0.0,0.01287262325,0.8,231.5,5085.5,,66.0,0.0,,,5.0,False,3.2754977991208594,-0.0190701984568466,2.1877736076033223,-0.0235811289293983,reconstructed_shortest,STALLED
CASE_038,S4_SAFETY_RICH_NAVEEN12,-5.0,2026-03-01 00:36:42,S4_SAFETY_RICH_NAVEEN12_L3,1.0,1,0,1,1,0,0,0.0,0.01287262325,0.8,231.5,5085.5,,66.0,0.0,,,5.0,False,3.276456215944963,0.0005998597183007,2.1885237623455662,0.0002871784918765,reconstructed_shortest,STALLED
CASE_038,S4_SAFETY_RICH_NAVEEN12,-4.0,2026-03-01 00:36:43,S4_SAFETY_RICH_NAVEEN12_L3,1.0,1,0,1,1,0,0,0.0,0.008373764,0.9,231.9090909090909,5094.454545454545,,66.0,0.0,,,5.0,False,3.2767276390547915,-0.0026656078691749,2.188378601611867,-0.0032375052736726,reconstructed_shortest,STALLED
CASE_038,S4_SAFETY_RICH_NAVEEN12,-3.0,2026-03-01 00:36:44,S4_SAFETY_RICH_NAVEEN12_L3,1.0,1,0,1,1,0,0,0.0,0.0,1.0,231.5,5085.5,,66.0,0.0,,,5.0,False,3.274988213860532,0.0011405396536554,2.185863963548334,0.0021692558697776,reconstructed_shortest,STALLED
CASE_038,S4_SAFETY_RICH_NAVEEN12,-2.0,2026-03-01 00:36:45,S4_SAFETY_RICH_NAVEEN12_L3,1.0,1,0,1,1,0,0,0.0,0.0,1.0,231.5,5085.5,,66.0,0.0,,,5.0,False,3.2731473705841063,0.0026521533229195,2.183648757727261,0.0046279195172322,reconstructed_shortest,STALLED
CASE_038,S4_SAFETY_RICH_NAVEEN12,-1.0,2026-03-01 00:36:46,S4_SAFETY_RICH_NAVEEN12_L3,1.0,1,0,1,1,0,0,0.0,0.0,1.0,231.33333333333337,5073.75,,66.0,0.0,,,5.0,False,3.278685910347773,-0.0031881112269136,2.1905289731708852,-0.0027553655675629,reconstructed_shortest,STALLED
CASE_038,S4_SAFETY_RICH_NAVEEN12,0.0,2026-03-01 00:36:47,S4_SAFETY_RICH_NAVEEN12_L3,1.0,1,0,1,1,0,0,0.0,0.0,1.0,231.83333333333337,5082.833333333333,,66.0,0.0,,,5.0,False,3.2768896033220405,-0.0004333873770776,2.188208769170138,0.000314993175428,reconstructed_shortest,STALLED
CASE_038,S4_SAFETY_RICH_NAVEEN12,1.0,2026-03-01 00:36:48,S4_SAFETY_RICH_NAVEEN12_L3,1.0,1,0,1,1,0,0,0.0,0.0,1.0,231.9090909090909,5094.454545454545,,66.0,0.0,,,5.0,False,3.237902776973862,0.0388248620809288,2.154267429181905,0.034111172429962,reconstructed_shortest,PROGRESS
CASE_038,S4_SAFETY_RICH_NAVEEN12,2.0,2026-03-01 00:36:49,S4_SAFETY_RICH_NAVEEN12_L3,1.0,1,0,1,1,0,0,0.0,0.0,1.0,239.0,5245.363636363636,,66.0,0.0,,,5.0,False,3.2302754088445167,0.0447128050160152,2.14672386349376,0.0391401000545741,reconstructed_shortest,PROGRESS
CASE_038,S4_SAFETY_RICH_NAVEEN12,3.0,2026-03-01 00:36:50,S4_SAFETY_RICH_NAVEEN12_L3,1.0,1,0,1,1,0,0,0.0,0.0,1.0,239.5,5262.5,,66.0,0.0,,,5.0,False,3.247387028389645,0.0257603421944612,2.158034748348634,0.0256140093786272,reconstructed_shortest,STALLED
CASE_038,S4_SAFETY_RICH_NAVEEN12,4.0,2026-03-01 00:36:51,S4_SAFETY_RICH_NAVEEN12_L3,1.0,1,0,1,1,0,0,0.0,0.0,1.0,231.9090909090909,5091.909090909091,,66.0,0.0,,,5.0,False,3.1004673373938267,0.1782185729539462,2.019495373587931,0.1710335995829544,reconstructed_shortest,PROGRESS
CASE_038,S4_SAFETY_RICH_NAVEEN12,5.0,2026-03-01 00:36:52,S4_SAFETY_RICH_NAVEEN12_L3,1.0,1,0,1,1,0,0,0.0,0.0,1.0,231.9090909090909,5092.818181818182,,66.0,0.0,,,5.0,False,3.1004673373938267,0.1764222659282137,2.019495373587931,0.1687133955822073,reconstructed_shortest,PROGRESS
CASE_039,S1_LOW_SOC_STRESS,-15.0,2026-06-22 16:57:06,S1_LOW_SOC_STRESS_L533,87.0,1,0,1,1,0,0,0.262061208486557,0.2949889987707138,0.0,218.0,,38068.0,33.0,,,,2.0,False,14.17648784237184,1.82032959937672,13.639420272632108,1.8438477342629884,recorded,PROGRESS
CASE_039,S1_LOW_SOC_STRESS,-14.0,2026-06-22 16:57:07,S1_LOW_SOC_STRESS_L533,87.0,1,0,1,0,1,1,0.262061208486557,0.291287812590599,0.0,218.0,,38068.0,33.0,,,,2.0,False,14.17648784237184,1.82032959937672,13.639420272632108,1.8438477342629884,recorded,PROGRESS
CASE_039,S1_LOW_SOC_STRESS,-13.0,2026-06-22 16:57:08,S1_LOW_SOC_STRESS_L533,87.0,1,0,1,1,0,0,0.0,0.2613805055618286,0.1,205.0,,38138.0,34.0,,,,2.0,False,14.3849976073313,0.6941504656746496,13.430889445513955,1.1317265363914937,recorded,PROGRESS
CASE_039,S1_LOW_SOC_STRESS,-12.0,2026-06-22 16:57:09,S1_LOW_SOC_STRESS_L533,87.0,1,0,1,0,1,1,0.0,0.2314731985330581,0.2,205.0,,38138.0,34.0,,,,2.0,False,14.3849976073313,0.6941504656746496,13.430889445513955,1.1317265363914937,recorded,PROGRESS
CASE_039,S1_LOW_SOC_STRESS,-11.0,2026-06-22 16:57:10,S1_LOW_SOC_STRESS_L533,87.0,1,0,1,0,1,2,0.0,0.2015658915042877,0.3,205.0,,38138.0,34.0,,,,2.0,False,14.3849976073313,0.6941504656746496,13.430889445513955,1.1317265363914937,recorded,PROGRESS
CASE_039,S1_LOW_SOC_STRESS,-10.0,2026-06-22 16:57:11,S1_LOW_SOC_STRESS_L533,87.0,1,0,1,1,0,0,0.0,0.1716585844755172,0.4,205.0,,38141.0,34.0,,,,2.0,False,14.386543911602487,-0.2100560692306459,13.429439233977828,0.2099810386542806,recorded,PROGRESS
CASE_039,S1_LOW_SOC_STRESS,-9.0,2026-06-22 16:57:12,S1_LOW_SOC_STRESS_L533,87.0,1,0,1,0,1,1,0.0,0.1417512774467468,0.5,205.0,,38141.0,34.0,,,,2.0,False,14.386543911602487,-0.2100560692306459,13.429439233977828,0.2099810386542806,recorded,PROGRESS
CASE_039,S1_LOW_SOC_STRESS,-8.0,2026-06-22 16:57:13,S1_LOW_SOC_STRESS_L533,87.0,1,0,1,0,1,2,0.0,0.1119715988636016,0.6,205.0,,38141.0,34.0,,,,2.0,False,14.386543911602487,-0.0015463042711871,13.429439233977828,0.0014502115361292,recorded,STALLED
CASE_039,S1_LOW_SOC_STRESS,-7.0,2026-06-22 16:57:14,S1_LOW_SOC_STRESS_L533,87.0,1,0,1,1,0,0,0.0,0.0821919202804565,0.7,210.0,,38157.0,34.0,,,,2.0,False,14.38811697732253,-0.0031193699912304,13.427989495057618,0.0028999504563387,recorded,STALLED
CASE_039,S1_LOW_SOC_STRESS,-6.0,2026-06-22 16:57:15,S1_LOW_SOC_STRESS_L533,87.0,1,0,1,0,1,1,0.0,0.0524122416973114,0.8,210.0,,38157.0,34.0,,,,2.0,False,14.38811697732253,-0.0031193699912304,13.427989495057618,0.0028999504563387,recorded,STALLED
CASE_039,S1_LOW_SOC_STRESS,-5.0,2026-06-22 16:57:16,S1_LOW_SOC_STRESS_L533,87.0,1,0,1,1,0,0,0.0,0.0262061208486557,0.9,205.0,,38192.0,34.0,,,,2.0,False,14.385534219256606,0.0010096923458817,13.430584773527354,-0.0011455395495261,recorded,STALLED
CASE_039,S1_LOW_SOC_STRESS,-4.0,2026-06-22 16:57:17,S1_LOW_SOC_STRESS_L533,87.0,1,0,1,0,1,1,0.0,0.0,1.0,205.0,,38192.0,34.0,,,,2.0,False,14.385534219256606,0.0010096923458817,13.430584773527354,-0.0011455395495261,recorded,STALLED
CASE_039,S1_LOW_SOC_STRESS,-3.0,2026-06-22 16:57:18,S1_LOW_SOC_STRESS_L533,87.0,1,0,1,0,1,2,0.0,0.0,1.0,205.0,,38192.0,34.0,,,,2.0,False,14.385534219256606,0.0010096923458817,13.430584773527354,-0.0011455395495261,recorded,STALLED
CASE_039,S1_LOW_SOC_STRESS,-2.0,2026-06-22 16:57:19,S1_LOW_SOC_STRESS_L533,87.0,1,0,1,1,0,0,0.0,0.0,1.0,206.0,,38192.0,34.0,,,,2.0,False,14.385534219256606,0.002582758065925,13.430584773527354,-0.0025952784697356,recorded,STALLED
CASE_039,S1_LOW_SOC_STRESS,-1.0,2026-06-22 16:57:20,S1_LOW_SOC_STRESS_L533,87.0,1,0,1,0,1,1,0.0,0.0,1.0,206.0,,38192.0,34.0,,,,2.0,False,14.385534219256606,0.002582758065925,13.430584773527354,-0.0025952784697356,recorded,STALLED
CASE_039,S1_LOW_SOC_STRESS,0.0,2026-06-22 16:57:21,S1_LOW_SOC_STRESS_L533,87.0,1,0,1,1,0,0,0.0,0.0,1.0,205.0,,38141.0,34.0,,,,2.0,False,14.386825549487332,-0.0012913302307264,13.4292871340779,0.0012976394494543,recorded,STALLED
CASE_039,S1_LOW_SOC_STRESS,1.0,2026-06-22 16:57:22,S1_LOW_SOC_STRESS_L533,87.0,1,0,1,0,1,1,0.0,0.0,1.0,205.0,,38141.0,34.0,,,,2.0,False,14.386825549487332,-0.0012913302307264,13.4292871340779,0.0012976394494543,recorded,STALLED
CASE_039,S1_LOW_SOC_STRESS,2.0,2026-06-22 16:57:23,S1_LOW_SOC_STRESS_L533,87.0,1,0,1,1,0,0,0.0,0.0,1.0,205.0,,38141.0,34.0,,,,2.0,False,14.38811697732253,-0.002582758065925,13.427989495057618,0.0025952784697356,recorded,STALLED
CASE_039,S1_LOW_SOC_STRESS,3.0,2026-06-22 16:57:24,S1_LOW_SOC_STRESS_L533,87.0,1,0,1,0,1,1,0.0,0.0,1.0,205.0,,38141.0,34.0,,,,2.0,False,14.38811697732253,-0.002582758065925,13.427989495057618,0.0025952784697356,recorded,STALLED
CASE_039,S1_LOW_SOC_STRESS,4.0,2026-06-22 16:57:25,S1_LOW_SOC_STRESS_L533,87.0,1,0,1,0,1,2,0.0,0.0,1.0,205.0,,38141.0,34.0,,,,2.0,False,14.38811697732253,-0.002582758065925,13.427989495057618,0.0025952784697356,recorded,STALLED
CASE_039,S1_LOW_SOC_STRESS,5.0,2026-06-22 16:57:26,S1_LOW_SOC_STRESS_L533,87.0,1,0,1,1,0,0,0.0,0.0,1.0,205.0,,38157.0,34.0,,,,2.0,False,14.385534219256606,0.0012913302307264,13.430584773527354,-0.0012976394494543,recorded,STALLED
CASE_040,S1_LOW_SOC_STRESS,-15.0,2026-06-22 17:17:58,S1_LOW_SOC_STRESS_L620,104.0,1,0,1,0,1,1,0.2982222139835357,0.2122865744999476,0.2857142857142857,247.0,,32521.0,9.0,,,,5.0,False,13.199478770278322,1.2681335704724326,11.380038608361314,1.2529388216617754,recorded,PROGRESS
CASE_040,S1_LOW_SOC_STRESS,-14.0,2026-06-22 17:17:59,S1_LOW_SOC_STRESS_L620,104.0,1,0,1,1,0,0,0.1255000829696655,0.2014382630586624,0.25,247.0,,32439.0,9.0,,,,5.0,False,13.310286187179052,0.8330887057698746,11.13456370025212,1.171044988439229,recorded,PROGRESS
CASE_040,S1_LOW_SOC_STRESS,-13.0,2026-06-22 17:18:00,S1_LOW_SOC_STRESS_L620,104.0,1,0,1,0,1,1,0.1255000829696655,0.1930006874932182,0.2222222222222222,247.0,,32439.0,9.0,,,,5.0,False,13.310286187179052,0.8330887057698746,11.13456370025212,1.171044988439229,recorded,PROGRESS
CASE_040,S1_LOW_SOC_STRESS,-12.0,2026-06-22 17:18:01,S1_LOW_SOC_STRESS_L620,104.0,1,0,1,1,0,0,0.1650645136833191,0.1902070701122283,0.2,241.0,,32511.0,9.0,,,,5.0,False,13.474288613829524,0.1971520252444278,11.05343307558495,0.7909048582579761,recorded,PROGRESS
CASE_040,S1_LOW_SOC_STRESS,-11.0,2026-06-22 17:18:02,S1_LOW_SOC_STRESS_L620,104.0,1,0,1,0,1,1,0.1650645136833191,0.2067135214805602,0.1,241.0,,32511.0,9.0,,,,5.0,False,13.474288613829524,-0.2748098435512034,11.05343307558495,0.3266055327763641,recorded,PROGRESS
CASE_040,S1_LOW_SOC_STRESS,-10.0,2026-06-22 17:18:03,S1_LOW_SOC_STRESS_L620,104.0,1,0,1,1,0,0,0.134859412908554,0.2201994627714156,0.0,247.0,,32400.0,9.0,,,,5.0,False,12.646755468562231,0.5527233017160906,11.070777537369352,0.3092610709919619,recorded,PROGRESS
CASE_040,S1_LOW_SOC_STRESS,-9.0,2026-06-22 17:18:04,S1_LOW_SOC_STRESS_L620,104.0,1,0,1,0,1,1,0.134859412908554,0.204033350944519,0.0,247.0,,32400.0,9.0,,,,5.0,False,12.646755468562231,0.6635307186168209,11.070777537369352,0.0637861628827671,recorded,PROGRESS
CASE_040,S1_LOW_SOC_STRESS,-8.0,2026-06-22 17:18:05,S1_LOW_SOC_STRESS_L620,104.0,1,0,1,1,0,0,0.2301543802022934,0.1973967358469962,0.0,256.0,,32299.0,8.0,,,,5.0,False,12.272080712633878,1.0382054745451743,10.82027636045172,0.3142873398003996,recorded,PROGRESS
CASE_040,S1_LOW_SOC_STRESS,-7.0,2026-06-22 17:18:06,S1_LOW_SOC_STRESS_L620,104.0,1,0,1,0,1,1,0.2301543802022934,0.1907601207494735,0.0,256.0,,32299.0,8.0,,,,5.0,False,12.272080712633878,1.2022079011956477,10.82027636045172,0.2331567151332301,recorded,PROGRESS
CASE_040,S1_LOW_SOC_STRESS,-6.0,2026-06-22 17:18:07,S1_LOW_SOC_STRESS_L620,104.0,1,0,1,1,0,0,0.0,0.1609378993511199,0.1,206.0,,32581.0,10.0,,,,5.0,False,12.53918452432058,0.9351040895089467,10.478592109663632,0.5748409659213181,recorded,PROGRESS
CASE_040,S1_LOW_SOC_STRESS,-5.0,2026-06-22 17:18:08,S1_LOW_SOC_STRESS_L620,104.0,1,0,1,1,0,0,0.1420916020870208,0.1453248381614684,0.1,259.0,,32233.0,8.0,,,,5.0,False,12.578328659080729,0.0684268094815045,10.440176244260424,0.6306012931089295,recorded,PROGRESS
CASE_040,S1_LOW_SOC_STRESS,-4.0,2026-06-22 17:18:09,S1_LOW_SOC_STRESS_L620,104.0,1,0,1,0,1,1,0.1420916020870208,0.146983990073204,0.1,259.0,,32233.0,8.0,,,,5.0,False,12.578328659080729,0.0684268094815045,10.440176244260424,0.6306012931089295,recorded,PROGRESS
CASE_040,S1_LOW_SOC_STRESS,-3.0,2026-06-22 17:18:10,S1_LOW_SOC_STRESS_L620,104.0,1,0,1,1,0,0,0.2880120277404785,0.1632351845502853,0.1,252.0,,32228.0,8.0,,,,5.0,False,12.96404660697239,-0.6919658943385123,10.043895803908894,0.7763805565428257,recorded,PROGRESS
CASE_040,S1_LOW_SOC_STRESS,-2.0,2026-06-22 17:18:11,S1_LOW_SOC_STRESS_L620,104.0,1,0,1,0,1,1,0.2880120277404785,0.1755299359560012,0.1,252.0,,32228.0,8.0,,,,5.0,False,12.96404660697239,-0.6919658943385123,10.043895803908894,0.7763805565428257,recorded,PROGRESS
CASE_040,S1_LOW_SOC_STRESS,-1.0,2026-06-22 17:18:12,S1_LOW_SOC_STRESS_L620,104.0,1,0,1,1,0,0,0.295669674873352,0.1885904520750045,0.1,246.0,,32228.0,8.0,,,,5.0,False,13.407538507077817,-0.8683539827572364,9.60846725641017,0.8701248532534613,recorded,PROGRESS
CASE_040,S1_LOW_SOC_STRESS,0.0,2026-06-22 17:18:13,S1_LOW_SOC_STRESS_L620,104.0,1,0,1,0,1,1,0.295669674873352,0.2046714782714843,0.1,246.0,,32228.0,8.0,,,,5.0,False,13.407538507077817,-0.8292098479970882,9.60846725641017,0.8317089878502522,recorded,PROGRESS
CASE_040,S1_LOW_SOC_STRESS,1.0,2026-06-22 17:18:14,S1_LOW_SOC_STRESS_L620,104.0,1,0,1,1,0,0,0.2965205311775207,0.220837590098381,0.1,258.0,,32125.0,8.0,,,,5.0,False,10.416341942914904,2.161986716165824,9.0385900445167,1.401586199743722,recorded,PROGRESS
CASE_040,S1_LOW_SOC_STRESS,2.0,2026-06-22 17:18:15,S1_LOW_SOC_STRESS_L620,104.0,1,0,1,0,1,1,0.2965205311775207,0.2274742051959037,0.1,258.0,,32125.0,8.0,,,,5.0,False,10.416341942914904,2.5477046640574876,9.0385900445167,1.0053057593921937,recorded,PROGRESS
CASE_040,S1_LOW_SOC_STRESS,3.0,2026-06-22 17:18:16,S1_LOW_SOC_STRESS_L620,104.0,1,0,1,1,0,0,0.2982222139835357,0.2342809885740279,0.1,252.0,,32090.0,7.0,,,,5.0,False,9.912415983466529,3.0516306235058615,8.581684241382128,1.4622115625267664,recorded,PROGRESS
CASE_040,S1_LOW_SOC_STRESS,4.0,2026-06-22 17:18:17,S1_LOW_SOC_STRESS_L620,104.0,1,0,1,1,0,0,0.2986476421356201,0.26414575278759,0.0,247.0,,32097.0,7.0,,,,5.0,False,9.281218874798384,4.126319632279431,8.006691452337392,1.601775804072778,recorded,PROGRESS
CASE_040,S1_LOW_SOC_STRESS,5.0,2026-06-22 17:18:18,S1_LOW_SOC_STRESS_L620,104.0,1,0,1,0,1,1,0.2986476421356201,0.2798013567924499,0.0,247.0,,32097.0,7.0,,,,5.0,False,9.281218874798384,4.126319632279431,8.006691452337392,1.601775804072778,recorded,PROGRESS
CASE_041,S3_MEDIUM_SOC_WHOLETESTING,-15.0,2026-03-01 00:41:43,S3_MEDIUM_SOC_WHOLETESTING_L63,1.0,0,0,1,1,0,0,0.0,0.0,1.0,219.0,5527.272727272727,,40.0,0.0,,,6.0,True,0.0046718402328182,-0.0015341194309621,0.0046718402328182,-0.0015341194309621,reconstructed_shortest,INACTIVE
CASE_041,S3_MEDIUM_SOC_WHOLETESTING,-14.0,2026-03-01 00:41:44,S3_MEDIUM_SOC_WHOLETESTING_L63,1.0,0,0,1,1,0,0,0.0,0.0,1.0,219.0,5529.4,,40.0,0.0,,,6.0,True,0.0047746413939057,-0.0012067619631999,0.0047746413939057,-0.0012067619631999,reconstructed_shortest,INACTIVE
CASE_041,S3_MEDIUM_SOC_WHOLETESTING,-13.0,2026-03-01 00:41:45,S3_MEDIUM_SOC_WHOLETESTING_L63,1.0,0,0,1,1,0,0,0.0,0.0,1.0,219.0,5530.0,,40.0,0.0,,,6.0,True,0.0033518854805685,0.0022374611565976,0.0033518854805685,0.0022374611565976,reconstructed_shortest,INACTIVE
CASE_041,S3_MEDIUM_SOC_WHOLETESTING,-12.0,2026-03-01 00:41:46,S3_MEDIUM_SOC_WHOLETESTING_L63,1.0,0,0,1,1,0,0,0.0,0.0,1.0,219.0,5530.0,,40.0,0.0,,,6.0,True,0.0034452419117389,0.0021441047254272,0.0034452419117389,0.0021441047254272,reconstructed_shortest,INACTIVE
CASE_041,S3_MEDIUM_SOC_WHOLETESTING,-11.0,2026-03-01 00:41:47,S3_MEDIUM_SOC_WHOLETESTING_L64,1.0,0,0,1,1,0,0,0.0,0.0,1.0,222.45454545454547,5616.909090909091,,40.0,0.0,,,2.0,True,23.723241529862054,,21.966457407895607,,reconstructed_shortest,INACTIVE
CASE_041,S3_MEDIUM_SOC_WHOLETESTING,-10.0,2026-03-01 00:41:48,S3_MEDIUM_SOC_WHOLETESTING_L64,1.0,1,0,1,1,0,0,0.0003093985454545,3.093985454546009e-05,1.0,250.72727272727272,6363.363636363636,,39.0,0.3636363636363633,,,2.0,False,23.724774371554407,,21.96787047320715,,reconstructed_shortest,PROGRESS
CASE_041,S3_MEDIUM_SOC_WHOLETESTING,-9.0,2026-03-01 00:41:49,S3_MEDIUM_SOC_WHOLETESTING_L64,1.0,1,0,1,1,0,0,0.0004254223333333,7.348208787879343e-05,1.0,261.1666666666667,6631.833333333333,,39.0,0.5,,,2.0,False,23.73241032462602,,21.976939545774545,,reconstructed_shortest,PROGRESS
CASE_041,S3_MEDIUM_SOC_WHOLETESTING,-8.0,2026-03-01 00:41:50,S3_MEDIUM_SOC_WHOLETESTING_L64,1.0,1,0,1,1,0,0,0.000425424,0.0001160244878787,1.0,262.54545454545456,6674.181818181818,,39.0,0.5,,,2.0,False,23.74195128938057,,21.97294721334175,,reconstructed_shortest,PROGRESS
CASE_041,S3_MEDIUM_SOC_WHOLETESTING,-7.0,2026-03-01 00:41:51,S3_MEDIUM_SOC_WHOLETESTING_L64,1.0,1,0,1,1,0,0,0.000425424,0.0001585668878787,1.0,260.6363636363636,6620.636363636364,,39.0,0.5,,,2.0,False,23.729737547702182,,21.96251418599847,,reconstructed_shortest,PROGRESS
CASE_041,S3_MEDIUM_SOC_WHOLETESTING,-6.0,2026-03-01 00:41:52,S3_MEDIUM_SOC_WHOLETESTING_L64,1.0,1,0,1,1,0,0,0.000425424,0.0002011092878787,1.0,260.0,6601.75,,39.0,0.5,,,2.0,False,23.676645800787664,0.0465957290743901,21.960356055889186,0.0061013520064214,reconstructed_shortest,PROGRESS
CASE_041,S3_MEDIUM_SOC_WHOLETESTING,-5.0,2026-03-01 00:41:53,S3_MEDIUM_SOC_WHOLETESTING_L64,1.0,1,0,1,1,0,0,0.000425424,0.0002436516878787,1.0,260.8333333333333,6623.0,,39.0,0.5,,,2.0,False,23.692034004769873,0.0327403667845338,21.96724187687266,0.00062859633449,reconstructed_shortest,PROGRESS
CASE_041,S3_MEDIUM_SOC_WHOLETESTING,-4.0,2026-03-01 00:41:54,S3_MEDIUM_SOC_WHOLETESTING_L64,1.0,1,0,1,1,0,0,0.0004254239999999,0.0002861940878787,1.0,261.3,6633.7,,39.0,0.5,,,2.0,False,23.68411541281159,0.0482949118144304,21.967843689003477,0.0090958567710686,reconstructed_shortest,PROGRESS
CASE_041,S3_MEDIUM_SOC_WHOLETESTING,-3.0,2026-03-01 00:41:55,S3_MEDIUM_SOC_WHOLETESTING_L64,1.0,1,0,1,1,0,0,0.000425424,0.0003287364878787,1.0,260.75,6630.25,,39.0,0.5,,,2.0,False,23.716854319571187,0.0250969698093825,21.972209467779813,0.0007377455619419,reconstructed_shortest,STALLED
CASE_041,S3_MEDIUM_SOC_WHOLETESTING,-2.0,2026-03-01 00:41:56,S3_MEDIUM_SOC_WHOLETESTING_L64,1.0,1,0,1,1,0,0,0.0004254247272727,0.000371278960606,1.0,259.0,6574.181818181818,,39.0,0.5,,,2.0,False,23.741744844131233,-0.0120072964290471,21.98210274393163,-0.0195885579331651,reconstructed_shortest,STALLED
CASE_041,S3_MEDIUM_SOC_WHOLETESTING,-1.0,2026-03-01 00:41:57,S3_MEDIUM_SOC_WHOLETESTING_L64,1.0,1,0,1,1,0,0,0.0006574743636363,0.0004370263969697,1.0,256.90909090909093,6525.818181818182,,39.0,0.5,,,2.0,False,23.731933141919125,-0.0552873411314607,21.980362962445263,-0.0200069065560803,reconstructed_shortest,STALLED
CASE_041,S3_MEDIUM_SOC_WHOLETESTING,0.0,2026-03-01 00:41:58,S3_MEDIUM_SOC_WHOLETESTING_L64,1.0,1,0,1,1,0,0,0.0004254230833333,0.0004486288507575,1.0,257.8333333333333,6550.333333333333,,39.0,0.5,,,2.0,False,23.71553841004379,-0.0235044052739183,21.978555434395627,-0.0113135575229676,reconstructed_shortest,STALLED
CASE_041,S3_MEDIUM_SOC_WHOLETESTING,1.0,2026-03-01 00:41:59,S3_MEDIUM_SOC_WHOLETESTING_L64,1.0,1,0,1,1,0,0,0.012956095,0.0017016961174242,1.0,254.1818181818182,6444.363636363636,,39.0,13.045454545454543,,,2.0,False,23.695749734680316,-0.0116343218687262,21.98271186364399,-0.0148681746405117,reconstructed_shortest,STALLED
CASE_041,S3_MEDIUM_SOC_WHOLETESTING,2.0,2026-03-01 00:42:00,S3_MEDIUM_SOC_WHOLETESTING_L64,1.0,1,0,1,1,0,0,0.02768801,0.0044279547174242,1.0,240.25,6092.083333333333,,40.0,27.458333333333336,,,2.0,False,23.639621650329513,0.077232669241674,22.03169746152087,-0.0594879937410617,reconstructed_shortest,PROGRESS
CASE_041,S3_MEDIUM_SOC_WHOLETESTING,3.0,2026-03-01 00:42:01,S3_MEDIUM_SOC_WHOLETESTING_L64,1.0,1,0,1,1,0,0,0.0,0.0043854123174242,1.0,227.54545454545453,5762.181818181818,,40.0,0.0,,,2.0,False,23.693133037903127,0.0486118062281057,22.0982003243106,-0.1160975803789661,reconstructed_shortest,PROGRESS
CASE_041,S3_MEDIUM_SOC_WHOLETESTING,4.0,2026-03-01 00:42:02,S3_MEDIUM_SOC_WHOLETESTING_L64,1.0,1,0,1,1,0,0,0.0092819781818181,0.005271067735606,1.0,232.63636363636363,5895.272727272727,,39.0,9.272727272727272,,,2.0,False,23.7313633814406,0.0005697604785233,22.1357483698333,-0.1553854073880352,reconstructed_shortest,STALLED
CASE_041,S3_MEDIUM_SOC_WHOLETESTING,5.0,2026-03-01 00:42:03,S3_MEDIUM_SOC_WHOLETESTING_L64,1.0,1,0,1,1,0,0,0.163681905,0.021596715835606,0.9,272.5,6940.25,,38.0,163.5,,,2.0,False,23.647684038877856,0.0678543711659358,22.12077342286862,-0.1422179884729928,reconstructed_shortest,PROGRESS
CASE_042,S1_LOW_SOC_STRESS,-15.0,2026-06-22 16:06:00,S1_LOW_SOC_STRESS_L294,49.0,1,0,1,1,0,0,0.1795289367437362,0.2252620100975036,0.0,268.0,,41663.0,49.0,,,,3.0,False,1.9031302818703384,0.8743089138259648,1.6937194964470128,-0.1539559833656514,recorded,PROGRESS
CASE_042,S1_LOW_SOC_STRESS,-14.0,2026-06-22 16:06:01,S1_LOW_SOC_STRESS_L294,49.0,1,0,1,1,0,0,0.0923169925808906,0.2047565735876559,0.0,278.0,,41620.0,49.0,,,,3.0,False,1.6017227902947786,1.1335628541847749,1.5756250583509632,0.2440805942450044,recorded,PROGRESS
CASE_042,S1_LOW_SOC_STRESS,-13.0,2026-06-22 16:06:02,S1_LOW_SOC_STRESS_L294,49.0,1,0,1,0,1,1,0.0923169925808906,0.1845063880085944,0.0,278.0,,41620.0,49.0,,,,3.0,False,1.6017227902947786,1.1335628541847749,1.5756250583509632,0.2440805942450044,recorded,PROGRESS
CASE_042,S1_LOW_SOC_STRESS,-12.0,2026-06-22 16:06:03,S1_LOW_SOC_STRESS_L294,49.0,1,0,1,1,0,0,0.2595086395740509,0.1809753671288489,0.0,274.0,,41655.0,49.0,,,,3.0,False,1.7839888298894249,0.5458938793313488,1.2399947722806663,0.5846517406479947,recorded,PROGRESS
CASE_042,S1_LOW_SOC_STRESS,-11.0,2026-06-22 16:06:04,S1_LOW_SOC_STRESS_L294,49.0,1,0,1,1,0,0,0.2986476421356201,0.1811880782246589,0.0,231.0,,41841.0,50.0,,,,3.0,False,2.179127688054498,0.1507550211662756,0.8429034156286297,0.9817430973000314,recorded,PROGRESS
CASE_042,S1_LOW_SOC_STRESS,-10.0,2026-06-22 16:06:05,S1_LOW_SOC_STRESS_L294,49.0,1,0,1,0,1,1,0.2986476421356201,0.1814007893204688,0.0,231.0,,41841.0,50.0,,,,3.0,False,2.179127688054498,-0.2759974061841599,0.8429034156286297,0.8508160808183831,recorded,PROGRESS
CASE_042,S1_LOW_SOC_STRESS,-9.0,2026-06-22 16:06:06,S1_LOW_SOC_STRESS_L294,49.0,1,0,1,1,0,0,0.0,0.1711906142532825,0.1,218.0,,41938.0,50.0,,,,3.0,False,2.1946099112210953,-0.5928871209263167,0.8272977221463942,0.748327336204569,recorded,PROGRESS
CASE_042,S1_LOW_SOC_STRESS,-8.0,2026-06-22 16:06:07,S1_LOW_SOC_STRESS_L294,49.0,1,0,1,0,1,1,0.0,0.1609804391860962,0.2,218.0,,41938.0,50.0,,,,3.0,False,2.1946099112210953,-0.5928871209263167,0.8272977221463942,0.748327336204569,recorded,PROGRESS
CASE_042,S1_LOW_SOC_STRESS,-7.0,2026-06-22 16:06:08,S1_LOW_SOC_STRESS_L294,49.0,1,0,1,1,0,0,0.0,0.1415385618805885,0.3,217.0,,41938.0,50.0,,,,3.0,False,2.1946099112210953,-0.4106210813316704,0.8272977221463942,0.4126970501342721,recorded,PROGRESS
CASE_042,S1_LOW_SOC_STRESS,-6.0,2026-06-22 16:06:09,S1_LOW_SOC_STRESS_L294,49.0,1,0,1,0,1,1,0.0,0.1220966845750808,0.4,217.0,,41938.0,50.0,,,,3.0,False,2.1946099112210953,-0.0154822231665971,0.8272977221463942,0.0156056934822355,recorded,PROGRESS
CASE_042,S1_LOW_SOC_STRESS,-5.0,2026-06-22 16:06:10,S1_LOW_SOC_STRESS_L294,49.0,1,0,1,1,0,0,0.0,0.1041437909007072,0.5,217.0,,41938.0,50.0,,,,3.0,False,2.1946099112210953,-0.0154822231665971,0.8272977221463942,0.0156056934822355,recorded,PROGRESS
CASE_042,S1_LOW_SOC_STRESS,-4.0,2026-06-22 16:06:11,S1_LOW_SOC_STRESS_L294,49.0,1,0,1,0,1,1,0.0,0.0949120916426181,0.6,217.0,,41938.0,50.0,,,,3.0,False,2.1946099112210953,0.0,0.8272977221463942,0.0,recorded,STALLED
CASE_042,S1_LOW_SOC_STRESS,-3.0,2026-06-22 16:06:12,S1_LOW_SOC_STRESS_L294,49.0,1,0,1,1,0,0,0.0,0.0856803923845291,0.7,217.0,,41938.0,50.0,,,,3.0,False,2.1946099112210953,0.0,0.8272977221463942,0.0,recorded,STALLED
CASE_042,S1_LOW_SOC_STRESS,-2.0,2026-06-22 16:06:13,S1_LOW_SOC_STRESS_L294,49.0,1,0,1,1,0,0,0.0,0.059729528427124,0.8,217.0,,41938.0,50.0,,,,3.0,False,2.1946099112210953,0.0,0.8272977221463942,0.0,recorded,STALLED
CASE_042,S1_LOW_SOC_STRESS,-1.0,2026-06-22 16:06:14,S1_LOW_SOC_STRESS_L294,49.0,1,0,1,0,1,1,0.0,0.029864764213562,0.9,217.0,,41938.0,50.0,,,,3.0,False,2.1946099112210953,0.0,0.8272977221463942,0.0,recorded,STALLED
CASE_042,S1_LOW_SOC_STRESS,0.0,2026-06-22 16:06:15,S1_LOW_SOC_STRESS_L294,49.0,1,0,1,1,0,0,0.0,0.0,1.0,217.0,,41938.0,50.0,,,,3.0,False,2.1946099112210953,0.0,0.8272977221463942,0.0,recorded,STALLED
CASE_042,S1_LOW_SOC_STRESS,1.0,2026-06-22 16:06:16,S1_LOW_SOC_STRESS_L294,49.0,1,0,1,0,1,1,0.0,0.0,1.0,217.0,,41938.0,50.0,,,,3.0,False,2.1946099112210953,0.0,0.8272977221463942,0.0,recorded,STALLED
CASE_042,S1_LOW_SOC_STRESS,2.0,2026-06-22 16:06:17,S1_LOW_SOC_STRESS_L294,49.0,1,0,1,1,0,0,0.0,0.0,1.0,217.0,,41938.0,50.0,,,,3.0,False,2.1945289346654686,8.097655562666617e-05,0.8272935700597094,4.152086684805489e-06,recorded,STALLED
CASE_042,S1_LOW_SOC_STRESS,3.0,2026-06-22 16:06:18,S1_LOW_SOC_STRESS_L294,49.0,1,0,1,0,1,1,0.0,0.0,1.0,217.0,,41938.0,50.0,,,,3.0,False,2.1945289346654686,8.097655562666617e-05,0.8272935700597094,4.152086684805489e-06,recorded,STALLED
CASE_042,S1_LOW_SOC_STRESS,4.0,2026-06-22 16:06:19,S1_LOW_SOC_STRESS_L294,49.0,1,0,1,1,0,0,0.0,0.0,1.0,217.0,,41938.0,50.0,,,,3.0,False,2.1946934685255677,-8.355730447240362e-05,0.8273039241443306,-6.201997936439163e-06,recorded,STALLED
CASE_042,S1_LOW_SOC_STRESS,5.0,2026-06-22 16:06:20,S1_LOW_SOC_STRESS_L294,49.0,1,0,1,1,0,0,0.0,0.0,1.0,216.0,,41938.0,50.0,,,,3.0,False,2.1946934685255677,-8.355730447240362e-05,0.8273039241443306,-6.201997936439163e-06,recorded,STALLED
CASE_043,S4_SAFETY_RICH_NAVEEN12,-15.0,2026-03-01 01:23:19,S4_SAFETY_RICH_NAVEEN12_L46,1.0,1,0,1,1,0,0,0.0,0.1160050674545454,0.5,227.66666666666663,5200.333333333333,,59.0,0.0,,,3.0,False,0.0111472544153256,0.0662888293847304,0.0111472544153256,0.0662888293847304,reconstructed_shortest,PROGRESS
CASE_043,S4_SAFETY_RICH_NAVEEN12,-14.0,2026-03-01 01:23:20,S4_SAFETY_RICH_NAVEEN12_L46,1.0,1,0,1,1,0,0,0.0,0.0862431124545454,0.6,227.1818181818182,5188.454545454545,,59.0,0.0,,,3.0,False,0.0095254645234981,-0.0061477260397697,0.0095254645234981,-0.0061477260397697,reconstructed_shortest,STALLED
CASE_043,S4_SAFETY_RICH_NAVEEN12,-13.0,2026-03-01 01:23:21,S4_SAFETY_RICH_NAVEEN12_L46,1.0,1,0,1,1,0,0,0.0,0.0565272474545454,0.7,229.0,5227.545454545455,,59.0,0.0,,,3.0,False,0.0090899297767976,0.0009950517427689,0.0090899297767976,0.0009950517427689,reconstructed_shortest,STALLED
CASE_043,S4_SAFETY_RICH_NAVEEN12,-12.0,2026-03-01 01:23:22,S4_SAFETY_RICH_NAVEEN12_L46,1.0,1,0,1,1,0,0,0.0,0.0274978583636363,0.8,229.0,5233.0,,59.0,0.0,,,3.0,False,0.0096762182695516,-0.0001500433462451,0.0096762182695516,-0.0001500433462451,reconstructed_shortest,STALLED
CASE_043,S4_SAFETY_RICH_NAVEEN12,-11.0,2026-03-01 01:23:23,S4_SAFETY_RICH_NAVEEN12_L47,1.0,1,0,1,1,0,0,0.0,0.0125306689090909,0.9,237.0,5413.0,,58.0,0.0,,,4.0,False,4.096540771941514,,0.7404112874696009,,reconstructed_shortest,PROGRESS
CASE_043,S4_SAFETY_RICH_NAVEEN12,-10.0,2026-03-01 01:23:24,S4_SAFETY_RICH_NAVEEN12_L47,1.0,1,0,1,1,0,0,-0.0003545199999999,0.0025828389090909,1.0,270.8333333333333,6202.833333333333,,58.0,-0.4166666666666643,,,4.0,False,4.094148697163629,,0.740472213082447,,reconstructed_shortest,PROGRESS
CASE_043,S4_SAFETY_RICH_NAVEEN12,-9.0,2026-03-01 01:23:25,S4_SAFETY_RICH_NAVEEN12_L47,1.0,1,0,1,1,0,0,-0.000425424,-7.799440000000554e-05,1.0,271.3636363636364,6222.636363636364,,58.0,-0.5,,,4.0,False,4.108458181958196,,0.7557301419993043,,reconstructed_shortest,PROGRESS
CASE_043,S4_SAFETY_RICH_NAVEEN12,-8.0,2026-03-01 01:23:26,S4_SAFETY_RICH_NAVEEN12_L47,1.0,1,0,1,1,0,0,-0.000425424,-0.0001205368,1.0,270.8181818181818,6210.454545454545,,58.0,-0.5,,,4.0,False,4.115243875896959,,0.7654974872732725,,reconstructed_shortest,PROGRESS
CASE_043,S4_SAFETY_RICH_NAVEEN12,-7.0,2026-03-01 01:23:27,S4_SAFETY_RICH_NAVEEN12_L47,1.0,1,0,1,1,0,0,-0.000425424,-0.0001630792,1.0,271.5,6221.0,,58.0,-0.5,,,4.0,False,4.13512926950918,,0.7900470103889214,,reconstructed_shortest,PROGRESS
CASE_043,S4_SAFETY_RICH_NAVEEN12,-6.0,2026-03-01 01:23:28,S4_SAFETY_RICH_NAVEEN12_L47,1.0,1,0,1,1,0,0,-0.000425424,-0.0002056216,1.0,271.6666666666667,6225.166666666667,,58.0,-0.5,,,4.0,False,4.12512117186294,-0.0285803999214255,0.7816134684770297,-0.0412021810074287,reconstructed_shortest,STALLED
CASE_043,S4_SAFETY_RICH_NAVEEN12,-5.0,2026-03-01 01:23:29,S4_SAFETY_RICH_NAVEEN12_L47,1.0,1,0,1,1,0,0,-0.0004254239999999,-0.000248164,1.0,273.0,6258.0,,58.0,-0.5,,,4.0,False,4.100819993716728,-0.0066712965530992,0.7300128938614715,0.0104593192209755,reconstructed_shortest,STALLED
CASE_043,S4_SAFETY_RICH_NAVEEN12,-4.0,2026-03-01 01:23:30,S4_SAFETY_RICH_NAVEEN12_L47,1.0,1,0,1,1,0,0,-0.000425424,-0.0002907064,1.0,272.5,6258.0,,58.0,-0.5,,,4.0,False,4.1206646561972855,-0.0122064742390897,0.7084259012767526,0.0473042407225516,reconstructed_shortest,STALLED
CASE_043,S4_SAFETY_RICH_NAVEEN12,-3.0,2026-03-01 01:23:31,S4_SAFETY_RICH_NAVEEN12_L47,1.0,1,0,1,1,0,0,-0.000425424,-0.0003332488,1.0,272.54545454545456,6259.363636363636,,58.0,-0.5,,,4.0,False,4.115718907998608,-0.0004750321016491,0.7135764805040204,0.051921006769252,reconstructed_shortest,STALLED
CASE_043,S4_SAFETY_RICH_NAVEEN12,-2.0,2026-03-01 01:23:32,S4_SAFETY_RICH_NAVEEN12_L47,1.0,1,0,1,1,0,0,-0.000425424,-0.0003757912,1.0,271.8333333333333,6223.666666666667,,58.0,-0.5,,,4.0,False,4.105781793198515,0.0293474763106651,0.7242207045826695,0.0658263058062519,reconstructed_shortest,STALLED
CASE_043,S4_SAFETY_RICH_NAVEEN12,-1.0,2026-03-01 01:23:33,S4_SAFETY_RICH_NAVEEN12_L47,1.0,1,0,1,1,0,0,-0.0004254235,-0.00041833355,1.0,269.25,6167.25,,58.0,-0.5,,,4.0,False,4.101745607264484,0.0233755645984556,0.7307100723645865,0.0509033961124432,reconstructed_shortest,STALLED
CASE_043,S4_SAFETY_RICH_NAVEEN12,0.0,2026-03-01 01:23:34,S4_SAFETY_RICH_NAVEEN12_L47,1.0,1,0,1,1,0,0,0.0198673014,0.0016038485899999,1.0,266.3,6105.3,,58.0,19.85,,,4.0,False,4.094722068381369,0.006097925335359,0.734937987311174,-0.0049250934497024,reconstructed_shortest,STALLED
CASE_043,S4_SAFETY_RICH_NAVEEN12,1.0,2026-03-01 01:23:35,S4_SAFETY_RICH_NAVEEN12_L47,1.0,1,0,1,1,0,0,0.2232702327272727,0.0239734142627272,0.9,284.1818181818182,6525.454545454545,,57.0,223.1818181818182,,,4.0,False,3.9894531293043656,0.1312115268929199,0.7367089518347303,-0.0282830505579776,reconstructed_shortest,PROGRESS
CASE_043,S4_SAFETY_RICH_NAVEEN12,2.0,2026-03-01 01:23:36,S4_SAFETY_RICH_NAVEEN12_L47,1.0,1,0,1,1,0,0,0.2984929727272727,0.0538652539354545,0.8,288.8181818181818,6636.818181818182,,57.0,298.27272727272725,,,4.0,False,3.73237316191355,0.383345746085058,0.7990536894511442,-0.0854772089471237,reconstructed_shortest,RECOVERING
CASE_043,S4_SAFETY_RICH_NAVEEN12,3.0,2026-03-01 01:23:37,S4_SAFETY_RICH_NAVEEN12_L47,1.0,1,0,1,1,0,0,0.2990343727272727,0.0838112336081818,0.7,288.8181818181818,6628.272727272727,,57.0,298.72727272727275,,,4.0,False,3.456950931221298,0.6488308619772174,0.9447940775708332,-0.2205733729881638,reconstructed_shortest,RECOVERING
CASE_043,S4_SAFETY_RICH_NAVEEN12,4.0,2026-03-01 01:23:38,S4_SAFETY_RICH_NAVEEN12_L47,1.0,1,0,1,1,0,0,0.2982222,0.1136759960081818,0.6,286.72727272727275,6576.545454545455,,57.0,298.0,,,4.0,False,3.166860806290877,0.9348848009736072,1.1472816293543415,-0.4165715569897552,reconstructed_shortest,RECOVERING
CASE_043,S4_SAFETY_RICH_NAVEEN12,5.0,2026-03-01 01:23:39,S4_SAFETY_RICH_NAVEEN12_L47,1.0,1,0,1,1,0,0,0.2986089272727273,0.1435794311354545,0.5,286.54545454545456,6591.090909090909,,57.0,298.72727272727275,,,4.0,False,2.860020835441639,1.23470123293973,1.3949181190626412,-0.6599801317514672,reconstructed_shortest,RECOVERING
CASE_044,S3_MEDIUM_SOC_WHOLETESTING,-15.0,2026-03-01 00:22:32,S3_MEDIUM_SOC_WHOLETESTING_L27,1.0,0,0,1,1,0,0,0.0,0.0,1.0,224.0,5431.0,,47.0,0.0,,,6.0,True,0.0032206653476573,-0.002934272533327,0.0032206653476573,-0.002934272533327,reconstructed_shortest,INACTIVE
CASE_044,S3_MEDIUM_SOC_WHOLETESTING,-14.0,2026-03-01 00:22:33,S3_MEDIUM_SOC_WHOLETESTING_L27,1.0,0,0,1,1,0,0,0.0,0.0,1.0,223.66666666666663,5427.666666666667,,47.0,0.0,,,6.0,True,0.0008496715400933,0.0002586845953259,0.0008496715400933,0.0002586845953259,reconstructed_shortest,INACTIVE
CASE_044,S3_MEDIUM_SOC_WHOLETESTING,-13.0,2026-03-01 00:22:34,S3_MEDIUM_SOC_WHOLETESTING_L27,1.0,0,0,1,1,0,0,0.0,0.0,1.0,223.8181818181818,5429.181818181818,,47.0,0.0,,,6.0,True,0.0003047848594098,0.0015791414237229,0.0003047848594098,0.0015791414237229,reconstructed_shortest,INACTIVE
CASE_044,S3_MEDIUM_SOC_WHOLETESTING,-12.0,2026-03-01 00:22:35,S3_MEDIUM_SOC_WHOLETESTING_L27,1.0,0,0,1,1,0,0,0.0,0.0,1.0,224.0,5431.0,,47.0,0.0,,,6.0,True,0.0002188460924448,0.0030018192552124,0.0002188460924448,0.0030018192552124,reconstructed_shortest,INACTIVE
CASE_044,S3_MEDIUM_SOC_WHOLETESTING,-11.0,2026-03-01 00:22:36,S3_MEDIUM_SOC_WHOLETESTING_L28,1.0,0,0,1,1,0,0,0.0,0.0,1.0,224.0,5431.0,,47.0,0.0,,,32.0,True,3.208605034166524,,2.8157679945416816,,reconstructed_shortest,INACTIVE
CASE_044,S3_MEDIUM_SOC_WHOLETESTING,-10.0,2026-03-01 00:22:37,S3_MEDIUM_SOC_WHOLETESTING_L28,1.0,0,0,1,1,0,0,3.867490909090909e-05,3.867490909079806e-06,1.0,238.0,5792.363636363636,,46.0,0.0454545454545449,,,32.0,True,3.2074593185073104,,2.814797520487661,,reconstructed_shortest,INACTIVE
CASE_044,S3_MEDIUM_SOC_WHOLETESTING,-9.0,2026-03-01 00:22:38,S3_MEDIUM_SOC_WHOLETESTING_L28,1.0,1,0,1,1,0,0,0.000425424,4.640989090907981e-05,1.0,266.25,6497.416666666667,,46.0,0.5,,,32.0,False,3.2147859727743766,,2.8217846337746852,,reconstructed_shortest,PROGRESS
CASE_044,S3_MEDIUM_SOC_WHOLETESTING,-8.0,2026-03-01 00:22:39,S3_MEDIUM_SOC_WHOLETESTING_L28,1.0,1,0,1,1,0,0,0.0004254239999999,8.89522909090798e-05,1.0,265.0,6468.0,,46.0,0.5,,,32.0,False,3.220328526129565,,2.822923550512434,,reconstructed_shortest,PROGRESS
CASE_044,S3_MEDIUM_SOC_WHOLETESTING,-7.0,2026-03-01 00:22:40,S3_MEDIUM_SOC_WHOLETESTING_L28,1.0,1,0,1,1,0,0,0.000425424,0.000131494690909,1.0,265.0,6468.0,,46.0,0.5,,,32.0,False,3.2352228549334203,,2.8042303987250414,,reconstructed_shortest,PROGRESS
CASE_044,S3_MEDIUM_SOC_WHOLETESTING,-6.0,2026-03-01 00:22:41,S3_MEDIUM_SOC_WHOLETESTING_L28,1.0,1,0,1,1,0,0,0.000425424,0.000174037090909,1.0,264.6363636363636,6461.181818181818,,46.0,0.5,,,32.0,False,3.2326249671201057,-0.0240199329535819,2.7957625937386577,0.0200054008030239,reconstructed_shortest,STALLED
CASE_044,S3_MEDIUM_SOC_WHOLETESTING,-5.0,2026-03-01 00:22:42,S3_MEDIUM_SOC_WHOLETESTING_L28,1.0,1,0,1,1,0,0,0.000425424,0.000216579490909,1.0,264.6363636363636,6458.454545454545,,46.0,0.5,,,32.0,False,3.1990390204988897,0.0084202980084207,2.7805805501061913,0.0342169703814696,reconstructed_shortest,STALLED
CASE_044,S3_MEDIUM_SOC_WHOLETESTING,-4.0,2026-03-01 00:22:43,S3_MEDIUM_SOC_WHOLETESTING_L28,1.0,1,0,1,1,0,0,0.000425424,0.000259121890909,1.0,264.6363636363636,6459.0,,46.0,0.5,,,32.0,False,3.1660607840510617,0.0487251887233148,2.777687574155896,0.0440970596187892,reconstructed_shortest,PROGRESS
CASE_044,S3_MEDIUM_SOC_WHOLETESTING,-3.0,2026-03-01 00:22:44,S3_MEDIUM_SOC_WHOLETESTING_L28,1.0,1,0,1,1,0,0,0.000425424,0.000301664290909,1.0,264.5,6455.5,,46.0,0.5,,,32.0,False,3.152691335970622,0.0676371901589432,2.7637530796976724,0.0591704708147617,reconstructed_shortest,PROGRESS
CASE_044,S3_MEDIUM_SOC_WHOLETESTING,-2.0,2026-03-01 00:22:45,S3_MEDIUM_SOC_WHOLETESTING_L28,1.0,1,0,1,1,0,0,0.0004254218181818,0.0003442064727272,1.0,265.45454545454544,6480.363636363636,,46.0,0.5,,,32.0,False,3.212828850417224,0.0223940045161965,2.8170433143799074,-0.0128129156548659,reconstructed_shortest,STALLED
CASE_044,S3_MEDIUM_SOC_WHOLETESTING,-1.0,2026-03-01 00:22:46,S3_MEDIUM_SOC_WHOLETESTING_L28,1.0,1,0,1,1,0,0,0.000425424,0.0003867488727272,1.0,263.25,6415.666666666667,,46.0,0.5,,,32.0,False,3.2144402943418675,0.0181846727782382,2.8199182903239843,-0.0241556965853266,reconstructed_shortest,STALLED
CASE_044,S3_MEDIUM_SOC_WHOLETESTING,0.0,2026-03-01 00:22:47,S3_MEDIUM_SOC_WHOLETESTING_L28,1.0,1,0,1,1,0,0,0.000425423,0.0004254236818181,1.0,261.0,6369.0,,46.0,0.5,,,32.0,False,3.195426442646111,0.0036125778527784,2.8010890204053447,-0.0205084702991533,reconstructed_shortest,STALLED
CASE_044,S3_MEDIUM_SOC_WHOLETESTING,1.0,2026-03-01 00:22:48,S3_MEDIUM_SOC_WHOLETESTING_L28,1.0,1,0,1,1,0,0,0.000270723090909,0.000409953590909,1.0,257.72727272727275,6285.636363636364,,46.0,0.3181818181818183,,,32.0,False,3.1664473788418004,-0.0003865947907386,2.7777858048497617,-9.82306938657196e-05,reconstructed_shortest,STALLED
CASE_044,S3_MEDIUM_SOC_WHOLETESTING,2.0,2026-03-01 00:22:49,S3_MEDIUM_SOC_WHOLETESTING_L28,1.0,1,0,1,1,0,0,0.2418535499999999,0.024552766190909,0.9,277.1666666666667,6773.333333333333,,46.0,242.0,,,32.0,False,3.0247287602245336,0.1279625757460882,2.6586691775504736,0.1050839021471987,reconstructed_shortest,PROGRESS
CASE_044,S3_MEDIUM_SOC_WHOLETESTING,3.0,2026-03-01 00:22:50,S3_MEDIUM_SOC_WHOLETESTING_L28,1.0,1,0,1,1,0,0,0.2817080181818182,0.0526810256090908,0.8,285.45454545454544,6978.363636363636,,45.0,281.4545454545455,,,32.0,False,2.8284846333669544,0.3843442170502693,2.4712423446851015,0.3458009696948059,reconstructed_shortest,RECOVERING
CASE_044,S3_MEDIUM_SOC_WHOLETESTING,4.0,2026-03-01 00:22:51,S3_MEDIUM_SOC_WHOLETESTING_L28,1.0,1,0,1,1,0,0,0.27780185,0.0804186682090909,0.7,289.0,7074.25,,45.0,277.5,,,32.0,False,2.452046969412825,0.7623933249290427,2.2658435570693176,0.5540747332546667,reconstructed_shortest,RECOVERING
CASE_044,S3_MEDIUM_SOC_WHOLETESTING,5.0,2026-03-01 00:22:52,S3_MEDIUM_SOC_WHOLETESTING_L28,1.0,1,0,1,1,0,0,0.2852660909090909,0.1089027348999999,0.6,285.45454545454544,6987.727272727273,,46.0,285.0,,,32.0,False,2.2188081266195225,0.9766183160265888,2.0693558944367885,0.7317331259685562,reconstructed_shortest,RECOVERING
CASE_045,S1_LOW_SOC_STRESS,-15.0,2026-06-22 17:02:55,S1_LOW_SOC_STRESS_L549,91.0,1,0,1,0,1,1,0.2990730702877044,0.2985200136899948,0.0,256.0,,37083.0,29.0,,,,5.0,False,4.523617984324481,6.24628657773164,3.523751818344998,0.7870174363338212,recorded,PROGRESS
CASE_045,S1_LOW_SOC_STRESS,-14.0,2026-06-22 17:02:56,S1_LOW_SOC_STRESS_L549,91.0,1,0,1,1,0,0,0.2986476421356201,0.2985625565052032,0.0,269.0,,37071.0,29.0,,,,5.0,False,3.893889423022284,6.8760151390338375,2.965116160226419,1.3456530944524,recorded,PROGRESS
CASE_045,S1_LOW_SOC_STRESS,-13.0,2026-06-22 17:02:57,S1_LOW_SOC_STRESS_L549,91.0,1,0,1,0,1,1,0.2986476421356201,0.2986901849508285,0.0,269.0,,37071.0,29.0,,,,5.0,False,3.893889423022284,7.331273568104974,2.965116160226419,0.922390009438955,recorded,PROGRESS
CASE_045,S1_LOW_SOC_STRESS,-12.0,2026-06-22 17:02:58,S1_LOW_SOC_STRESS_L549,91.0,1,0,1,1,0,0,0.2990730702877044,0.2988603562116622,0.0,266.0,,37013.0,29.0,,,,5.0,False,3.4938630082422284,7.731299982885029,2.6286090477684585,1.2588971218969154,recorded,PROGRESS
CASE_045,S1_LOW_SOC_STRESS,-11.0,2026-06-22 17:02:59,S1_LOW_SOC_STRESS_L549,91.0,1,0,1,1,0,0,0.2990730702877044,0.2989028990268706,0.0,216.0,,37293.0,30.0,,,,5.0,False,2.8842529037170093,1.639365080607472,2.156339766420838,1.36741205192416,recorded,PROGRESS
CASE_045,S1_LOW_SOC_STRESS,-10.0,2026-06-22 17:03:00,S1_LOW_SOC_STRESS_L549,91.0,1,0,1,0,1,1,0.2990730702877044,0.2989028990268706,0.0,216.0,,37293.0,30.0,,,,5.0,False,2.8842529037170093,1.639365080607472,2.156339766420838,1.36741205192416,recorded,PROGRESS
CASE_045,S1_LOW_SOC_STRESS,-9.0,2026-06-22 17:03:01,S1_LOW_SOC_STRESS_L549,91.0,1,0,1,1,0,0,0.0,0.2689955919981002,0.1,208.0,,37347.0,30.0,,,,5.0,False,2.872166310033706,1.0217231129885789,2.1476382709923465,0.8174778892340724,recorded,PROGRESS
CASE_045,S1_LOW_SOC_STRESS,-8.0,2026-06-22 17:03:02,S1_LOW_SOC_STRESS_L549,91.0,1,0,1,0,1,1,0.0,0.2391308277845382,0.2,208.0,,37347.0,30.0,,,,5.0,False,2.872166310033706,1.0217231129885789,2.1476382709923465,0.8174778892340724,recorded,PROGRESS
CASE_045,S1_LOW_SOC_STRESS,-7.0,2026-06-22 17:03:03,S1_LOW_SOC_STRESS_L549,91.0,1,0,1,1,0,0,0.0,0.2092660635709762,0.3,203.0,,37365.0,30.0,,,,5.0,False,2.8708379168450744,0.623025091397154,2.146691745927405,0.4819173018410536,recorded,PROGRESS
CASE_045,S1_LOW_SOC_STRESS,-6.0,2026-06-22 17:03:04,S1_LOW_SOC_STRESS_L549,91.0,1,0,1,1,0,0,0.0,0.1793587565422058,0.4,203.0,,37365.0,30.0,,,,5.0,False,2.8708379168450744,0.0134149868719348,2.146691745927405,0.009648020493433,recorded,PROGRESS
CASE_045,S1_LOW_SOC_STRESS,-5.0,2026-06-22 17:03:05,S1_LOW_SOC_STRESS_L549,91.0,1,0,1,0,1,1,0.0,0.1494514495134353,0.5,203.0,,37365.0,30.0,,,,5.0,False,2.8708379168450744,0.0134149868719348,2.146691745927405,0.009648020493433,recorded,PROGRESS
CASE_045,S1_LOW_SOC_STRESS,-4.0,2026-06-22 17:03:06,S1_LOW_SOC_STRESS_L549,91.0,1,0,1,1,0,0,0.0,0.1195866852998733,0.6,203.0,,37365.0,30.0,,,,5.0,False,2.8708379168450744,0.0013283931886309,2.146691745927405,0.0009465250649416,recorded,STALLED
CASE_045,S1_LOW_SOC_STRESS,-3.0,2026-06-22 17:03:07,S1_LOW_SOC_STRESS_L549,91.0,1,0,1,0,1,1,0.0,0.0897219210863113,0.7,203.0,,37365.0,30.0,,,,5.0,False,2.8708379168450744,0.0013283931886309,2.146691745927405,0.0009465250649416,recorded,STALLED
CASE_045,S1_LOW_SOC_STRESS,-2.0,2026-06-22 17:03:08,S1_LOW_SOC_STRESS_L549,91.0,1,0,1,1,0,0,0.0,0.0598146140575408,0.8,203.0,,37365.0,30.0,,,,5.0,False,2.8708379168450744,0.0,2.146691745927405,0.0,recorded,STALLED
CASE_045,S1_LOW_SOC_STRESS,-1.0,2026-06-22 17:03:09,S1_LOW_SOC_STRESS_L549,91.0,1,0,1,0,1,1,0.0,0.0299073070287704,0.9,203.0,,37365.0,30.0,,,,5.0,False,2.8708379168450744,0.0,2.146691745927405,0.0,recorded,STALLED
CASE_045,S1_LOW_SOC_STRESS,0.0,2026-06-22 17:03:10,S1_LOW_SOC_STRESS_L549,91.0,1,0,1,1,0,0,0.0,0.0,1.0,203.0,,37365.0,30.0,,,,5.0,False,2.8708379168450744,0.0,2.146691745927405,0.0,recorded,STALLED
CASE_045,S1_LOW_SOC_STRESS,1.0,2026-06-22 17:03:11,S1_LOW_SOC_STRESS_L549,91.0,1,0,1,0,1,1,0.0,0.0,1.0,203.0,,37365.0,30.0,,,,5.0,False,2.8708379168450744,0.0,2.146691745927405,0.0,recorded,STALLED
CASE_045,S1_LOW_SOC_STRESS,2.0,2026-06-22 17:03:12,S1_LOW_SOC_STRESS_L549,91.0,1,0,1,1,0,0,0.0,0.0,1.0,203.0,,37365.0,30.0,,,,5.0,False,2.8708379168450744,0.0,2.146691745927405,0.0,recorded,STALLED
CASE_045,S1_LOW_SOC_STRESS,3.0,2026-06-22 17:03:13,S1_LOW_SOC_STRESS_L549,91.0,1,0,1,1,0,0,0.0,0.0,1.0,203.0,,37365.0,30.0,,,,5.0,False,2.872166310033706,-0.0013283931886309,2.1476382709923465,-0.0009465250649416,recorded,STALLED
CASE_045,S1_LOW_SOC_STRESS,4.0,2026-06-22 17:03:14,S1_LOW_SOC_STRESS_L549,91.0,1,0,1,0,1,1,0.0,0.0,1.0,203.0,,37365.0,30.0,,,,5.0,False,2.872166310033706,-0.0013283931886309,2.1476382709923465,-0.0009465250649416,recorded,STALLED
CASE_045,S1_LOW_SOC_STRESS,5.0,2026-06-22 17:03:15,S1_LOW_SOC_STRESS_L549,91.0,1,0,1,1,0,0,0.0,0.0,1.0,203.0,,37365.0,30.0,,,,5.0,False,2.872166310033706,-0.0013283931886309,2.1476382709923465,-0.0009465250649416,recorded,STALLED
CASE_046,S3_MEDIUM_SOC_WHOLETESTING,-15.0,2026-03-01 00:20:23,S3_MEDIUM_SOC_WHOLETESTING_L24,1.0,1,0,1,1,0,0,0.29652055,0.2326895258636363,0.0,282.5,6893.75,,46.0,296.375,,,5.0,False,16.59650770680138,1.07760786314768,14.726956833664383,1.0812846542203616,reconstructed_shortest,PROGRESS
CASE_046,S3_MEDIUM_SOC_WHOLETESTING,-14.0,2026-03-01 00:20:24,S3_MEDIUM_SOC_WHOLETESTING_L24,1.0,1,0,1,1,0,0,0.2990731,0.2328364940454545,0.0,283.09090909090907,6901.363636363636,,46.0,299.0,,,5.0,False,16.28968893079004,1.3012574730009554,14.423247408784569,1.3048561286976614,reconstructed_shortest,PROGRESS
CASE_046,S3_MEDIUM_SOC_WHOLETESTING,-13.0,2026-03-01 00:20:25,S3_MEDIUM_SOC_WHOLETESTING_L24,1.0,1,0,1,1,0,0,0.2980288727272727,0.2327533438181818,0.0,279.90909090909093,6832.818181818182,,46.0,297.77272727272725,,,5.0,False,16.005661959005337,1.4181766224915222,14.147030555817768,1.3747400565173002,reconstructed_shortest,PROGRESS
CASE_046,S3_MEDIUM_SOC_WHOLETESTING,-12.0,2026-03-01 00:20:26,S3_MEDIUM_SOC_WHOLETESTING_L24,1.0,1,0,1,1,0,0,0.2985058499999999,0.236695606090909,0.0,281.5833333333333,6865.166666666667,,46.0,298.375,,,5.0,False,15.724761576635895,1.4438336312824624,13.869907175700872,1.4028588178237609,reconstructed_shortest,PROGRESS
CASE_046,S3_MEDIUM_SOC_WHOLETESTING,-11.0,2026-03-01 00:20:27,S3_MEDIUM_SOC_WHOLETESTING_L24,1.0,1,0,1,1,0,0,0.2980095,0.2557101245454545,0.0,281.0,6861.0,,46.0,298.0,,,5.0,False,15.44299065110816,1.4316328395562206,13.594562771073232,1.3994581241195352,reconstructed_shortest,PROGRESS
CASE_046,S3_MEDIUM_SOC_WHOLETESTING,-10.0,2026-03-01 00:20:28,S3_MEDIUM_SOC_WHOLETESTING_L24,1.0,1,0,1,1,0,0,0.2973359,0.2759258186363636,0.0,281.6666666666667,6870.833333333333,,46.0,296.95833333333337,,,5.0,False,15.156354688338295,1.440153018463084,13.324037467093264,1.4029193665711208,reconstructed_shortest,PROGRESS
CASE_046,S3_MEDIUM_SOC_WHOLETESTING,-9.0,2026-03-01 00:20:29,S3_MEDIUM_SOC_WHOLETESTING_L24,1.0,1,0,1,1,0,0,0.29775426,0.2906412346363636,0.0,280.0,6832.0,,46.0,297.45,,,5.0,False,14.837292138679905,1.452396792110136,13.007668382749234,1.415579026035335,reconstructed_shortest,PROGRESS
CASE_046,S3_MEDIUM_SOC_WHOLETESTING,-8.0,2026-03-01 00:20:30,S3_MEDIUM_SOC_WHOLETESTING_L24,1.0,1,0,1,1,0,0,0.299034409090909,0.2968911005454545,0.0,280.09090909090907,6837.727272727273,,46.0,298.8181818181818,,,5.0,False,14.591793710476397,1.4138682485289422,12.76370293619684,1.3833276196209263,reconstructed_shortest,PROGRESS
CASE_046,S3_MEDIUM_SOC_WHOLETESTING,-7.0,2026-03-01 00:20:31,S3_MEDIUM_SOC_WHOLETESTING_L24,1.0,1,0,1,1,0,0,0.29939215,0.2980561837272727,0.0,280.75,6852.75,,46.0,299.0,,,5.0,False,14.288400044680582,1.4363615319553134,12.462496001751065,1.4074111739498072,reconstructed_shortest,PROGRESS
CASE_046,S3_MEDIUM_SOC_WHOLETESTING,-6.0,2026-03-01 00:20:32,S3_MEDIUM_SOC_WHOLETESTING_L24,1.0,1,0,1,1,0,0,0.298841009090909,0.2982495600909091,0.0,280.3636363636364,6828.909090909091,,46.0,298.72727272727275,,,5.0,False,14.005133580537889,1.4378570705702725,12.181077016482629,1.413485754590603,reconstructed_shortest,PROGRESS
CASE_046,S3_MEDIUM_SOC_WHOLETESTING,-5.0,2026-03-01 00:20:33,S3_MEDIUM_SOC_WHOLETESTING_L24,1.0,1,0,1,1,0,0,0.2993051363636363,0.2985280187272727,0.0,280.09090909090907,6833.454545454545,,46.0,299.0,,,5.0,False,13.708702293424306,1.4476523949139892,11.887142270335248,1.4368951967580177,reconstructed_shortest,PROGRESS
CASE_046,S3_MEDIUM_SOC_WHOLETESTING,-4.0,2026-03-01 00:20:34,S3_MEDIUM_SOC_WHOLETESTING_L24,1.0,1,0,1,1,0,0,0.2988796818181818,0.2985086769090909,0.0,280.27272727272725,6830.727272727273,,46.0,298.72727272727275,,,5.0,False,13.441858382635203,1.3954337560446977,11.622249119090805,1.385419263658429,reconstructed_shortest,PROGRESS
CASE_046,S3_MEDIUM_SOC_WHOLETESTING,-3.0,2026-03-01 00:20:35,S3_MEDIUM_SOC_WHOLETESTING_L24,1.0,1,0,1,1,0,0,0.2609782818181818,0.2948036178181817,0.0,278.27272727272725,6790.727272727273,,46.0,260.54545454545456,,,5.0,False,13.145063119881469,1.4467305905949264,11.327353395082568,1.4363495411142733,reconstructed_shortest,PROGRESS
CASE_046,S3_MEDIUM_SOC_WHOLETESTING,-2.0,2026-03-01 00:20:36,S3_MEDIUM_SOC_WHOLETESTING_L24,1.0,1,0,1,1,0,0,0.1464167333333333,0.2795947061515151,0.0,272.4166666666667,6635.333333333333,,46.0,146.29166666666666,,,5.0,False,13.099311472221176,1.189088572459406,11.182537581809012,1.2799584199420533,reconstructed_shortest,PROGRESS
CASE_046,S3_MEDIUM_SOC_WHOLETESTING,-1.0,2026-03-01 00:20:37,S3_MEDIUM_SOC_WHOLETESTING_L24,1.0,1,0,1,1,0,0,0.1103781909090909,0.2608315752424242,0.0,273.45454545454544,6674.454545454545,,46.0,110.36363636363636,,,5.0,False,13.005814343702786,0.9993192368351008,11.086763910094598,1.0943131063880305,reconstructed_shortest,PROGRESS
CASE_046,S3_MEDIUM_SOC_WHOLETESTING,0.0,2026-03-01 00:20:38,S3_MEDIUM_SOC_WHOLETESTING_L24,1.0,1,0,1,1,0,0,0.1449535454545454,0.2455933397878787,0.0,273.0,6655.090909090909,,46.0,145.1818181818182,,,5.0,False,12.87312759138248,0.8355747020418249,11.063928727781231,0.823213542554015,reconstructed_shortest,PROGRESS
CASE_046,S3_MEDIUM_SOC_WHOLETESTING,1.0,2026-03-01 00:20:39,S3_MEDIUM_SOC_WHOLETESTING_L24,1.0,1,0,1,1,0,0,0.1494785363636363,0.2307657674242424,0.0,273.3636363636364,6666.818181818182,,46.0,149.4090909090909,,,5.0,False,12.709021814996698,0.7328365676385076,11.083593505119865,0.538655613970942,reconstructed_shortest,PROGRESS
CASE_046,S3_MEDIUM_SOC_WHOLETESTING,2.0,2026-03-01 00:20:40,S3_MEDIUM_SOC_WHOLETESTING_L24,1.0,1,0,1,1,0,0,0.1349367727272727,0.2143560037878787,0.0,274.45454545454544,6697.727272727273,,46.0,134.6818181818182,,,5.0,False,12.578858174365694,0.5662049455157749,11.068715005321469,0.2586383897610993,reconstructed_shortest,PROGRESS
CASE_046,S3_MEDIUM_SOC_WHOLETESTING,3.0,2026-03-01 00:20:41,S3_MEDIUM_SOC_WHOLETESTING_L24,1.0,1,0,1,1,0,0,0.1469839833333333,0.1991151871212121,0.0,274.5,6704.0,,46.0,147.0,,,5.0,False,12.45647298901098,0.6428384832101948,10.99039840818728,0.192139173621733,reconstructed_shortest,PROGRESS
CASE_046,S3_MEDIUM_SOC_WHOLETESTING,4.0,2026-03-01 00:20:42,S3_MEDIUM_SOC_WHOLETESTING_L24,1.0,1,0,1,1,0,0,0.2306571454545454,0.1922968007575757,0.0,286.0,6990.272727272727,,46.0,230.54545454545456,,,5.0,False,12.32657848935515,0.6792358543476364,10.825624227473837,0.2611396826207635,reconstructed_shortest,PROGRESS
CASE_046,S3_MEDIUM_SOC_WHOLETESTING,5.0,2026-03-01 00:20:43,S3_MEDIUM_SOC_WHOLETESTING_L24,1.0,1,0,1,1,0,0,0.2619838727272727,0.1885646743939393,0.0,288.0,7031.363636363636,,46.0,261.9090909090909,,,5.0,False,12.135271630148978,0.7378559612335032,10.616567855467173,0.4473608723140589,reconstructed_shortest,PROGRESS
CASE_047,S3_MEDIUM_SOC_WHOLETESTING,-15.0,2026-03-01 00:19:15,S3_MEDIUM_SOC_WHOLETESTING_L21,1.0,0,0,1,1,0,0,0.0,0.0,1.0,224.45454545454547,5418.454545454545,,48.0,0.0,,,3.0,True,0.0193812967574398,-0.000692086260471,0.0193812967574398,-0.000692086260471,reconstructed_shortest,INACTIVE
CASE_047,S3_MEDIUM_SOC_WHOLETESTING,-14.0,2026-03-01 00:19:16,S3_MEDIUM_SOC_WHOLETESTING_L21,1.0,0,0,1,1,0,0,0.0,0.0,1.0,225.0,5431.0,,48.0,0.0,,,3.0,True,0.0193812967574398,-0.0005944147629642,0.0193812967574398,-0.0005944147629642,reconstructed_shortest,INACTIVE
CASE_047,S3_MEDIUM_SOC_WHOLETESTING,-13.0,2026-03-01 00:19:17,S3_MEDIUM_SOC_WHOLETESTING_L21,1.0,0,0,1,1,0,0,0.0,0.0,1.0,225.0,5429.5,,48.0,0.0,,,3.0,True,0.0193812967574398,-0.0006560364091529,0.0193812967574398,-0.0006560364091529,reconstructed_shortest,INACTIVE
CASE_047,S3_MEDIUM_SOC_WHOLETESTING,-12.0,2026-03-01 00:19:18,S3_MEDIUM_SOC_WHOLETESTING_L22,1.0,0,0,1,1,0,0,0.0,0.0,1.0,224.45454545454547,5419.272727272727,,48.0,0.0,,,4.0,True,4.104677592332296,,0.7580895690246603,,reconstructed_shortest,INACTIVE
CASE_047,S3_MEDIUM_SOC_WHOLETESTING,-11.0,2026-03-01 00:19:19,S3_MEDIUM_SOC_WHOLETESTING_L22,1.0,0,0,1,1,0,0,7.734981818181818e-05,7.734981818165164e-06,1.0,242.45454545454547,5869.090909090909,,47.0,0.0909090909090917,,,4.0,True,4.104504150230249,,0.757643070106534,,reconstructed_shortest,INACTIVE
CASE_047,S3_MEDIUM_SOC_WHOLETESTING,-10.0,2026-03-01 00:19:20,S3_MEDIUM_SOC_WHOLETESTING_L22,1.0,1,0,1,1,0,0,0.000425424,5.0277381818165165e-05,1.0,265.3333333333333,6444.333333333333,,47.0,0.5,,,4.0,False,4.092053810628075,,0.7491859609000265,,reconstructed_shortest,PROGRESS
CASE_047,S3_MEDIUM_SOC_WHOLETESTING,-9.0,2026-03-01 00:19:21,S3_MEDIUM_SOC_WHOLETESTING_L22,1.0,1,0,1,1,0,0,0.000425424,9.281978181816516e-05,1.0,267.3636363636364,6499.090909090909,,47.0,0.5,,,4.0,False,4.078022041244387,,0.7456051007284618,,reconstructed_shortest,PROGRESS
CASE_047,S3_MEDIUM_SOC_WHOLETESTING,-8.0,2026-03-01 00:19:22,S3_MEDIUM_SOC_WHOLETESTING_L22,1.0,1,0,1,1,0,0,0.000425424,0.0001353621818181,1.0,267.90909090909093,6506.363636363636,,47.0,0.5,,,4.0,False,4.0792749791968514,,0.7454048188691109,,reconstructed_shortest,PROGRESS
CASE_047,S3_MEDIUM_SOC_WHOLETESTING,-7.0,2026-03-01 00:19:23,S3_MEDIUM_SOC_WHOLETESTING_L22,1.0,1,0,1,1,0,0,0.000425424,0.0001779045818181,1.0,265.6363636363636,6459.0,,47.0,0.5,,,4.0,False,4.090106173590425,0.0145714187418706,0.7482353610317714,0.0098542079928889,reconstructed_shortest,STALLED
CASE_047,S3_MEDIUM_SOC_WHOLETESTING,-6.0,2026-03-01 00:19:24,S3_MEDIUM_SOC_WHOLETESTING_L22,1.0,1,0,1,1,0,0,0.0004254239999999,0.0002204469818181,1.0,266.0,6468.0,,47.0,0.5,,,4.0,False,4.09008807157217,0.0144160786580789,0.7478522129601823,0.0097908571463516,reconstructed_shortest,STALLED
CASE_047,S3_MEDIUM_SOC_WHOLETESTING,-5.0,2026-03-01 00:19:25,S3_MEDIUM_SOC_WHOLETESTING_L22,1.0,1,0,1,1,0,0,0.000425424,0.0002629893818181,1.0,265.6666666666667,6459.333333333333,,47.0,0.5,,,4.0,False,4.084324484168686,0.0077293264593887,0.7430562483770066,0.0061297125230199,reconstructed_shortest,STALLED
CASE_047,S3_MEDIUM_SOC_WHOLETESTING,-4.0,2026-03-01 00:19:26,S3_MEDIUM_SOC_WHOLETESTING_L22,1.0,1,0,1,1,0,0,0.000425424,0.0003055317818181,1.0,266.0,6468.181818181818,,47.0,0.5,,,4.0,False,4.09145816391876,-0.0134361226743724,0.7404767048595567,0.005128395868905,reconstructed_shortest,STALLED
CASE_047,S3_MEDIUM_SOC_WHOLETESTING,-3.0,2026-03-01 00:19:27,S3_MEDIUM_SOC_WHOLETESTING_L22,1.0,1,0,1,1,0,0,0.000425424,0.0003480741818181,1.0,264.1818181818182,6422.0,,47.0,0.5,,,4.0,False,4.117818969072557,-0.0385439898757056,0.734463856849816,0.0109409620192949,reconstructed_shortest,STALLED
CASE_047,S3_MEDIUM_SOC_WHOLETESTING,-2.0,2026-03-01 00:19:28,S3_MEDIUM_SOC_WHOLETESTING_L22,1.0,1,0,1,1,0,0,0.0004963278333333,0.0003977069651514,1.0,261.5,6349.666666666667,,47.0,0.5833333333333321,,,4.0,False,4.094637065017347,-0.0045308914269215,0.7449132186416797,0.0033221423900916,reconstructed_shortest,STALLED
CASE_047,S3_MEDIUM_SOC_WHOLETESTING,-1.0,2026-03-01 00:19:29,S3_MEDIUM_SOC_WHOLETESTING_L22,1.0,1,0,1,1,0,0,0.0005414483636363,0.0004441168196969,1.0,261.8181818181818,6357.636363636364,,47.0,0.3636363636363668,,,4.0,False,4.100331035155171,-0.0102429635830008,0.7535069956444667,-0.0056547826842843,reconstructed_shortest,STALLED
CASE_047,S3_MEDIUM_SOC_WHOLETESTING,0.0,2026-03-01 00:19:30,S3_MEDIUM_SOC_WHOLETESTING_L22,1.0,1,0,1,1,0,0,0.0887009,0.0092716644196969,0.9,270.0,6570.5,,47.0,88.75,,,4.0,False,4.074949560973776,0.00937492319491,0.7508711984761415,-0.0078149500991349,reconstructed_shortest,STALLED
CASE_047,S3_MEDIUM_SOC_WHOLETESTING,1.0,2026-03-01 00:19:31,S3_MEDIUM_SOC_WHOLETESTING_L22,1.0,1,0,1,1,0,0,0.288260225,0.0380551445196969,0.8,282.1666666666667,6876.5,,47.0,287.875,,,4.0,False,3.832409368201643,0.2590487957171166,0.7776533936474456,-0.0371766887878888,reconstructed_shortest,RECOVERING
CASE_047,S3_MEDIUM_SOC_WHOLETESTING,2.0,2026-03-01 00:19:32,S3_MEDIUM_SOC_WHOLETESTING_L22,1.0,1,0,1,1,0,0,0.2977967545454545,0.0677922775742424,0.7,281.09090909090907,6844.272727272727,,47.0,297.4545454545455,,,4.0,False,3.5728629279004904,0.5449560411720666,0.8777587041926228,-0.1432948473428068,reconstructed_shortest,RECOVERING
CASE_047,S3_MEDIUM_SOC_WHOLETESTING,3.0,2026-03-01 00:19:33,S3_MEDIUM_SOC_WHOLETESTING_L22,1.0,1,0,1,1,0,0,0.2992277727272727,0.0976725124469696,0.6,281.45454545454544,6867.363636363636,,47.0,298.9090909090909,,,4.0,False,3.274166977480383,0.8204700875369633,1.0677585258919142,-0.3228453072502345,reconstructed_shortest,RECOVERING
CASE_047,S3_MEDIUM_SOC_WHOLETESTING,4.0,2026-03-01 00:19:34,S3_MEDIUM_SOC_WHOLETESTING_L22,1.0,1,0,1,1,0,0,0.298647625,0.1274947325469697,0.5,283.0,6895.25,,47.0,298.5,,,4.0,False,2.9913889649514847,1.1089420702036863,1.2865057445171235,-0.5329987488726571,reconstructed_shortest,RECOVERING
CASE_047,S3_MEDIUM_SOC_WHOLETESTING,5.0,2026-03-01 00:19:35,S3_MEDIUM_SOC_WHOLETESTING_L22,1.0,1,0,1,1,0,0,0.2783123899999999,0.1552834291469697,0.4,282.2,6871.7,,47.0,278.3,,,4.0,False,2.6912134388061406,1.3837361221676354,1.5411640695454842,-0.7902928710693428,reconstructed_shortest,RECOVERING
CASE_048,S4_SAFETY_RICH_NAVEEN12,-15.0,2026-03-01 01:21:12,S4_SAFETY_RICH_NAVEEN12_L39,1.0,1,0,1,1,0,0,0.0,0.1519105249393939,0.3,228.9090909090909,5207.0,,59.0,0.0,,,3.0,False,0.0192569571843514,0.2244374451398991,0.0192569571843514,0.2244374451398991,reconstructed_shortest,PROGRESS
CASE_048,S4_SAFETY_RICH_NAVEEN12,-14.0,2026-03-01 01:21:13,S4_SAFETY_RICH_NAVEEN12_L39,1.0,1,0,1,1,0,0,0.0,0.1268317832727272,0.4,229.83333333333337,5225.333333333333,,59.0,0.0,,,3.0,False,0.0192569571843514,0.0792808865977358,0.0192569571843514,0.0792808865977358,reconstructed_shortest,PROGRESS
CASE_048,S4_SAFETY_RICH_NAVEEN12,-13.0,2026-03-01 01:21:14,S4_SAFETY_RICH_NAVEEN12_L39,1.0,1,0,1,1,0,0,0.0,0.0971726382727272,0.5,229.5,5217.166666666667,,59.0,0.0,,,3.0,False,0.0192569571843514,-0.002641592445006,0.0192569571843514,-0.002641592445006,reconstructed_shortest,PROGRESS
CASE_048,S4_SAFETY_RICH_NAVEEN12,-12.0,2026-03-01 01:21:15,S4_SAFETY_RICH_NAVEEN12_L39,1.0,1,0,1,1,0,0,0.0,0.0674355032727272,0.6,230.0,5232.333333333333,,59.0,0.0,,,3.0,False,0.0192569571843514,0.0,0.0192569571843514,0.0,reconstructed_shortest,STALLED
CASE_048,S4_SAFETY_RICH_NAVEEN12,-11.0,2026-03-01 01:21:16,S4_SAFETY_RICH_NAVEEN12_L40,1.0,1,0,1,1,0,0,0.0,0.0376345532727272,0.7,235.45454545454547,5360.909090909091,,59.0,0.0,,,13.0,False,2.6596292254655554,,2.655457573193008,,reconstructed_shortest,PROGRESS
CASE_048,S4_SAFETY_RICH_NAVEEN12,-10.0,2026-03-01 01:21:17,S4_SAFETY_RICH_NAVEEN12_L40,1.0,1,0,1,1,0,0,0.0003093992727272,0.0149903931999999,0.8,264.54545454545456,6052.545454545455,,58.0,0.3636363636363668,,,13.0,False,2.6575538243888506,,2.652274990569722,,reconstructed_shortest,PROGRESS
CASE_048,S4_SAFETY_RICH_NAVEEN12,-9.0,2026-03-01 01:21:18,S4_SAFETY_RICH_NAVEEN12_L40,1.0,1,0,1,1,0,0,0.000425424,0.005050942690909,0.9,272.0,6221.0,,58.0,0.5,,,13.0,False,2.632854257062884,,2.6297837144326204,,reconstructed_shortest,PROGRESS
CASE_048,S4_SAFETY_RICH_NAVEEN12,-8.0,2026-03-01 01:21:19,S4_SAFETY_RICH_NAVEEN12_L40,1.0,1,0,1,1,0,0,0.000425424,0.0001160247272727,1.0,272.1818181818182,6232.272727272727,,58.0,0.5,,,13.0,False,2.64031016681367,,2.6370789952291376,,reconstructed_shortest,PROGRESS
CASE_048,S4_SAFETY_RICH_NAVEEN12,-7.0,2026-03-01 01:21:20,S4_SAFETY_RICH_NAVEEN12_L40,1.0,1,0,1,1,0,0,0.000425424,0.0001585671272727,1.0,271.6363636363636,6212.090909090909,,58.0,0.5,,,13.0,False,2.642812606235984,,2.63846769800299,,reconstructed_shortest,PROGRESS
CASE_048,S4_SAFETY_RICH_NAVEEN12,-6.0,2026-03-01 01:21:21,S4_SAFETY_RICH_NAVEEN12_L40,1.0,1,0,1,1,0,0,0.000425424,0.0002011095272727,1.0,272.90909090909093,6243.545454545455,,58.0,0.5,,,13.0,False,2.645115548911666,0.0145136765538893,2.642019725263269,0.013437847929739,reconstructed_shortest,STALLED
CASE_048,S4_SAFETY_RICH_NAVEEN12,-5.0,2026-03-01 01:21:22,S4_SAFETY_RICH_NAVEEN12_L40,1.0,1,0,1,1,0,0,0.000425424,0.0002436519272727,1.0,273.45454545454544,6255.545454545455,,58.0,0.5,,,13.0,False,2.6434043312422753,0.0141494931465753,2.6413158630821467,0.0109591274875753,reconstructed_shortest,STALLED
CASE_048,S4_SAFETY_RICH_NAVEEN12,-4.0,2026-03-01 01:21:23,S4_SAFETY_RICH_NAVEEN12_L40,1.0,1,0,1,1,0,0,0.000425424,0.0002861943272727,1.0,272.6666666666667,6241.666666666667,,58.0,0.5,,,13.0,False,2.6444656242795306,-0.0116113672166466,2.644327893837892,-0.0145441794052714,reconstructed_shortest,STALLED
CASE_048,S4_SAFETY_RICH_NAVEEN12,-3.0,2026-03-01 01:21:24,S4_SAFETY_RICH_NAVEEN12_L40,1.0,1,0,1,1,0,0,0.000425424,0.0003287367272727,1.0,271.09090909090907,6204.909090909091,,58.0,0.2272727272727266,,,13.0,False,2.664230681156675,-0.023920514343005,2.663322193767536,-0.0262431985383981,reconstructed_shortest,STALLED
CASE_048,S4_SAFETY_RICH_NAVEEN12,-2.0,2026-03-01 01:21:25,S4_SAFETY_RICH_NAVEEN12_L40,1.0,1,0,1,1,0,0,0.000425424,0.0003712791272727,1.0,268.90909090909093,6157.454545454545,,58.0,0.5,,,13.0,False,2.667207647015342,-0.0243950407793578,2.666255441571195,-0.0277877435682052,reconstructed_shortest,STALLED
CASE_048,S4_SAFETY_RICH_NAVEEN12,-1.0,2026-03-01 01:21:26,S4_SAFETY_RICH_NAVEEN12_L40,1.0,1,0,1,1,0,0,0.0004254226666666,0.0004138213939393,1.0,267.8333333333333,6134.333333333333,,58.0,0.5,,,13.0,False,2.6495789158240495,-0.0044633669123834,2.643863560672546,-0.0018438354092764,reconstructed_shortest,STALLED
CASE_048,S4_SAFETY_RICH_NAVEEN12,0.0,2026-03-01 01:21:27,S4_SAFETY_RICH_NAVEEN12_L40,1.0,1,0,1,1,0,0,0.0189893807272727,0.0022818195393939,1.0,266.3636363636364,6096.727272727273,,58.0,19.0,,,13.0,False,2.6498429786308395,-0.0064386473885642,2.639910574474718,0.0014052886074287,reconstructed_shortest,STALLED
CASE_048,S4_SAFETY_RICH_NAVEEN12,1.0,2026-03-01 01:21:28,S4_SAFETY_RICH_NAVEEN12_L40,1.0,1,0,1,1,0,0,0.2542875545454545,0.0276680325939393,0.9,284.1818181818182,6514.545454545455,,58.0,254.1818181818182,,,13.0,False,2.528385405366719,0.1160802189128116,2.5220374305122353,0.1222904633256565,reconstructed_shortest,RECOVERING
CASE_048,S4_SAFETY_RICH_NAVEEN12,2.0,2026-03-01 01:21:29,S4_SAFETY_RICH_NAVEEN12_L40,1.0,1,0,1,1,0,0,0.2984155636363636,0.0574670465575757,0.8,286.54545454545456,6578.636363636364,,57.0,298.22727272727275,,,13.0,False,2.283115624279001,0.381115056877674,2.2824772609437587,0.380844932823777,reconstructed_shortest,RECOVERING
CASE_048,S4_SAFETY_RICH_NAVEEN12,3.0,2026-03-01 01:21:30,S4_SAFETY_RICH_NAVEEN12_L40,1.0,1,0,1,1,0,0,0.2984929090909091,0.0872737950666666,0.7,289.09090909090907,6641.727272727273,,57.0,298.3181818181818,,,13.0,False,1.9834967258542529,0.6837109211610892,1.9825053933142187,0.6837500482569765,reconstructed_shortest,RECOVERING
CASE_048,S4_SAFETY_RICH_NAVEEN12,4.0,2026-03-01 01:21:31,S4_SAFETY_RICH_NAVEEN12_L40,1.0,1,0,1,1,0,0,0.2988603333333333,0.117117286,0.6,289.0,6639.0,,58.0,298.83333333333337,,,13.0,False,1.7015630647224071,0.9480158511016424,1.7015517917673788,0.9423117689051664,reconstructed_shortest,RECOVERING
CASE_048,S4_SAFETY_RICH_NAVEEN12,5.0,2026-03-01 01:21:32,S4_SAFETY_RICH_NAVEEN12_L40,1.0,1,0,1,1,0,0,0.2990343727272727,0.1469781808727272,0.5,287.0,6588.909090909091,,58.0,298.72727272727275,,,13.0,False,1.4014091160761786,1.248433862554661,1.4013963995175642,1.2385141749571538,reconstructed_shortest,RECOVERING
CASE_049,S1_LOW_SOC_STRESS,-15.0,2026-06-22 16:41:09,S1_LOW_SOC_STRESS_L472,73.0,1,0,1,0,1,1,0.2990730702877044,0.2967757761478423,0.0,274.0,,39897.0,41.0,,,,2.0,False,1.3415498931410044,2.976183214779657,1.338118140577111,1.3860451947673145,recorded,PROGRESS
CASE_049,S1_LOW_SOC_STRESS,-14.0,2026-06-22 16:41:10,S1_LOW_SOC_STRESS_L472,73.0,1,0,1,1,0,0,0.2986476421356201,0.2969034045934677,0.0,266.0,,39963.0,42.0,,,,2.0,False,7.245034625331936,-2.465686321677417,0.7434808566321455,1.518999984550402,recorded,PROGRESS
CASE_049,S1_LOW_SOC_STRESS,-13.0,2026-06-22 16:41:11,S1_LOW_SOC_STRESS_L472,73.0,1,0,1,0,1,1,0.2986476421356201,0.297031033039093,0.0,266.0,,39963.0,42.0,,,,2.0,False,7.245034625331936,-2.465686321677417,0.7434808566321455,1.518999984550402,recorded,PROGRESS
CASE_049,S1_LOW_SOC_STRESS,-12.0,2026-06-22 16:41:12,S1_LOW_SOC_STRESS_L472,73.0,1,0,1,1,0,0,0.2986476421356201,0.2972012042999267,0.0,252.0,,40037.0,42.0,,,,2.0,False,6.777853656108128,-1.532804042340416,0.2762998874083375,1.5204703045919328,recorded,PROGRESS
CASE_049,S1_LOW_SOC_STRESS,-11.0,2026-06-22 16:41:13,S1_LOW_SOC_STRESS_L473,73.0,1,0,1,1,0,0,0.0,0.2677618622779846,0.1,224.0,,40109.0,42.0,,,,3.0,False,6.584929280121461,,4.677920354103804,,recorded,PROGRESS
CASE_049,S1_LOW_SOC_STRESS,-10.0,2026-06-22 16:41:14,S1_LOW_SOC_STRESS_L473,73.0,1,0,1,0,1,1,0.0,0.2383225202560424,0.2,224.0,,40109.0,42.0,,,,3.0,False,6.584929280121461,,4.677920354103804,,recorded,PROGRESS
CASE_049,S1_LOW_SOC_STRESS,-9.0,2026-06-22 16:41:15,S1_LOW_SOC_STRESS_L473,73.0,1,0,1,1,0,0,0.0,0.2087980955839157,0.3,210.0,,40179.0,43.0,,,,3.0,False,6.584929280121461,,4.677920354103804,,recorded,PROGRESS
CASE_049,S1_LOW_SOC_STRESS,-8.0,2026-06-22 16:41:16,S1_LOW_SOC_STRESS_L473,73.0,1,0,1,0,1,1,0.0,0.1792736709117889,0.4,210.0,,40179.0,43.0,,,,3.0,False,6.584929280121461,,4.677920354103804,,recorded,PROGRESS
CASE_049,S1_LOW_SOC_STRESS,-7.0,2026-06-22 16:41:17,S1_LOW_SOC_STRESS_L473,73.0,1,0,1,1,0,0,0.0,0.1494089066982269,0.5,210.0,,40179.0,43.0,,,,3.0,False,6.584929280121461,,4.677920354103804,,recorded,PROGRESS
CASE_049,S1_LOW_SOC_STRESS,-6.0,2026-06-22 16:41:18,S1_LOW_SOC_STRESS_L473,73.0,1,0,1,1,0,0,0.0,0.1195015996694564,0.6,210.0,,40181.0,43.0,,,,3.0,False,6.584929280121461,0.0,4.677920354103804,0.0,recorded,STALLED
CASE_049,S1_LOW_SOC_STRESS,-5.0,2026-06-22 16:41:19,S1_LOW_SOC_STRESS_L473,73.0,1,0,1,0,1,1,0.0,0.089594292640686,0.7,210.0,,40181.0,43.0,,,,3.0,False,6.584929280121461,0.0,4.677920354103804,0.0,recorded,STALLED
CASE_049,S1_LOW_SOC_STRESS,-4.0,2026-06-22 16:41:20,S1_LOW_SOC_STRESS_L473,73.0,1,0,1,1,0,0,0.0,0.059729528427124,0.8,210.0,,40198.0,43.0,,,,3.0,False,6.584929280121461,0.0,4.677920354103804,0.0,recorded,STALLED
CASE_049,S1_LOW_SOC_STRESS,-3.0,2026-06-22 16:41:21,S1_LOW_SOC_STRESS_L473,73.0,1,0,1,1,0,0,0.0,0.029864764213562,0.9,210.0,,40198.0,43.0,,,,3.0,False,6.584929280121461,0.0,4.677920354103804,0.0,recorded,STALLED
CASE_049,S1_LOW_SOC_STRESS,-2.0,2026-06-22 16:41:22,S1_LOW_SOC_STRESS_L473,73.0,1,0,1,0,1,1,0.0,0.0,1.0,210.0,,40198.0,43.0,,,,3.0,False,6.584929280121461,0.0,4.677920354103804,0.0,recorded,STALLED
CASE_049,S1_LOW_SOC_STRESS,-1.0,2026-06-22 16:41:23,S1_LOW_SOC_STRESS_L473,73.0,1,0,1,1,0,0,0.0,0.0,1.0,211.0,,40181.0,43.0,,,,3.0,False,6.586229539266368,-0.0013002591449069,4.676875785733451,0.0010445683703537,recorded,STALLED
CASE_049,S1_LOW_SOC_STRESS,0.0,2026-06-22 16:41:24,S1_LOW_SOC_STRESS_L473,73.0,1,0,1,0,1,1,0.0,0.0,1.0,211.0,,40181.0,43.0,,,,3.0,False,6.586229539266368,-0.0013002591449069,4.676875785733451,0.0010445683703537,recorded,STALLED
CASE_049,S1_LOW_SOC_STRESS,1.0,2026-06-22 16:41:25,S1_LOW_SOC_STRESS_L473,73.0,1,0,1,1,0,0,0.0,0.0,1.0,210.0,,40179.0,43.0,,,,3.0,False,6.586229539266368,-0.0013002591449069,4.676875785733451,0.0010445683703537,recorded,STALLED
CASE_049,S1_LOW_SOC_STRESS,2.0,2026-06-22 16:41:26,S1_LOW_SOC_STRESS_L473,73.0,1,0,1,1,0,0,0.0,0.0,1.0,210.0,,40190.0,43.0,,,,3.0,False,6.586229539266368,-0.0013002591449069,4.676875785733451,0.0010445683703537,recorded,STALLED
CASE_049,S1_LOW_SOC_STRESS,3.0,2026-06-22 16:41:27,S1_LOW_SOC_STRESS_L473,73.0,1,0,1,0,1,1,0.0,0.0,1.0,210.0,,40190.0,43.0,,,,3.0,False,6.586229539266368,-0.0013002591449069,4.676875785733451,0.0010445683703537,recorded,STALLED
CASE_049,S1_LOW_SOC_STRESS,4.0,2026-06-22 16:41:28,S1_LOW_SOC_STRESS_L473,73.0,1,0,1,1,0,0,0.0,0.0,1.0,210.0,,40179.0,43.0,,,,3.0,False,6.586229539266368,0.0,4.676875785733451,0.0,recorded,STALLED
CASE_049,S1_LOW_SOC_STRESS,5.0,2026-06-22 16:41:29,S1_LOW_SOC_STRESS_L473,73.0,1,0,1,0,1,1,0.0,0.0,1.0,210.0,,40179.0,43.0,,,,3.0,False,6.586229539266368,0.0,4.676875785733451,0.0,recorded,STALLED
CASE_050,S1_LOW_SOC_STRESS,-15.0,2026-06-22 17:18:41,S1_LOW_SOC_STRESS_L620,104.0,1,0,1,0,1,1,0.2982222139835357,0.2985200136899947,0.0,245.0,,31662.0,6.0,,,,5.0,False,4.101891239199329,6.449421709912697,3.1447018372942344,1.3717721492983506,recorded,PROGRESS
CASE_050,S1_LOW_SOC_STRESS,-14.0,2026-06-22 17:18:42,S1_LOW_SOC_STRESS_L620,104.0,1,0,1,1,0,0,0.2990730702877044,0.2985200136899947,0.0,253.0,,31528.0,5.0,,,,5.0,False,3.644159950497901,7.369526955739225,2.753578906898537,1.3292283124184108,recorded,PROGRESS
CASE_050,S1_LOW_SOC_STRESS,-13.0,2026-06-22 17:18:43,S1_LOW_SOC_STRESS_L620,104.0,1,0,1,0,1,1,0.2990730702877044,0.2985200136899947,0.0,253.0,,31528.0,5.0,,,,5.0,False,3.644159950497901,7.369526955739225,2.753578906898537,1.3292283124184108,recorded,PROGRESS
CASE_050,S1_LOW_SOC_STRESS,-12.0,2026-06-22 17:18:44,S1_LOW_SOC_STRESS_L620,104.0,1,0,1,1,0,0,0.2982222139835357,0.2984349280595779,0.0,229.0,,31699.0,6.0,,,,5.0,False,3.191824500401383,1.4759796083831611,2.3861768606772698,1.267029582523473,recorded,PROGRESS
CASE_050,S1_LOW_SOC_STRESS,-11.0,2026-06-22 17:18:45,S1_LOW_SOC_STRESS_L620,104.0,1,0,1,0,1,1,0.2982222139835357,0.2984774708747863,0.0,229.0,,31699.0,6.0,,,,5.0,False,3.191824500401383,0.910066738797946,2.3861768606772698,0.7585249766169646,recorded,PROGRESS
CASE_050,S1_LOW_SOC_STRESS,-10.0,2026-06-22 17:18:46,S1_LOW_SOC_STRESS_L620,104.0,1,0,1,1,0,0,0.0,0.2686977922916412,0.1,203.0,,31806.0,6.0,,,,5.0,False,2.8429617549016495,1.2589294842976797,2.12691423396848,1.0177876033257545,recorded,PROGRESS
CASE_050,S1_LOW_SOC_STRESS,-9.0,2026-06-22 17:18:47,S1_LOW_SOC_STRESS_L620,104.0,1,0,1,1,0,0,0.0,0.2387904852628707,0.2,188.0,,31948.0,7.0,,,,5.0,False,2.8467180525966063,0.7974418979012947,2.129575559002608,0.624003347895929,recorded,PROGRESS
CASE_050,S1_LOW_SOC_STRESS,-8.0,2026-06-22 17:18:48,S1_LOW_SOC_STRESS_L620,104.0,1,0,1,0,1,1,0.0,0.2088831782341003,0.3,188.0,,31948.0,7.0,,,,5.0,False,2.8467180525966063,0.7974418979012947,2.129575559002608,0.624003347895929,recorded,PROGRESS
CASE_050,S1_LOW_SOC_STRESS,-7.0,2026-06-22 17:18:49,S1_LOW_SOC_STRESS_L620,104.0,1,0,1,1,0,0,0.0,0.1791034996509551,0.4,188.0,,31948.0,7.0,,,,5.0,False,2.8453896594079744,0.3464348409934086,2.128638426751848,0.2575384339254216,recorded,PROGRESS
CASE_050,S1_LOW_SOC_STRESS,-6.0,2026-06-22 17:18:50,S1_LOW_SOC_STRESS_L620,104.0,1,0,1,1,0,0,0.0,0.1492812782526015,0.5,189.0,,31948.0,7.0,,,,5.0,False,2.8453896594079744,0.3464348409934086,2.128638426751848,0.2575384339254216,recorded,PROGRESS
CASE_050,S1_LOW_SOC_STRESS,-5.0,2026-06-22 17:18:51,S1_LOW_SOC_STRESS_L620,104.0,1,0,1,0,1,1,0.0,0.119459056854248,0.6,189.0,,31948.0,7.0,,,,5.0,False,2.8453896594079744,-0.0024279045063249,2.128638426751848,-0.0017241927833682,recorded,STALLED
CASE_050,S1_LOW_SOC_STRESS,-4.0,2026-06-22 17:18:52,S1_LOW_SOC_STRESS_L620,104.0,1,0,1,1,0,0,0.0,0.0895517498254775,0.7,188.0,,31948.0,7.0,,,,5.0,False,2.8453896594079744,0.0013283931886318,2.128638426751848,0.0009371322507596,recorded,STALLED
CASE_050,S1_LOW_SOC_STRESS,-3.0,2026-06-22 17:18:53,S1_LOW_SOC_STRESS_L620,104.0,1,0,1,0,1,1,0.0,0.0596444427967071,0.8,188.0,,31948.0,7.0,,,,5.0,False,2.8453896594079744,0.0013283931886318,2.128638426751848,0.0009371322507596,recorded,STALLED
CASE_050,S1_LOW_SOC_STRESS,-2.0,2026-06-22 17:18:54,S1_LOW_SOC_STRESS_L620,104.0,1,0,1,1,0,0,0.0,0.0298222213983535,0.9,189.0,,31944.0,7.0,,,,5.0,False,2.8453896594079744,0.0,2.128638426751848,0.0,recorded,STALLED
CASE_050,S1_LOW_SOC_STRESS,-1.0,2026-06-22 17:18:55,S1_LOW_SOC_STRESS_L620,104.0,1,0,1,0,1,1,0.0,0.0,1.0,189.0,,31944.0,7.0,,,,5.0,False,2.8453896594079744,0.0,2.128638426751848,0.0,recorded,STALLED
CASE_050,S1_LOW_SOC_STRESS,0.0,2026-06-22 17:18:56,S1_LOW_SOC_STRESS_L620,104.0,1,0,1,1,0,0,0.0,0.0,1.0,188.0,,31930.0,7.0,,,,5.0,False,2.8453896594079744,0.0,2.128638426751848,0.0,recorded,STALLED
CASE_050,S1_LOW_SOC_STRESS,1.0,2026-06-22 17:18:57,S1_LOW_SOC_STRESS_L620,104.0,1,0,1,1,0,0,0.0,0.0,1.0,189.0,,31876.0,6.0,,,,5.0,False,2.8453896594079744,0.0,2.128638426751848,0.0,recorded,STALLED
CASE_050,S1_LOW_SOC_STRESS,2.0,2026-06-22 17:18:58,S1_LOW_SOC_STRESS_L620,104.0,1,0,1,0,1,1,0.0,0.0,1.0,189.0,,31876.0,6.0,,,,5.0,False,2.8453896594079744,0.0,2.128638426751848,0.0,recorded,STALLED
CASE_050,S1_LOW_SOC_STRESS,3.0,2026-06-22 17:18:59,S1_LOW_SOC_STRESS_L620,104.0,1,0,1,1,0,0,0.0,0.0,1.0,189.0,,31876.0,6.0,,,,5.0,False,2.8453896594079744,0.0,2.128638426751848,0.0,recorded,STALLED
CASE_050,S1_LOW_SOC_STRESS,4.0,2026-06-22 17:19:00,S1_LOW_SOC_STRESS_L620,104.0,1,0,1,0,1,1,0.0,0.0,1.0,189.0,,31876.0,6.0,,,,5.0,False,2.8453896594079744,0.0,2.128638426751848,0.0,recorded,STALLED
CASE_050,S1_LOW_SOC_STRESS,5.0,2026-06-22 17:19:01,S1_LOW_SOC_STRESS_L620,104.0,1,0,1,1,0,0,0.0,0.0,1.0,189.0,,31876.0,6.0,,,,5.0,False,2.8453896594079744,0.0,2.128638426751848,0.0,recorded,STALLED
CASE_051,S1_LOW_SOC_STRESS,-15.0,2026-06-22 15:44:12,S1_LOW_SOC_STRESS_L208,,0,0,0,0,0,7,,,,,,,,,,,,,,,,,telemetry_unavailable,TELEMETRY_UNAVAILABLE
CASE_051,S1_LOW_SOC_STRESS,-14.0,2026-06-22 15:44:13,S1_LOW_SOC_STRESS_L209,,0,0,0,0,0,8,,,,,,,,,,,,,,,,,telemetry_unavailable,TELEMETRY_UNAVAILABLE
CASE_051,S1_LOW_SOC_STRESS,-13.0,2026-06-22 15:44:14,S1_LOW_SOC_STRESS_L210,,0,0,0,0,0,9,,,,,,,,,,,,,,,,,telemetry_unavailable,TELEMETRY_UNAVAILABLE
CASE_051,S1_LOW_SOC_STRESS,-12.0,2026-06-22 15:44:15,S1_LOW_SOC_STRESS_L211,38.0,1,1,1,1,0,0,0.0,,,208.0,,42923.0,55.0,,,,6.0,False,14.904921709873722,,10.995891020668717,,recorded,EXPECTED_HOLD
CASE_051,S1_LOW_SOC_STRESS,-11.0,2026-06-22 15:44:16,S1_LOW_SOC_STRESS_L211,38.0,1,1,1,0,1,1,0.0,,,208.0,,42923.0,55.0,,,,6.0,False,14.904921709873722,,10.995891020668717,,recorded,EXPECTED_HOLD
CASE_051,S1_LOW_SOC_STRESS,-10.0,2026-06-22 15:44:17,S1_LOW_SOC_STRESS_L211,38.0,1,0,1,1,0,0,0.0,0.0,1.0,221.0,,42797.0,54.0,,,,6.0,False,14.894466327240451,,11.001803415409157,,recorded,PROGRESS
CASE_051,S1_LOW_SOC_STRESS,-9.0,2026-06-22 15:44:18,S1_LOW_SOC_STRESS_L211,38.0,1,0,1,0,1,1,0.0,0.0,1.0,221.0,,42797.0,54.0,,,,6.0,False,14.894466327240451,,11.001803415409157,,recorded,PROGRESS
CASE_051,S1_LOW_SOC_STRESS,-8.0,2026-06-22 15:44:19,S1_LOW_SOC_STRESS_L211,38.0,1,0,1,1,0,0,0.0,0.0,1.0,222.0,,42799.0,54.0,,,,6.0,False,14.89029251730114,,11.005663600807871,,recorded,PROGRESS
CASE_051,S1_LOW_SOC_STRESS,-7.0,2026-06-22 15:44:20,S1_LOW_SOC_STRESS_L211,38.0,1,0,1,0,1,1,0.0,0.0,1.0,222.0,,42799.0,54.0,,,,6.0,False,14.89029251730114,0.0146291925725812,11.005663600807871,-0.0097725801391561,recorded,STALLED
CASE_051,S1_LOW_SOC_STRESS,-6.0,2026-06-22 15:44:21,S1_LOW_SOC_STRESS_L211,38.0,1,0,1,1,0,0,0.0,0.0,1.0,222.0,,42783.0,54.0,,,,6.0,False,14.892120177581754,0.0128015322919683,11.004621794898554,-0.0087307742298374,recorded,STALLED
CASE_051,S1_LOW_SOC_STRESS,-5.0,2026-06-22 15:44:22,S1_LOW_SOC_STRESS_L211,38.0,1,0,1,1,0,0,0.0,0.0,1.0,222.0,,42803.0,54.0,,,,6.0,False,14.886417064337612,0.0080492629028405,11.009975620341317,-0.0081722049321601,recorded,STALLED
CASE_051,S1_LOW_SOC_STRESS,-4.0,2026-06-22 15:44:23,S1_LOW_SOC_STRESS_L211,38.0,1,0,1,0,1,1,0.0,0.0,1.0,222.0,,42803.0,54.0,,,,6.0,False,14.886417064337612,0.0080492629028405,11.009975620341317,-0.0081722049321601,recorded,STALLED
CASE_051,S1_LOW_SOC_STRESS,-3.0,2026-06-22 15:44:24,S1_LOW_SOC_STRESS_L211,38.0,1,0,1,1,0,0,0.0,0.0,1.0,222.0,,42791.0,54.0,,,,6.0,False,14.891986858360712,-0.0016943410595704,11.004823877720542,0.0008397230873313,recorded,STALLED
CASE_051,S1_LOW_SOC_STRESS,-2.0,2026-06-22 15:44:25,S1_LOW_SOC_STRESS_L211,38.0,1,0,1,0,1,1,0.0,0.0,1.0,222.0,,42791.0,54.0,,,,6.0,False,14.891986858360712,-0.0016943410595704,11.004823877720542,0.0008397230873313,recorded,STALLED
CASE_051,S1_LOW_SOC_STRESS,-1.0,2026-06-22 15:44:26,S1_LOW_SOC_STRESS_L211,38.0,1,0,1,1,0,0,0.0,0.0,1.0,221.0,,42783.0,54.0,,,,6.0,False,14.887068514441433,0.005051663140323,11.008262729473032,-0.003640934574479,recorded,STALLED
CASE_051,S1_LOW_SOC_STRESS,0.0,2026-06-22 15:44:27,S1_LOW_SOC_STRESS_L211,38.0,1,0,1,0,1,1,0.0,0.0,1.0,221.0,,42783.0,54.0,,,,6.0,False,14.887068514441433,-0.0006514501038186,11.008262729473032,0.0017128908682817,recorded,STALLED
CASE_051,S1_LOW_SOC_STRESS,1.0,2026-06-22 15:44:28,S1_LOW_SOC_STRESS_L211,38.0,1,1,1,1,0,0,0.0,0.0,1.0,220.0,,42783.0,54.0,,,,6.0,False,14.88836056986426,-0.0019435055266487,11.007666696860776,0.0023089234805393,recorded,EXPECTED_HOLD
CASE_051,S1_LOW_SOC_STRESS,2.0,2026-06-22 15:44:29,S1_LOW_SOC_STRESS_L211,38.0,1,1,1,0,1,1,0.0,0.0,1.0,220.0,,42783.0,54.0,,,,6.0,False,14.88836056986426,0.0036262884964504,11.007666696860776,-0.002842819140234,recorded,EXPECTED_HOLD
CASE_051,S1_LOW_SOC_STRESS,3.0,2026-06-22 15:44:30,S1_LOW_SOC_STRESS_L211,38.0,1,1,1,1,0,0,0.0,0.0,1.0,208.0,,42923.0,55.0,,,,6.0,False,14.891148823855724,0.0008380345049872,11.005403650552664,-0.0005797728321237,recorded,EXPECTED_HOLD
CASE_051,S1_LOW_SOC_STRESS,4.0,2026-06-22 15:44:31,S1_LOW_SOC_STRESS_L211,38.0,1,1,1,0,1,1,0.0,0.0,1.0,208.0,,42923.0,55.0,,,,6.0,False,14.891148823855724,-0.0040803094142933,11.005403650552664,0.0028590789203679,recorded,EXPECTED_HOLD
CASE_051,S1_LOW_SOC_STRESS,5.0,2026-06-22 15:44:32,S1_LOW_SOC_STRESS_L211,38.0,1,1,1,0,1,2,0.0,0.0,1.0,208.0,,42923.0,55.0,,,,6.0,False,14.891148823855724,-0.0040803094142933,11.005403650552664,0.0028590789203679,recorded,EXPECTED_HOLD
CASE_052,S1_LOW_SOC_STRESS,-15.0,2026-06-22 16:57:38,S1_LOW_SOC_STRESS_L533,87.0,1,0,1,1,0,0,0.0,0.0,1.0,205.0,,38138.0,34.0,,,,2.0,False,14.3858473186516,-0.0012894166652781,13.430433176040212,0.0012976545243397,recorded,STALLED
CASE_052,S1_LOW_SOC_STRESS,-14.0,2026-06-22 16:57:39,S1_LOW_SOC_STRESS_L533,87.0,1,0,1,0,1,1,0.0,0.0,1.0,205.0,,38138.0,34.0,,,,2.0,False,14.3858473186516,-0.0012894166652781,13.430433176040212,0.0012976545243397,recorded,STALLED
CASE_052,S1_LOW_SOC_STRESS,-13.0,2026-06-22 16:57:40,S1_LOW_SOC_STRESS_L533,87.0,1,0,1,0,1,2,0.0,0.0,1.0,205.0,,38138.0,34.0,,,,2.0,False,14.3858473186516,-0.0012894166652781,13.430433176040212,0.0012976545243397,recorded,STALLED
CASE_052,S1_LOW_SOC_STRESS,-12.0,2026-06-22 16:57:41,S1_LOW_SOC_STRESS_L534,,0,0,0,0,0,3,,,,,,,,,,,,,,,,,telemetry_unavailable,TELEMETRY_UNAVAILABLE
CASE_052,S1_LOW_SOC_STRESS,-11.0,2026-06-22 16:57:42,S1_LOW_SOC_STRESS_L535,88.0,1,0,1,1,0,0,0.0,,,205.0,,38138.0,34.0,,,,2.0,False,14.38455790198632,,13.431730830564552,,recorded,PROGRESS
CASE_052,S1_LOW_SOC_STRESS,-10.0,2026-06-22 16:57:43,S1_LOW_SOC_STRESS_L535,88.0,1,0,1,0,1,1,0.0,,,205.0,,38138.0,34.0,,,,2.0,False,14.38455790198632,,13.431730830564552,,recorded,PROGRESS
CASE_052,S1_LOW_SOC_STRESS,-9.0,2026-06-22 16:57:44,S1_LOW_SOC_STRESS_L535,88.0,1,0,1,0,1,2,0.0,0.0,1.0,205.0,,38138.0,34.0,,,,2.0,False,14.38455790198632,,13.431730830564552,,recorded,PROGRESS
CASE_052,S1_LOW_SOC_STRESS,-8.0,2026-06-22 16:57:45,S1_LOW_SOC_STRESS_L535,88.0,1,0,1,1,0,0,0.0,0.0,1.0,205.0,,38138.0,34.0,,,,2.0,False,14.38455790198632,,13.431730830564552,,recorded,PROGRESS
CASE_052,S1_LOW_SOC_STRESS,-7.0,2026-06-22 16:57:46,S1_LOW_SOC_STRESS_L535,88.0,1,0,1,0,1,1,0.0,0.0,1.0,205.0,,38138.0,34.0,,,,2.0,False,14.38455790198632,,13.431730830564552,,recorded,PROGRESS
CASE_052,S1_LOW_SOC_STRESS,-6.0,2026-06-22 16:57:47,S1_LOW_SOC_STRESS_L535,88.0,1,0,1,1,0,0,0.0,0.0,1.0,205.0,,38138.0,34.0,,,,2.0,False,14.38713685525378,-0.0025789532674593,13.429135521942095,0.002595308622455,recorded,STALLED
CASE_052,S1_LOW_SOC_STRESS,-5.0,2026-06-22 16:57:48,S1_LOW_SOC_STRESS_L535,88.0,1,0,1,0,1,1,0.0,0.0,1.0,205.0,,38138.0,34.0,,,,2.0,False,14.38713685525378,-0.0025789532674593,13.429135521942095,0.002595308622455,recorded,STALLED
CASE_052,S1_LOW_SOC_STRESS,-4.0,2026-06-22 16:57:49,S1_LOW_SOC_STRESS_L535,88.0,1,0,1,1,0,0,0.0,0.0,1.0,205.0,,38138.0,34.0,,,,2.0,False,14.38713685525378,-0.0025789532674593,13.429135521942095,0.002595308622455,recorded,STALLED
CASE_052,S1_LOW_SOC_STRESS,-3.0,2026-06-22 16:57:50,S1_LOW_SOC_STRESS_L535,88.0,1,0,1,0,1,1,0.0,0.0,1.0,205.0,,38138.0,34.0,,,,2.0,False,14.38713685525378,-0.0025789532674593,13.429135521942095,0.002595308622455,recorded,STALLED
CASE_052,S1_LOW_SOC_STRESS,-2.0,2026-06-22 16:57:51,S1_LOW_SOC_STRESS_L535,88.0,1,0,1,0,1,2,0.0,0.0,1.0,205.0,,38138.0,34.0,,,,2.0,False,14.38713685525378,-0.0025789532674593,13.429135521942095,0.002595308622455,recorded,STALLED
CASE_052,S1_LOW_SOC_STRESS,-1.0,2026-06-22 16:57:52,S1_LOW_SOC_STRESS_L535,88.0,1,0,1,1,0,0,0.0,0.0,1.0,204.0,,38138.0,34.0,,,,2.0,False,14.3858473186516,0.0012895366021812,13.430433176040212,-0.0012976540981153,recorded,STALLED
CASE_052,S1_LOW_SOC_STRESS,0.0,2026-06-22 16:57:53,S1_LOW_SOC_STRESS_L535,88.0,1,0,1,0,1,1,0.0,0.0,1.0,204.0,,38138.0,34.0,,,,2.0,False,14.3858473186516,0.0012895366021812,13.430433176040212,-0.0012976540981153,recorded,STALLED
CASE_052,S1_LOW_SOC_STRESS,1.0,2026-06-22 16:57:54,S1_LOW_SOC_STRESS_L535,88.0,1,0,1,1,0,0,0.0,0.0,1.0,205.0,,38138.0,34.0,,,,2.0,False,14.388426509746212,-0.0012896544924316,13.427837868270323,0.0012976536717719,recorded,STALLED
CASE_052,S1_LOW_SOC_STRESS,2.0,2026-06-22 16:57:55,S1_LOW_SOC_STRESS_L535,88.0,1,0,1,0,1,1,0.0,0.0,1.0,205.0,,38138.0,34.0,,,,2.0,False,14.388426509746212,-0.0012896544924316,13.427837868270323,0.0012976536717719,recorded,STALLED
CASE_052,S1_LOW_SOC_STRESS,3.0,2026-06-22 16:57:56,S1_LOW_SOC_STRESS_L535,88.0,1,0,1,1,0,0,0.0,0.0,1.0,205.0,,38138.0,34.0,,,,2.0,False,14.38713685525378,0.0,13.429135521942095,0.0,recorded,STALLED
CASE_052,S1_LOW_SOC_STRESS,4.0,2026-06-22 16:57:57,S1_LOW_SOC_STRESS_L535,88.0,1,0,1,0,1,1,0.0,0.0,1.0,205.0,,38138.0,34.0,,,,2.0,False,14.38713685525378,-0.0012895366021812,13.429135521942095,0.0012976540981153,recorded,STALLED
CASE_052,S1_LOW_SOC_STRESS,5.0,2026-06-22 16:57:58,S1_LOW_SOC_STRESS_L535,88.0,1,0,1,0,1,2,0.0,0.0,1.0,205.0,,38138.0,34.0,,,,2.0,False,14.38713685525378,-0.0012895366021812,13.429135521942095,0.0012976540981153,recorded,STALLED
CASE_053,S4_SAFETY_RICH_NAVEEN12,-15.0,2026-03-01 00:42:48,S4_SAFETY_RICH_NAVEEN12_L9,1.0,1,0,1,1,0,0,0.2985767583333333,0.1922114024545454,0.1,291.75,6477.0,,64.0,298.41666666666663,,,5.0,False,0.7529137005264388,1.0459055310463137,0.7479363183752356,0.7424216419828954,reconstructed_shortest,PROGRESS
CASE_053,S4_SAFETY_RICH_NAVEEN12,-14.0,2026-03-01 00:42:49,S4_SAFETY_RICH_NAVEEN12_L9,1.0,1,0,1,1,0,0,0.29854125,0.2220655274545454,0.0,292.25,6489.25,,64.0,298.375,,,5.0,False,0.4438201173891428,1.1693728843059985,0.4438201173891428,0.9874354685174,reconstructed_shortest,PROGRESS
CASE_053,S4_SAFETY_RICH_NAVEEN12,-13.0,2026-03-01 00:42:50,S4_SAFETY_RICH_NAVEEN12_L9,1.0,1,0,1,1,0,0,0.1579482872727272,0.2310381025454545,0.0,275.27272727272725,6097.636363636364,,65.0,157.86363636363637,,,5.0,False,0.1922484413692368,1.216837254982541,0.1922484413692368,1.1732418321877438,reconstructed_shortest,PROGRESS
CASE_053,S4_SAFETY_RICH_NAVEEN12,-12.0,2026-03-01 00:42:51,S4_SAFETY_RICH_NAVEEN12_L9,1.0,1,0,1,1,0,0,0.0993945081818181,0.2143779158636363,0.0,268.90909090909093,5949.818181818182,,65.0,99.8181818181818,,,5.0,False,0.0800536792084531,1.1850875907972471,0.0800536792084531,1.158913608798809,reconstructed_shortest,PROGRESS
CASE_053,S4_SAFETY_RICH_NAVEEN12,-11.0,2026-03-01 00:42:52,S4_SAFETY_RICH_NAVEEN12_L9,1.0,1,0,1,1,0,0,0.0414788375,0.1891676796136364,0.0,246.25,5436.5,,65.0,41.666666666666664,,,5.0,False,0.008558537649298,0.9975871303495742,0.008558537649298,0.9932844569199342,reconstructed_shortest,PROGRESS
CASE_053,S4_SAFETY_RICH_NAVEEN12,-10.0,2026-03-01 00:42:53,S4_SAFETY_RICH_NAVEEN12_L9,1.0,1,0,1,1,0,0,0.0,0.1657126329469697,0.1,235.0,5179.5,,65.0,0.0,,,5.0,False,0.0052246201775822,0.7476890803488565,0.0052246201775822,0.7427116981976533,reconstructed_shortest,PROGRESS
CASE_053,S4_SAFETY_RICH_NAVEEN12,-9.0,2026-03-01 00:42:54,S4_SAFETY_RICH_NAVEEN12_L9,1.0,1,0,1,1,0,0,0.0,0.1481461654469697,0.2,235.0,5183.25,,65.0,0.0,,,5.0,False,0.0034046557828948,0.4404154616062479,0.0034046557828948,0.4404154616062479,reconstructed_shortest,PROGRESS
CASE_053,S4_SAFETY_RICH_NAVEEN12,-8.0,2026-03-01 00:42:55,S4_SAFETY_RICH_NAVEEN12_L9,1.0,1,0,1,1,0,0,0.0,0.1367254636287878,0.3,235.0,5184.0,,65.0,0.0,,,5.0,False,0.0033810436258645,0.1888673977433722,0.0033810436258645,0.1888673977433722,reconstructed_shortest,PROGRESS
CASE_053,S4_SAFETY_RICH_NAVEEN12,-7.0,2026-03-01 00:42:56,S4_SAFETY_RICH_NAVEEN12_L9,1.0,1,0,1,1,0,0,0.0,0.1189250141287878,0.4,235.0,5184.0,,65.0,0.0,,,5.0,False,0.0033810436258645,0.0766726355825885,0.0033810436258645,0.0766726355825885,reconstructed_shortest,PROGRESS
CASE_053,S4_SAFETY_RICH_NAVEEN12,-6.0,2026-03-01 00:42:57,S4_SAFETY_RICH_NAVEEN12_L9,1.0,1,0,1,1,0,0,0.0,0.0895939641287878,0.5,235.0,5184.0,,65.0,0.0,,,5.0,False,0.0034587795535419,0.0050997580957561,0.0034587795535419,0.0050997580957561,reconstructed_shortest,PROGRESS
CASE_053,S4_SAFETY_RICH_NAVEEN12,-5.0,2026-03-01 00:42:58,S4_SAFETY_RICH_NAVEEN12_L9,1.0,1,0,1,1,0,0,0.0,0.0597362882954545,0.6,235.0,5184.0,,65.0,0.0,,,5.0,False,0.0043160463389542,0.000908573838628,0.0043160463389542,0.000908573838628,reconstructed_shortest,STALLED
CASE_053,S4_SAFETY_RICH_NAVEEN12,-4.0,2026-03-01 00:42:59,S4_SAFETY_RICH_NAVEEN12_L9,1.0,1,0,1,1,0,0,0.0,0.0298821632954545,0.7,235.0,5184.0,,65.0,0.0,,,5.0,False,0.0043160463389542,-0.0009113905560593,0.0043160463389542,-0.0009113905560593,reconstructed_shortest,STALLED
CASE_053,S4_SAFETY_RICH_NAVEEN12,-3.0,2026-03-01 00:43:00,S4_SAFETY_RICH_NAVEEN12_L9,1.0,1,0,1,1,0,0,0.0,0.0140873345681818,0.8,235.0,5183.0,,65.0,0.0,,,5.0,False,0.0043160463389542,-0.0009350027130896,0.0043160463389542,-0.0009350027130896,reconstructed_shortest,STALLED
CASE_053,S4_SAFETY_RICH_NAVEEN12,-2.0,2026-03-01 00:43:01,S4_SAFETY_RICH_NAVEEN12_L9,1.0,1,0,1,1,0,0,0.0,0.0041478837499999,0.9,235.0,5184.0,,65.0,0.0,,,5.0,False,0.0043160463389542,-0.0009350027130896,0.0043160463389542,-0.0009350027130896,reconstructed_shortest,STALLED
CASE_053,S4_SAFETY_RICH_NAVEEN12,-1.0,2026-03-01 00:43:02,S4_SAFETY_RICH_NAVEEN12_L9,1.0,1,0,1,1,0,0,0.0,0.0,1.0,235.0,5184.0,,65.0,0.0,,,5.0,False,0.0043160463389542,-0.0008572667854123,0.0043160463389542,-0.0008572667854123,reconstructed_shortest,STALLED
CASE_053,S4_SAFETY_RICH_NAVEEN12,0.0,2026-03-01 00:43:03,S4_SAFETY_RICH_NAVEEN12_L9,1.0,1,0,1,1,0,0,0.0,0.0,1.0,235.0,5184.0,,65.0,0.0,,,5.0,False,0.0043160463389542,0.0,0.0043160463389542,0.0,reconstructed_shortest,STALLED
CASE_053,S4_SAFETY_RICH_NAVEEN12,1.0,2026-03-01 00:43:04,S4_SAFETY_RICH_NAVEEN12_L10,1.0,1,0,1,1,0,0,0.0,0.0,1.0,240.45454545454547,5305.090909090909,,65.0,0.0,,,30.0,False,2.8331751853591234,,2.6497170241850356,,reconstructed_shortest,PROGRESS
CASE_053,S4_SAFETY_RICH_NAVEEN12,2.0,2026-03-01 00:43:05,S4_SAFETY_RICH_NAVEEN12_L10,1.0,1,0,1,1,0,0,0.0003190659999999,3.19066e-05,1.0,269.5,5960.75,,64.0,0.375,,,30.0,False,2.8330477860048764,,2.6507758241246204,,reconstructed_shortest,PROGRESS
CASE_053,S4_SAFETY_RICH_NAVEEN12,3.0,2026-03-01 00:43:06,S4_SAFETY_RICH_NAVEEN12_L10,1.0,1,0,1,1,0,0,0.000425424,7.4449e-05,1.0,275.75,6105.5,,64.0,0.5,,,30.0,False,2.839192044324476,,2.652805427391669,,reconstructed_shortest,PROGRESS
CASE_053,S4_SAFETY_RICH_NAVEEN12,4.0,2026-03-01 00:43:07,S4_SAFETY_RICH_NAVEEN12_L10,1.0,1,0,1,1,0,0,0.000425424,0.0001169913999999,1.0,276.09090909090907,6113.0,,64.0,0.5,,,30.0,False,2.839990312157128,,2.6511516587251025,,reconstructed_shortest,PROGRESS
CASE_053,S4_SAFETY_RICH_NAVEEN12,5.0,2026-03-01 00:43:08,S4_SAFETY_RICH_NAVEEN12_L10,1.0,1,0,1,1,0,0,0.000425424,0.0001595338,1.0,276.09090909090907,6113.0,,65.0,0.5,,,30.0,False,2.8421199134201034,,2.649497789282039,,reconstructed_shortest,PROGRESS
CASE_054,S1_LOW_SOC_STRESS,-15.0,2026-06-22 16:10:35,S1_LOW_SOC_STRESS_L318,52.0,1,0,1,0,1,1,0.297371357679367,0.2521062575280666,0.0,278.0,,41445.0,48.0,,,,6.0,False,10.99878450908137,-1.3075997800422154,6.850424735468204,1.2907413079950754,recorded,PROGRESS
CASE_054,S1_LOW_SOC_STRESS,-14.0,2026-06-22 16:10:36,S1_LOW_SOC_STRESS_L318,52.0,1,0,1,1,0,0,0.2990730702877044,0.274058136343956,0.0,274.0,,41453.0,48.0,,,,6.0,False,11.46226523181568,-1.3142017792915084,6.397659751337486,1.2899154783641942,recorded,PROGRESS
CASE_054,S1_LOW_SOC_STRESS,-13.0,2026-06-22 16:10:37,S1_LOW_SOC_STRESS_L318,52.0,1,0,1,0,1,1,0.2990730702877044,0.2838428869843483,0.0,274.0,,41453.0,48.0,,,,6.0,False,11.46226523181568,-0.848094631345587,6.397659751337486,0.8300632793371543,recorded,PROGRESS
CASE_054,S1_LOW_SOC_STRESS,-12.0,2026-06-22 16:10:38,S1_LOW_SOC_STRESS_L318,52.0,1,0,1,1,0,0,0.2990730702877044,0.2936276376247405,0.0,229.0,,41655.0,49.0,,,,6.0,False,12.060332639485042,-1.4461620390149488,5.814395134049152,1.4133278966254883,recorded,PROGRESS
CASE_054,S1_LOW_SOC_STRESS,-11.0,2026-06-22 16:10:39,S1_LOW_SOC_STRESS_L318,52.0,1,0,1,1,0,0,0.0,0.2659750759601592,0.1,228.0,,41727.0,49.0,,,,6.0,False,12.13098927738491,-1.1322047683035397,5.74873613843537,1.101688597032834,recorded,PROGRESS
CASE_054,S1_LOW_SOC_STRESS,-10.0,2026-06-22 16:10:40,S1_LOW_SOC_STRESS_L318,52.0,1,0,1,0,1,1,0.0,0.2383225142955779,0.2,228.0,,41727.0,49.0,,,,6.0,False,12.13098927738491,-1.1322047683035397,5.74873613843537,1.101688597032834,recorded,PROGRESS
CASE_054,S1_LOW_SOC_STRESS,-9.0,2026-06-22 16:10:41,S1_LOW_SOC_STRESS_L318,52.0,1,0,1,1,0,0,0.0,0.2085853785276412,0.3,215.0,,41727.0,49.0,,,,6.0,False,12.125791048783729,-0.6635258169680487,5.753791339806807,0.6438684115306792,recorded,PROGRESS
CASE_054,S1_LOW_SOC_STRESS,-8.0,2026-06-22 16:10:42,S1_LOW_SOC_STRESS_L318,52.0,1,0,1,0,1,1,0.0,0.178890785574913,0.4,215.0,,41727.0,49.0,,,,6.0,False,12.125791048783729,-0.6635258169680487,5.753791339806807,0.6438684115306792,recorded,PROGRESS
CASE_054,S1_LOW_SOC_STRESS,-7.0,2026-06-22 16:10:43,S1_LOW_SOC_STRESS_L318,52.0,1,0,1,1,0,0,0.0,0.1491961926221847,0.5,216.0,,41746.0,50.0,,,,6.0,False,12.127090486144688,-0.0667578466596463,5.752527631172313,0.0618675028768391,recorded,PROGRESS
CASE_054,S1_LOW_SOC_STRESS,-6.0,2026-06-22 16:10:44,S1_LOW_SOC_STRESS_L318,52.0,1,0,1,1,0,0,0.0,0.119459056854248,0.6,216.0,,41734.0,49.0,,,,6.0,False,12.128389923918384,0.0025993534665254,5.751263938651069,-0.0025278002156987,recorded,STALLED
CASE_054,S1_LOW_SOC_STRESS,-5.0,2026-06-22 16:10:45,S1_LOW_SOC_STRESS_L318,52.0,1,0,1,0,1,1,0.0,0.0897219210863113,0.7,216.0,,41734.0,49.0,,,,6.0,False,12.128389923918384,0.0025993534665254,5.751263938651069,-0.0025278002156987,recorded,STALLED
CASE_054,S1_LOW_SOC_STRESS,-4.0,2026-06-22 16:10:46,S1_LOW_SOC_STRESS_L318,52.0,1,0,1,1,0,0,0.0,0.0598146140575408,0.8,216.0,,41756.0,50.0,,,,6.0,False,12.128389923918384,-0.0025988751346552,5.751263938651069,0.0025274011557385,recorded,STALLED
CASE_054,S1_LOW_SOC_STRESS,-3.0,2026-06-22 16:10:47,S1_LOW_SOC_STRESS_L318,52.0,1,0,1,0,1,1,0.0,0.0299073070287704,0.9,216.0,,41756.0,50.0,,,,6.0,False,12.128389923918384,-0.0025988751346552,5.751263938651069,0.0025274011557385,recorded,STALLED
CASE_054,S1_LOW_SOC_STRESS,-2.0,2026-06-22 16:10:48,S1_LOW_SOC_STRESS_L318,52.0,1,0,1,1,0,0,0.0,0.0,1.0,215.0,,41797.0,50.0,,,,6.0,False,12.128389923918384,-0.0012994377736958,5.751263938651069,0.0012636925212445,recorded,STALLED
CASE_054,S1_LOW_SOC_STRESS,-1.0,2026-06-22 16:10:49,S1_LOW_SOC_STRESS_L318,52.0,1,0,1,0,1,1,0.0,0.0,1.0,215.0,,41797.0,50.0,,,,6.0,False,12.128389923918384,0.0,5.751263938651069,0.0,recorded,STALLED
CASE_054,S1_LOW_SOC_STRESS,0.0,2026-06-22 16:10:50,S1_LOW_SOC_STRESS_L318,52.0,1,0,1,1,0,0,0.0,0.0,1.0,216.0,,41781.0,50.0,,,,6.0,False,12.128389923918384,0.0,5.751263938651069,0.0,recorded,STALLED
CASE_054,S1_LOW_SOC_STRESS,1.0,2026-06-22 16:10:51,S1_LOW_SOC_STRESS_L318,52.0,1,0,1,1,0,0,0.0,0.0,1.0,216.0,,41736.0,50.0,,,,6.0,False,12.129689838787408,-0.0012999148690227,5.749999798692315,0.0012641399587538,recorded,STALLED
CASE_054,S1_LOW_SOC_STRESS,2.0,2026-06-22 16:10:52,S1_LOW_SOC_STRESS_L318,52.0,1,0,1,0,1,1,0.0,0.0,1.0,216.0,,41736.0,50.0,,,,6.0,False,12.129689838787408,-0.0012999148690227,5.749999798692315,0.0012641399587538,recorded,STALLED
CASE_054,S1_LOW_SOC_STRESS,3.0,2026-06-22 16:10:53,S1_LOW_SOC_STRESS_L318,52.0,1,0,1,1,0,0,0.0,0.0,1.0,217.0,,41789.0,50.0,,,,6.0,False,12.129689838787408,-0.0012999148690227,5.749999798692315,0.0012641399587538,recorded,STALLED
CASE_054,S1_LOW_SOC_STRESS,4.0,2026-06-22 16:10:54,S1_LOW_SOC_STRESS_L318,52.0,1,0,1,1,0,0,0.0,0.0,1.0,217.0,,41797.0,50.0,,,,6.0,False,12.128389923918384,0.0,5.751263938651069,0.0,recorded,STALLED
CASE_054,S1_LOW_SOC_STRESS,5.0,2026-06-22 16:10:55,S1_LOW_SOC_STRESS_L318,52.0,1,0,1,0,1,1,0.0,0.0,1.0,217.0,,41797.0,50.0,,,,6.0,False,12.128389923918384,0.0,5.751263938651069,0.0,recorded,STALLED
CASE_055,S2_HIGH_SOC_CONTROL,-15.0,2026-06-18 11:29:07,S2_HIGH_SOC_CONTROL_L87,15.0,1,1,1,0,1,1,0.2960951030254364,0.2238581195473671,0.0,277.0,,48833.0,80.0,,,,6.0,False,0.4312577879782529,0.9013176360471618,0.4286514070919491,0.8780254023335436,recorded,EXPECTED_HOLD
CASE_055,S2_HIGH_SOC_CONTROL,-14.0,2026-06-18 11:29:08,S2_HIGH_SOC_CONTROL_L87,15.0,1,1,1,1,0,0,0.0986983701586723,0.2062455631792545,0.0,273.0,,48973.0,80.0,,,,6.0,False,4.387035473525852,-3.0544600495004377,0.0723382837017988,1.234338525723694,recorded,EXPECTED_HOLD
CASE_055,S2_HIGH_SOC_CONTROL,-13.0,2026-06-18 11:29:09,S2_HIGH_SOC_CONTROL_L88,15.0,0,1,1,1,0,0,0.0,0.1787631697952747,0.1,239.0,,48973.0,81.0,,,,6.0,True,4.317583219170893,,0.0028860293468398,,recorded,INACTIVE
CASE_055,S2_HIGH_SOC_CONTROL,-12.0,2026-06-18 11:29:10,S2_HIGH_SOC_CONTROL_L88,15.0,0,1,1,0,1,1,0.0,0.1608102761209011,0.2,239.0,,48973.0,81.0,,,,6.0,True,4.317583219170893,,0.0028860293468398,,recorded,INACTIVE
CASE_055,S2_HIGH_SOC_CONTROL,-11.0,2026-06-18 11:29:11,S2_HIGH_SOC_CONTROL_L89,15.0,1,0,1,1,0,0,0.0,0.1428573824465274,0.3,278.0,,48781.0,80.0,,,,5.0,False,4.316486744766767,,1.4734105771872623,,recorded,PROGRESS
CASE_055,S2_HIGH_SOC_CONTROL,-10.0,2026-06-18 11:29:12,S2_HIGH_SOC_CONTROL_L89,15.0,1,0,1,0,1,1,0.0,0.1334980562329292,0.4,278.0,,48781.0,80.0,,,,5.0,False,4.316486744766767,,1.4734105771872623,,recorded,PROGRESS
CASE_055,S2_HIGH_SOC_CONTROL,-9.0,2026-06-18 11:29:13,S2_HIGH_SOC_CONTROL_L89,15.0,1,0,1,1,0,0,0.2931171357631683,0.1534504435956478,0.4,299.0,,48763.0,80.0,,,,5.0,False,4.484746833433295,,1.4898743095819629,,recorded,PROGRESS
CASE_055,S2_HIGH_SOC_CONTROL,-8.0,2026-06-18 11:29:14,S2_HIGH_SOC_CONTROL_L89,15.0,1,0,1,0,1,1,0.2931171357631683,0.1552372209727764,0.4,299.0,,48763.0,80.0,,,,5.0,False,4.484746833433295,,1.4898743095819629,,recorded,PROGRESS
CASE_055,S2_HIGH_SOC_CONTROL,-7.0,2026-06-18 11:29:15,S2_HIGH_SOC_CONTROL_L89,15.0,1,0,1,1,0,0,0.2986476421356201,0.1575770489871502,0.4,290.0,,48763.0,80.0,,,,5.0,False,3.5106897569150033,,1.6805884913938365,,recorded,PROGRESS
CASE_055,S2_HIGH_SOC_CONTROL,-6.0,2026-06-18 11:29:16,S2_HIGH_SOC_CONTROL_L89,15.0,1,0,1,0,1,1,0.2986476421356201,0.1578323028981685,0.4,290.0,,48763.0,80.0,,,,5.0,False,3.5106897569150033,0.8057969878517635,1.6805884913938365,-0.2071779142065739,recorded,PROGRESS
CASE_055,S2_HIGH_SOC_CONTROL,-5.0,2026-06-18 11:29:17,S2_HIGH_SOC_CONTROL_L89,15.0,1,0,1,1,0,0,0.0961458086967468,0.1378373734652996,0.4,286.0,,48763.0,80.0,,,,5.0,False,3.0809034713849424,1.2355832733818244,1.9516152436648508,-0.4782046664775883,recorded,PROGRESS
CASE_055,S2_HIGH_SOC_CONTROL,-4.0,2026-06-18 11:29:18,S2_HIGH_SOC_CONTROL_L89,15.0,1,0,1,0,1,1,0.0961458086967468,0.137582117319107,0.4,286.0,,48763.0,80.0,,,,5.0,False,3.0809034713849424,1.4038433620483528,1.9516152436648508,-0.4617409340828882,recorded,PROGRESS
CASE_055,S2_HIGH_SOC_CONTROL,-3.0,2026-06-18 11:29:19,S2_HIGH_SOC_CONTROL_L89,15.0,1,0,1,1,0,0,0.2088831961154937,0.1584704369306564,0.3,292.0,,48693.0,80.0,,,,5.0,False,2.671250600271098,1.813496233162197,1.843667270665159,-0.353792961083196,recorded,PROGRESS
CASE_055,S2_HIGH_SOC_CONTROL,-2.0,2026-06-18 11:29:20,S2_HIGH_SOC_CONTROL_L89,15.0,1,0,1,0,1,1,0.2088831961154937,0.1793587565422058,0.2,292.0,,48693.0,80.0,,,,5.0,False,2.671250600271098,0.8394391566439054,1.843667270665159,-0.1630787792713222,recorded,PROGRESS
CASE_055,S2_HIGH_SOC_CONTROL,-1.0,2026-06-18 11:29:21,S2_HIGH_SOC_CONTROL_L89,15.0,1,0,1,1,0,0,0.2918408513069153,0.2085428416728973,0.1,290.0,,48763.0,80.0,,,,5.0,False,2.7103442652550847,0.8003454916599186,1.6423558544701282,0.0382326369237082,recorded,PROGRESS
CASE_055,S2_HIGH_SOC_CONTROL,0.0,2026-06-18 11:29:22,S2_HIGH_SOC_CONTROL_L89,15.0,1,0,1,0,1,1,0.2918408513069153,0.2377269268035888,0.0,290.0,,48763.0,80.0,,,,5.0,False,2.7103442652550847,0.3705592061298577,1.6423558544701282,0.3092593891947226,recorded,PROGRESS
CASE_055,S2_HIGH_SOC_CONTROL,1.0,2026-06-18 11:29:23,S2_HIGH_SOC_CONTROL_L89,15.0,1,0,1,0,1,2,0.2918408513069153,0.2375992983579635,0.0,290.0,,48763.0,80.0,,,,5.0,False,2.7103442652550847,0.3705592061298577,1.6423558544701282,0.3092593891947226,recorded,PROGRESS
CASE_055,S2_HIGH_SOC_CONTROL,2.0,2026-06-18 11:29:24,S2_HIGH_SOC_CONTROL_L89,15.0,1,0,1,1,0,0,0.2127120047807693,0.2295587852597236,0.0,284.0,,48763.0,80.0,,,,5.0,False,1.9912900244947211,0.6799605757763767,1.5005031746845072,0.3431640959806514,recorded,PROGRESS
CASE_055,S2_HIGH_SOC_CONTROL,3.0,2026-06-18 11:29:25,S2_HIGH_SOC_CONTROL_L89,15.0,1,0,1,0,1,1,0.2127120047807693,0.2209652215242385,0.0,284.0,,48763.0,80.0,,,,5.0,False,1.9912900244947211,0.6799605757763767,1.5005031746845072,0.3431640959806514,recorded,PROGRESS
CASE_055,S2_HIGH_SOC_CONTROL,4.0,2026-06-18 11:29:26,S2_HIGH_SOC_CONTROL_L89,15.0,1,0,1,1,0,0,0.2790781557559967,0.2190082728862762,0.0,302.0,,48699.0,80.0,,,,5.0,False,1.3589589713174897,1.351385293937595,1.1838133407028495,0.4585425137672787,recorded,PROGRESS
CASE_055,S2_HIGH_SOC_CONTROL,5.0,2026-06-18 11:29:27,S2_HIGH_SOC_CONTROL_L89,15.0,1,0,1,0,1,1,0.2790781557559967,0.2373015075922012,0.0,302.0,,48699.0,80.0,,,,5.0,False,1.3589589713174897,1.351385293937595,1.1838133407028495,0.4585425137672787,recorded,PROGRESS
CASE_056,S1_LOW_SOC_STRESS,-15.0,2026-06-22 15:57:11,S1_LOW_SOC_STRESS_L275,47.0,1,0,1,1,0,0,0.1378373801708221,0.2825240731239318,0.0,276.0,,42051.0,51.0,,,,2.0,False,4.21824207355669,1.0394858189789329,3.7404404165701512,0.2550563241537231,recorded,PROGRESS
CASE_056,S1_LOW_SOC_STRESS,-14.0,2026-06-22 15:57:12,S1_LOW_SOC_STRESS_L275,47.0,1,0,1,0,1,1,0.1378373801708221,0.266443046927452,0.0,276.0,,42051.0,51.0,,,,2.0,False,4.21824207355669,1.0394858189789329,3.7404404165701512,0.2550563241537231,recorded,PROGRESS
CASE_056,S1_LOW_SOC_STRESS,-13.0,2026-06-22 15:57:13,S1_LOW_SOC_STRESS_L275,47.0,1,0,1,1,0,0,0.1029525995254516,0.2469160854816436,0.0,275.0,,42063.0,51.0,,,,2.0,False,3.6431700617452143,1.1443464859831494,3.570817016319981,0.301342899875364,recorded,PROGRESS
CASE_056,S1_LOW_SOC_STRESS,-12.0,2026-06-22 15:57:14,S1_LOW_SOC_STRESS_L275,47.0,1,0,1,1,0,0,0.2565306723117828,0.2427469313144683,0.0,231.0,,42220.0,52.0,,,,2.0,False,3.654552432913347,0.7083241987051028,3.405157903951427,0.4059108633262842,recorded,PROGRESS
CASE_056,S1_LOW_SOC_STRESS,-11.0,2026-06-22 15:57:15,S1_LOW_SOC_STRESS_L275,47.0,1,0,1,0,1,1,0.2565306723117828,0.2386203199625015,0.0,231.0,,42220.0,52.0,,,,2.0,False,3.654552432913347,0.7083241987051028,3.405157903951427,0.4059108633262842,recorded,PROGRESS
CASE_056,S1_LOW_SOC_STRESS,-10.0,2026-06-22 15:57:16,S1_LOW_SOC_STRESS_L275,47.0,1,0,1,1,0,0,0.0,0.208713012933731,0.1,218.0,,42290.0,52.0,,,,2.0,False,3.6189520749166344,0.5992899986400553,3.4577638481003463,0.2826765684698049,recorded,PROGRESS
CASE_056,S1_LOW_SOC_STRESS,-9.0,2026-06-22 15:57:17,S1_LOW_SOC_STRESS_L275,47.0,1,0,1,1,0,0,0.0,0.1788057059049606,0.2,217.0,,42290.0,52.0,,,,2.0,False,3.615418670886388,0.6028234026703014,3.454577467092147,0.285862949478004,recorded,PROGRESS
CASE_056,S1_LOW_SOC_STRESS,-8.0,2026-06-22 15:57:18,S1_LOW_SOC_STRESS_L275,47.0,1,0,1,0,1,1,0.0,0.1488983988761901,0.3,217.0,,42290.0,52.0,,,,2.0,False,3.615418670886388,0.0277513908588264,3.454577467092147,0.1162395492278336,recorded,PROGRESS
CASE_056,S1_LOW_SOC_STRESS,-7.0,2026-06-22 15:57:19,S1_LOW_SOC_STRESS_L275,47.0,1,0,1,1,0,0,0.0,0.1190336346626281,0.4,217.0,,42290.0,52.0,,,,2.0,False,3.616744882707952,0.0378075502053953,3.453459136787474,-0.0483012328360468,recorded,PROGRESS
CASE_056,S1_LOW_SOC_STRESS,-6.0,2026-06-22 15:57:20,S1_LOW_SOC_STRESS_L275,47.0,1,0,1,0,1,1,0.0,0.0891688704490661,0.5,217.0,,42290.0,52.0,,,,2.0,False,3.616744882707952,0.0378075502053953,3.453459136787474,-0.0483012328360468,recorded,PROGRESS
CASE_056,S1_LOW_SOC_STRESS,-5.0,2026-06-22 15:57:21,S1_LOW_SOC_STRESS_L275,47.0,1,0,1,1,0,0,0.0,0.0753851324319839,0.6,217.0,,42290.0,52.0,,,,2.0,False,3.6142329768492463,0.0047190980673881,3.4554614765460383,0.002302371554308,recorded,STALLED
CASE_056,S1_LOW_SOC_STRESS,-4.0,2026-06-22 15:57:22,S1_LOW_SOC_STRESS_L275,47.0,1,0,1,1,0,0,0.0,0.0616013944149017,0.7,217.0,,42290.0,52.0,,,,2.0,False,3.618178627518311,-0.0027599566319227,3.4504963114032785,0.0040811556888686,recorded,STALLED
CASE_056,S1_LOW_SOC_STRESS,-3.0,2026-06-22 15:57:23,S1_LOW_SOC_STRESS_L275,47.0,1,0,1,0,1,1,0.0,0.0513061344623565,0.8,217.0,,42290.0,52.0,,,,2.0,False,3.618178627518311,-0.0027599566319227,3.4504963114032785,0.0040811556888686,recorded,STALLED
CASE_056,S1_LOW_SOC_STRESS,-2.0,2026-06-22 15:57:24,S1_LOW_SOC_STRESS_L275,47.0,1,0,1,1,0,0,0.0,0.0256530672311782,0.9,218.0,,42290.0,52.0,,,,2.0,False,3.615969316171552,0.0007755665363995,3.4536604550193144,-0.0002013182318405,recorded,STALLED
CASE_056,S1_LOW_SOC_STRESS,-1.0,2026-06-22 15:57:25,S1_LOW_SOC_STRESS_L275,47.0,1,0,1,0,1,1,0.0,0.0,1.0,218.0,,42290.0,52.0,,,,2.0,False,3.615969316171552,0.0007755665363995,3.4536604550193144,-0.0002013182318405,recorded,STALLED
CASE_056,S1_LOW_SOC_STRESS,0.0,2026-06-22 15:57:26,S1_LOW_SOC_STRESS_L275,47.0,1,0,1,1,0,0,0.0,0.0,1.0,217.0,,42290.0,52.0,,,,2.0,False,3.6244275715508714,-0.010194594701625,3.4443351707326175,0.0111263058134207,recorded,STALLED
CASE_056,S1_LOW_SOC_STRESS,1.0,2026-06-22 15:57:27,S1_LOW_SOC_STRESS_L275,47.0,1,0,1,1,0,0,0.0,0.0,1.0,217.0,,42290.0,52.0,,,,2.0,False,3.617434113608064,0.0007445139102468,3.4528837599560753,-0.0023874485527968,recorded,STALLED
CASE_056,S1_LOW_SOC_STRESS,2.0,2026-06-22 15:57:28,S1_LOW_SOC_STRESS_L275,47.0,1,0,1,0,1,1,0.0,0.0,1.0,217.0,,42290.0,52.0,,,,2.0,False,3.617434113608064,0.0007445139102468,3.4528837599560753,-0.0023874485527968,recorded,STALLED
CASE_056,S1_LOW_SOC_STRESS,3.0,2026-06-22 15:57:29,S1_LOW_SOC_STRESS_L275,47.0,1,0,1,1,0,0,0.0,0.0,1.0,217.0,,42290.0,52.0,,,,2.0,False,3.6175678750482,-0.0015985588766476,3.4525808276066474,0.0010796274126669,recorded,STALLED
CASE_056,S1_LOW_SOC_STRESS,4.0,2026-06-22 15:57:30,S1_LOW_SOC_STRESS_L275,47.0,1,0,1,1,0,0,0.0,0.0,1.0,217.0,,42292.0,52.0,,,,2.0,False,3.6174468616248694,-0.0014775454533171,3.4527543954906847,0.0009060595286296,recorded,STALLED
CASE_056,S1_LOW_SOC_STRESS,5.0,2026-06-22 15:57:31,S1_LOW_SOC_STRESS_L275,47.0,1,0,1,0,1,1,0.0,0.0,1.0,217.0,,42292.0,52.0,,,,2.0,False,3.6174468616248694,0.0069807099260019,3.4527543954906847,-0.0084192247580672,recorded,STALLED
CASE_057,S2_HIGH_SOC_CONTROL,-15.0,2026-06-18 11:33:03,S2_HIGH_SOC_CONTROL_L115,18.0,1,0,1,1,0,0,0.2986476421356201,0.0879776827991008,0.6,292.0,,48691.0,80.0,,,,1.0,False,9.025840956336236,-0.6410991412980103,1.2904959614044187,-0.162944456105591,recorded,STALLED
CASE_057,S2_HIGH_SOC_CONTROL,-14.0,2026-06-18 11:33:04,S2_HIGH_SOC_CONTROL_L115,18.0,1,0,1,0,1,1,0.2986476421356201,0.1079726099967956,0.6,292.0,,48691.0,80.0,,,,1.0,False,9.025840956336236,-0.6410991412980103,1.2904959614044187,-0.162944456105591,recorded,STALLED
CASE_057,S2_HIGH_SOC_CONTROL,-13.0,2026-06-18 11:33:05,S2_HIGH_SOC_CONTROL_L115,18.0,1,0,1,1,0,0,0.2986476421356201,0.1378373742103576,0.5,300.0,,48650.0,80.0,,,,1.0,False,9.68766645311592,-1.3029246380776929,1.7160209390656187,-0.5884694337667911,recorded,PROGRESS
CASE_057,S2_HIGH_SOC_CONTROL,-12.0,2026-06-18 11:33:06,S2_HIGH_SOC_CONTROL_L115,18.0,1,0,1,0,1,1,0.2986476421356201,0.1677021384239196,0.4,300.0,,48650.0,80.0,,,,1.0,False,9.68766645311592,-1.2380244711573454,1.7160209390656187,-0.5875359906572473,recorded,PROGRESS
CASE_057,S2_HIGH_SOC_CONTROL,-11.0,2026-06-18 11:33:07,S2_HIGH_SOC_CONTROL_L115,18.0,1,0,1,1,0,0,0.2982222139835357,0.1975243598222732,0.3,305.0,,48621.0,80.0,,,,1.0,False,10.086093407735868,-1.6364514257772935,2.040266598442178,-0.9117816500338064,recorded,PROGRESS
CASE_057,S2_HIGH_SOC_CONTROL,-10.0,2026-06-18 11:33:08,S2_HIGH_SOC_CONTROL_L115,18.0,1,0,1,0,1,1,0.2982222139835357,0.2273465812206268,0.2,305.0,,48621.0,80.0,,,,1.0,False,10.086093407735868,-1.0602524513996308,2.040266598442178,-0.7497706370377593,recorded,PROGRESS
CASE_057,S2_HIGH_SOC_CONTROL,-9.0,2026-06-18 11:33:09,S2_HIGH_SOC_CONTROL_L115,18.0,1,0,1,0,1,2,0.2982222139835357,0.2571688026189803,0.1,305.0,,48621.0,80.0,,,,1.0,False,10.086093407735868,-1.0602524513996308,2.040266598442178,-0.7497706370377593,recorded,PROGRESS
CASE_057,S2_HIGH_SOC_CONTROL,-8.0,2026-06-18 11:33:10,S2_HIGH_SOC_CONTROL_L115,18.0,1,0,1,1,0,0,0.2986476421356201,0.2870335668325424,0.0,295.0,,48691.0,80.0,,,,1.0,False,5.887275943496668,3.800390509619252,2.7364496935771467,-1.020428754511528,recorded,PROGRESS
CASE_057,S2_HIGH_SOC_CONTROL,-7.0,2026-06-18 11:33:11,S2_HIGH_SOC_CONTROL_L115,18.0,1,0,1,0,1,1,0.2986476421356201,0.2927767902612685,0.0,295.0,,48691.0,80.0,,,,1.0,False,5.887275943496668,3.800390509619252,2.7364496935771467,-1.020428754511528,recorded,PROGRESS
CASE_057,S2_HIGH_SOC_CONTROL,-6.0,2026-06-18 11:33:12,S2_HIGH_SOC_CONTROL_L115,18.0,1,0,1,1,0,0,0.2986476421356201,0.2985200136899947,0.0,301.0,,48693.0,80.0,,,,1.0,False,5.151740126693995,4.934353281041873,3.4195483454885927,-1.3792817470464147,recorded,PROGRESS
CASE_057,S2_HIGH_SOC_CONTROL,-5.0,2026-06-18 11:33:13,S2_HIGH_SOC_CONTROL_L115,18.0,1,0,1,0,1,1,0.2986476421356201,0.2985200136899947,0.0,301.0,,48693.0,80.0,,,,1.0,False,5.151740126693995,4.934353281041873,3.4195483454885927,-1.3792817470464147,recorded,PROGRESS
CASE_057,S2_HIGH_SOC_CONTROL,-4.0,2026-06-18 11:33:14,S2_HIGH_SOC_CONTROL_L115,18.0,1,0,1,1,0,0,0.1361356824636459,0.2822688177227973,0.0,286.0,,48691.0,80.0,,,,1.0,False,4.9546698636184505,5.131423544117418,3.7796943594953536,-1.7394277610531756,recorded,PROGRESS
CASE_057,S2_HIGH_SOC_CONTROL,-3.0,2026-06-18 11:33:15,S2_HIGH_SOC_CONTROL_L115,18.0,1,0,1,1,0,0,0.1059305742383003,0.2629971109330654,0.0,303.0,,48635.0,80.0,,,,1.0,False,4.607191311979876,1.2800846315167922,3.861154660096735,-1.1247049665195887,recorded,PROGRESS
CASE_057,S2_HIGH_SOC_CONTROL,-2.0,2026-06-18 11:33:16,S2_HIGH_SOC_CONTROL_L115,18.0,1,0,1,0,1,1,0.1059305742383003,0.2437254041433333,0.0,303.0,,48635.0,80.0,,,,1.0,False,4.607191311979876,1.2800846315167922,3.861154660096735,-1.1247049665195887,recorded,PROGRESS
CASE_057,S2_HIGH_SOC_CONTROL,-1.0,2026-06-18 11:33:17,S2_HIGH_SOC_CONTROL_L115,18.0,1,0,1,1,0,0,0.2807798683643341,0.2419811695814132,0.0,302.0,,48678.0,80.0,,,,1.0,False,4.786841886761062,0.3648982399329332,3.789614175684795,-0.3700658301962023,recorded,PROGRESS
CASE_057,S2_HIGH_SOC_CONTROL,0.0,2026-06-18 11:33:18,S2_HIGH_SOC_CONTROL_L115,18.0,1,0,1,0,1,1,0.2807798683643341,0.2402369350194931,0.0,302.0,,48678.0,80.0,,,,1.0,False,4.786841886761062,0.3648982399329332,3.789614175684795,-0.3700658301962023,recorded,PROGRESS
CASE_057,S2_HIGH_SOC_CONTROL,1.0,2026-06-18 11:33:19,S2_HIGH_SOC_CONTROL_L115,18.0,1,0,1,1,0,0,0.1357102543115615,0.2239857390522956,0.0,295.0,,48639.0,80.0,,,,1.0,False,3.915496695438456,1.0391731681799945,3.739873900460792,0.0398204590345616,recorded,PROGRESS
CASE_057,S2_HIGH_SOC_CONTROL,2.0,2026-06-18 11:33:20,S2_HIGH_SOC_CONTROL_L115,18.0,1,0,1,0,1,1,0.1357102543115615,0.2076920002698898,0.0,295.0,,48639.0,80.0,,,,1.0,False,3.915496695438456,0.6916946165414197,3.739873900460792,0.1212807596359435,recorded,PROGRESS
CASE_057,S2_HIGH_SOC_CONTROL,3.0,2026-06-18 11:33:21,S2_HIGH_SOC_CONTROL_L115,18.0,1,0,1,1,0,0,0.0986983627080917,0.1876970723271369,0.0,301.0,,48637.0,80.0,,,,1.0,False,3.67507617602423,0.932115135955646,3.6298528529539618,0.2313018071427737,recorded,PROGRESS
CASE_057,S2_HIGH_SOC_CONTROL,4.0,2026-06-18 11:33:22,S2_HIGH_SOC_CONTROL_L115,18.0,1,0,1,1,0,0,0.2884374558925628,0.1866760537028312,0.0,302.0,,48623.0,80.0,,,,1.0,False,3.811203457793776,0.975638428967286,3.2133688261911093,0.5762453494936857,recorded,PROGRESS
CASE_057,S2_HIGH_SOC_CONTROL,5.0,2026-06-18 11:33:23,S2_HIGH_SOC_CONTROL_L115,18.0,1,0,1,0,1,1,0.2884374558925628,0.1856550350785255,0.0,302.0,,48623.0,80.0,,,,1.0,False,3.811203457793776,0.975638428967286,3.2133688261911093,0.5762453494936857,recorded,PROGRESS
CASE_058,S4_SAFETY_RICH_NAVEEN12,-15.0,2026-03-01 00:37:03,S4_SAFETY_RICH_NAVEEN12_L3,1.0,1,0,1,1,0,0,0.2959532666666666,0.1930349177954545,0.1,295.0,6517.0,,65.0,295.83333333333337,,,5.0,False,0.7188576464015012,1.0705089443890108,0.7151592599529649,0.7765944314019547,reconstructed_shortest,PROGRESS
CASE_058,S4_SAFETY_RICH_NAVEEN12,-14.0,2026-03-01 00:37:04,S4_SAFETY_RICH_NAVEEN12_L3,1.0,1,0,1,1,0,0,0.2986476272727272,0.2228996805227273,0.0,294.45454545454544,6503.545454545455,,65.0,298.3636363636364,,,5.0,False,0.4330926734391683,1.0324947035828012,0.4330926734391683,0.995415213833862,reconstructed_shortest,PROGRESS
CASE_058,S4_SAFETY_RICH_NAVEEN12,-13.0,2026-03-01 00:37:05,S4_SAFETY_RICH_NAVEEN12_L3,1.0,1,0,1,1,0,0,0.1619705018181818,0.2275819215378788,0.0,275.72727272727275,6084.818181818182,,65.0,161.9090909090909,,,5.0,False,0.1834276823007454,1.187727777787574,0.1834276823007454,1.1772135715005372,reconstructed_shortest,PROGRESS
CASE_058,S4_SAFETY_RICH_NAVEEN12,-12.0,2026-03-01 00:37:06,S4_SAFETY_RICH_NAVEEN12_L3,1.0,1,0,1,1,0,0,0.099471859090909,0.2089150884469696,0.0,268.72727272727275,5926.909090909091,,65.0,99.9090909090909,,,5.0,False,0.0750038037323602,1.154535600979035,0.0750038037323602,1.148537772744159,reconstructed_shortest,PROGRESS
CASE_058,S4_SAFETY_RICH_NAVEEN12,-11.0,2026-03-01 00:37:07,S4_SAFETY_RICH_NAVEEN12_L3,1.0,1,0,1,1,0,0,0.039649512,0.1837916746469697,0.0,246.8,5426.4,,66.0,39.8,,,5.0,False,0.0029250668163309,1.014437884973734,0.0029250668163309,1.0029717039478978,reconstructed_shortest,PROGRESS
CASE_058,S4_SAFETY_RICH_NAVEEN12,-10.0,2026-03-01 00:37:08,S4_SAFETY_RICH_NAVEEN12_L3,1.0,1,0,1,1,0,0,0.0,0.160754962980303,0.1,234.9090909090909,5164.363636363636,,66.0,0.0,,,5.0,False,0.0068139094402188,0.7120437369612823,0.0068139094402188,0.708345350512746,reconstructed_shortest,PROGRESS
CASE_058,S4_SAFETY_RICH_NAVEEN12,-9.0,2026-03-01 00:37:09,S4_SAFETY_RICH_NAVEEN12_L3,1.0,1,0,1,1,0,0,0.0,0.1487615498969697,0.2,236.0,5179.090909090909,,66.0,0.0,,,5.0,False,0.0068139094402188,0.4262787639989494,0.0068139094402188,0.4262787639989494,reconstructed_shortest,PROGRESS
CASE_058,S4_SAFETY_RICH_NAVEEN12,-8.0,2026-03-01 00:37:10,S4_SAFETY_RICH_NAVEEN12_L3,1.0,1,0,1,1,0,0,0.0,0.1394331628969697,0.3,236.0,5184.0,,66.0,0.0,,,5.0,False,0.0072174730342413,0.1762102092665041,0.0072174730342413,0.1762102092665041,reconstructed_shortest,PROGRESS
CASE_058,S4_SAFETY_RICH_NAVEEN12,-7.0,2026-03-01 00:37:11,S4_SAFETY_RICH_NAVEEN12_L3,1.0,1,0,1,1,0,0,0.0,0.1176437183515151,0.4,235.33333333333337,5166.833333333333,,66.0,0.0,,,5.0,False,0.0072174730342413,0.0677863306981188,0.0072174730342413,0.0677863306981188,reconstructed_shortest,PROGRESS
CASE_058,S4_SAFETY_RICH_NAVEEN12,-6.0,2026-03-01 00:37:12,S4_SAFETY_RICH_NAVEEN12_L3,1.0,1,0,1,1,0,0,0.0,0.0895692766848484,0.5,235.66666666666663,5173.916666666667,,66.0,0.0,,,5.0,False,0.0072174730342413,-0.0042924062179103,0.0072174730342413,-0.0042924062179103,reconstructed_shortest,PROGRESS
CASE_058,S4_SAFETY_RICH_NAVEEN12,-5.0,2026-03-01 00:37:13,S4_SAFETY_RICH_NAVEEN12_L3,1.0,1,0,1,1,0,0,0.0,0.0599739500181818,0.6,236.0,5178.9,,66.0,0.0,,,5.0,False,0.0072174730342413,-0.0004035635940224,0.0072174730342413,-0.0004035635940224,reconstructed_shortest,STALLED
CASE_058,S4_SAFETY_RICH_NAVEEN12,-4.0,2026-03-01 00:37:14,S4_SAFETY_RICH_NAVEEN12_L3,1.0,1,0,1,1,0,0,0.0,0.030109187290909,0.7,236.0,5184.0,,66.0,0.0,,,5.0,False,0.0072174730342413,-0.0004035635940224,0.0072174730342413,-0.0004035635940224,reconstructed_shortest,STALLED
CASE_058,S4_SAFETY_RICH_NAVEEN12,-3.0,2026-03-01 00:37:15,S4_SAFETY_RICH_NAVEEN12_L3,1.0,1,0,1,1,0,0,0.0,0.0139121371090909,0.8,236.0,5184.0,,66.0,0.0,,,5.0,False,0.0072174730342413,0.0,0.0072174730342413,0.0,reconstructed_shortest,STALLED
CASE_058,S4_SAFETY_RICH_NAVEEN12,-2.0,2026-03-01 00:37:16,S4_SAFETY_RICH_NAVEEN12_L3,1.0,1,0,1,1,0,0,0.0,0.0039649512,0.9,236.0,5184.0,,66.0,0.0,,,5.0,False,0.0072174730342413,0.0,0.0072174730342413,0.0,reconstructed_shortest,STALLED
CASE_058,S4_SAFETY_RICH_NAVEEN12,-1.0,2026-03-01 00:37:17,S4_SAFETY_RICH_NAVEEN12_L3,1.0,1,0,1,1,0,0,0.0,0.0,1.0,236.0,5184.0,,66.0,0.0,,,5.0,False,0.0072174730342413,0.0,0.0072174730342413,0.0,reconstructed_shortest,STALLED
CASE_058,S4_SAFETY_RICH_NAVEEN12,0.0,2026-03-01 00:37:18,S4_SAFETY_RICH_NAVEEN12_L3,1.0,1,0,1,1,0,0,0.0,0.0,1.0,236.0,5184.0,,66.0,0.0,,,5.0,False,0.0072174730342413,0.0,0.0072174730342413,0.0,reconstructed_shortest,STALLED
CASE_058,S4_SAFETY_RICH_NAVEEN12,1.0,2026-03-01 00:37:19,S4_SAFETY_RICH_NAVEEN12_L3,1.0,1,0,1,1,0,0,0.0,0.0,1.0,236.0,5184.0,,66.0,0.0,,,5.0,False,0.0072174730342413,0.0,0.0072174730342413,0.0,reconstructed_shortest,STALLED
CASE_058,S4_SAFETY_RICH_NAVEEN12,2.0,2026-03-01 00:37:20,S4_SAFETY_RICH_NAVEEN12_L3,1.0,1,0,1,1,0,0,0.0,0.0,1.0,236.0,5183.25,,66.0,0.0,,,5.0,False,0.0072174730342413,0.0,0.0072174730342413,0.0,reconstructed_shortest,STALLED
CASE_058,S4_SAFETY_RICH_NAVEEN12,3.0,2026-03-01 00:37:21,S4_SAFETY_RICH_NAVEEN12_L3,1.0,1,0,1,1,0,0,0.0,0.0,1.0,235.63636363636363,5171.363636363636,,66.0,0.0,,,5.0,False,0.0062196238871427,0.0009978491470985,0.0062196238871427,0.0009978491470985,reconstructed_shortest,STALLED
CASE_058,S4_SAFETY_RICH_NAVEEN12,4.0,2026-03-01 00:37:22,S4_SAFETY_RICH_NAVEEN12_L4,1.0,1,0,1,1,0,0,0.0,0.0,1.0,241.16666666666663,5303.5,,66.0,0.0,,,6.0,False,4.093305602210185,,1.470674498157223,,reconstructed_shortest,PROGRESS
CASE_058,S4_SAFETY_RICH_NAVEEN12,5.0,2026-03-01 00:37:23,S4_SAFETY_RICH_NAVEEN12_L4,1.0,1,0,1,1,0,0,0.0002836136666666,2.8361366666666662e-05,1.0,268.0833333333333,5912.083333333333,,65.0,0.3333333333333286,,,6.0,False,4.0985656040287815,,1.466068093152343,,reconstructed_shortest,PROGRESS
CASE_059,S4_SAFETY_RICH_NAVEEN12,-15.0,2026-03-01 00:36:06,S4_SAFETY_RICH_NAVEEN12_L3,1.0,1,0,1,1,0,0,0.000386749090909,3.867490909090908e-05,1.0,276.90909090909093,6101.636363636364,,65.0,0.4545454545454532,,,5.0,False,4.319455628994398,,1.476111259251413,,reconstructed_shortest,PROGRESS
CASE_059,S4_SAFETY_RICH_NAVEEN12,-14.0,2026-03-01 00:36:07,S4_SAFETY_RICH_NAVEEN12_L3,1.0,1,0,1,1,0,0,0.000425424,8.121730909090908e-05,1.0,277.5,6107.166666666667,,65.0,0.5,,,5.0,False,4.334304451214375,,1.4910604044993934,,reconstructed_shortest,PROGRESS
CASE_059,S4_SAFETY_RICH_NAVEEN12,-13.0,2026-03-01 00:36:08,S4_SAFETY_RICH_NAVEEN12_L3,1.0,1,0,1,1,0,0,0.000425424,0.0001237597090909,1.0,277.09090909090907,6110.636363636364,,65.0,0.5,,,5.0,False,4.325339389703716,,1.4610467590464369,,reconstructed_shortest,PROGRESS
CASE_059,S4_SAFETY_RICH_NAVEEN12,-12.0,2026-03-01 00:36:09,S4_SAFETY_RICH_NAVEEN12_L3,1.0,1,0,1,1,0,0,0.000425424,0.0001663021090909,1.0,277.5,6122.0,,65.0,0.5,,,5.0,False,4.338079193137043,,1.4425497062906132,,reconstructed_shortest,PROGRESS
CASE_059,S4_SAFETY_RICH_NAVEEN12,-11.0,2026-03-01 00:36:10,S4_SAFETY_RICH_NAVEEN12_L3,1.0,1,0,1,1,0,0,0.000425424,0.0002088445090909,1.0,277.1666666666667,6114.833333333333,,65.0,0.5,,,5.0,False,4.320258066909904,-0.0036143515292756,1.4494517800934643,0.0228520024737548,reconstructed_shortest,STALLED
CASE_059,S4_SAFETY_RICH_NAVEEN12,-10.0,2026-03-01 00:36:11,S4_SAFETY_RICH_NAVEEN12_L3,1.0,1,0,1,1,0,0,0.000425424,0.0002513869090909,1.0,276.1818181818182,6093.0,,65.0,0.5,,,5.0,False,4.273090387093627,0.0463652419007711,1.473642346059305,0.0024689131921076,reconstructed_shortest,PROGRESS
CASE_059,S4_SAFETY_RICH_NAVEEN12,-9.0,2026-03-01 00:36:12,S4_SAFETY_RICH_NAVEEN12_L3,1.0,1,0,1,1,0,0,0.000425424,0.0002939293090909,1.0,276.1818181818182,6091.181818181818,,65.0,0.5,,,5.0,False,4.2664744306782,0.0678300205361743,1.488544111708363,0.0025162927910302,reconstructed_shortest,PROGRESS
CASE_059,S4_SAFETY_RICH_NAVEEN12,-8.0,2026-03-01 00:36:13,S4_SAFETY_RICH_NAVEEN12_L3,1.0,1,0,1,1,0,0,0.000425424,0.0003364717090909,1.0,275.90909090909093,6087.454545454545,,65.0,0.5,,,5.0,False,4.312209448111684,0.013129941592032,1.484110913150406,-0.0230641541039691,reconstructed_shortest,STALLED
CASE_059,S4_SAFETY_RICH_NAVEEN12,-7.0,2026-03-01 00:36:14,S4_SAFETY_RICH_NAVEEN12_L3,1.0,1,0,1,1,0,0,0.000657474,0.0004022191090909,1.0,275.3636363636364,6071.818181818182,,65.0,0.7727272727272734,,,5.0,False,4.3292921384634,0.0087870546736432,1.485893581855212,-0.0433438755645989,reconstructed_shortest,STALLED
CASE_059,S4_SAFETY_RICH_NAVEEN12,-6.0,2026-03-01 00:36:15,S4_SAFETY_RICH_NAVEEN12_L3,1.0,1,0,1,1,0,0,0.000425423,0.0004447614090909,1.0,272.6666666666667,6007.833333333333,,65.0,0.5,,,5.0,False,4.285473101579878,0.0347849653300258,1.482801128364572,-0.0333493482711075,reconstructed_shortest,PROGRESS
CASE_059,S4_SAFETY_RICH_NAVEEN12,-5.0,2026-03-01 00:36:16,S4_SAFETY_RICH_NAVEEN12_L3,1.0,1,0,1,1,0,0,0.0003093981818181,0.0004370263181818,1.0,270.54545454545456,5955.727272727273,,66.0,0.3636363636363633,,,5.0,False,4.287886185605213,-0.014795798511586,1.4953648953680108,-0.0217225493087054,reconstructed_shortest,STALLED
CASE_059,S4_SAFETY_RICH_NAVEEN12,-4.0,2026-03-01 00:36:17,S4_SAFETY_RICH_NAVEEN12_L3,1.0,1,0,1,1,0,0,0.0,0.0003944839181818,1.0,252.54545454545453,5555.363636363636,,66.0,0.0,,,5.0,False,4.365210843799212,-0.0987364131210117,1.555151821405107,-0.0666077096967439,reconstructed_shortest,STALLED
CASE_059,S4_SAFETY_RICH_NAVEEN12,-3.0,2026-03-01 00:36:18,S4_SAFETY_RICH_NAVEEN12_L3,1.0,1,0,1,1,0,0,0.0,0.0003519415181818,1.0,244.5,5380.666666666667,,66.0,0.0,,,5.0,False,4.445504716503793,-0.1332952683921089,1.6364208912862444,-0.1523099781358383,reconstructed_shortest,STALLED
CASE_059,S4_SAFETY_RICH_NAVEEN12,-2.0,2026-03-01 00:36:19,S4_SAFETY_RICH_NAVEEN12_L3,1.0,1,0,1,1,0,0,0.0,0.0003093991181818,1.0,236.63636363636363,5200.090909090909,,66.0,0.0,,,5.0,False,4.472338102131841,-0.1430459636684418,1.666158541923623,-0.1802649600684105,reconstructed_shortest,STALLED
CASE_059,S4_SAFETY_RICH_NAVEEN12,-1.0,2026-03-01 00:36:20,S4_SAFETY_RICH_NAVEEN12_L3,1.0,1,0,1,1,0,0,0.0,0.0002668567181818,1.0,235.1818181818182,5174.636363636364,,66.0,0.0,,,5.0,False,4.473915036578297,-0.1884419349984183,1.6663024503713864,-0.1835013220068142,reconstructed_shortest,STALLED
CASE_059,S4_SAFETY_RICH_NAVEEN12,0.0,2026-03-01 00:36:21,S4_SAFETY_RICH_NAVEEN12_L3,1.0,1,0,1,1,0,0,0.1862583363636363,0.0188501479545454,0.9,293.54545454545456,6481.636363636364,,65.0,186.4090909090909,,,5.0,False,4.397893444078295,-0.1100072584730815,1.6696668823757814,-0.1743019870077706,reconstructed_shortest,STALLED
CASE_059,S4_SAFETY_RICH_NAVEEN12,1.0,2026-03-01 00:36:22,S4_SAFETY_RICH_NAVEEN12_L3,1.0,1,0,1,1,0,0,0.2887468454545454,0.0476822901,0.8,299.54545454545456,6616.363636363636,,65.0,288.77272727272725,,,5.0,False,4.12067352054721,0.2445373232520022,1.6935023109025606,-0.1383504894974536,reconstructed_shortest,RECOVERING
CASE_059,S4_SAFETY_RICH_NAVEEN12,2.0,2026-03-01 00:36:23,S4_SAFETY_RICH_NAVEEN12_L3,1.0,1,0,1,1,0,0,0.2848922833333333,0.0761289760333333,0.7,298.3333333333333,6592.833333333333,,65.0,284.83333333333337,,,5.0,False,3.624757369156324,0.8207473473474689,1.7272787405031291,-0.0908578492168847,reconstructed_shortest,RECOVERING
CASE_059,S4_SAFETY_RICH_NAVEEN12,3.0,2026-03-01 00:36:24,S4_SAFETY_RICH_NAVEEN12_L3,1.0,1,0,1,1,0,0,0.26835748,0.1028989766333333,0.6,298.2,6578.2,,65.0,268.15,,,5.0,False,3.323224476674566,1.1491136254572751,1.773967623018624,-0.1078090810950012,reconstructed_shortest,RECOVERING
CASE_059,S4_SAFETY_RICH_NAVEEN12,4.0,2026-03-01 00:36:25,S4_SAFETY_RICH_NAVEEN12_L3,1.0,1,0,1,1,0,0,0.2274084545454545,0.1255972797878787,0.5,285.8181818181818,6307.545454545455,,66.0,227.1818181818182,,,5.0,False,3.1114692397714165,1.3624457968068802,1.8712299124943936,-0.2049274621230072,reconstructed_shortest,RECOVERING
CASE_059,S4_SAFETY_RICH_NAVEEN12,5.0,2026-03-01 00:36:26,S4_SAFETY_RICH_NAVEEN12_L3,1.0,1,0,1,1,0,0,0.0,0.1255663399696969,0.5,237.0909090909091,5208.181818181818,,66.0,0.0,,,5.0,False,3.006044071679777,1.391849372398518,1.9407916622072343,-0.2711247798314531,reconstructed_shortest,RECOVERING
CASE_060,S4_SAFETY_RICH_NAVEEN12,-15.0,2026-03-01 01:23:50,S4_SAFETY_RICH_NAVEEN12_L47,1.0,1,0,1,1,0,0,0.29577605,0.1866386628712121,0.0,290.6666666666667,6687.166666666667,,57.0,295.625,,,4.0,False,0.7115088463536138,1.0116564861545854,0.7115088463536138,0.9357783676953204,reconstructed_shortest,PROGRESS
CASE_060,S4_SAFETY_RICH_NAVEEN12,-14.0,2026-03-01 01:23:51,S4_SAFETY_RICH_NAVEEN12_L47,1.0,1,0,1,1,0,0,0.295166909090909,0.2055971045075757,0.0,290.27272727272725,6676.818181818182,,57.0,294.95454545454544,,,4.0,False,0.4539918171054976,1.1564306904076065,0.4539918171054976,1.1406806962461644,reconstructed_shortest,PROGRESS
CASE_060,S4_SAFETY_RICH_NAVEEN12,-13.0,2026-03-01 01:23:52,S4_SAFETY_RICH_NAVEEN12_L47,1.0,1,0,1,1,0,0,0.1657993254545454,0.2123249263030303,0.0,271.09090909090907,6215.636363636364,,58.0,165.86363636363637,,,4.0,False,0.1766849408714612,1.3352398120628373,0.1766849408714612,1.3163223636109664,reconstructed_shortest,PROGRESS
CASE_060,S4_SAFETY_RICH_NAVEEN12,-12.0,2026-03-01 01:23:53,S4_SAFETY_RICH_NAVEEN12_L47,1.0,1,0,1,1,0,0,0.0993558327272727,0.2043578959393939,0.0,264.0,6052.181818181818,,58.0,99.77272727272728,,,4.0,False,0.0853354056421328,1.2572462599345686,0.0853354056421328,1.2043389938029463,reconstructed_shortest,PROGRESS
CASE_060,S4_SAFETY_RICH_NAVEEN12,-11.0,2026-03-01 01:23:54,S4_SAFETY_RICH_NAVEEN12_L47,1.0,1,0,1,1,0,0,0.0406086545454545,0.1865558359393939,0.0,242.27272727272728,5542.909090909091,,58.0,40.63636363636364,,,4.0,False,0.0070585122539837,1.0220519508742223,0.0070585122539837,0.9942241379792348,reconstructed_shortest,PROGRESS
CASE_060,S4_SAFETY_RICH_NAVEEN12,-10.0,2026-03-01 01:23:55,S4_SAFETY_RICH_NAVEEN12_L47,1.0,1,0,1,1,0,0,0.0,0.1728687832121212,0.1,228.83333333333337,5227.75,,58.0,0.0,,,4.0,False,0.0098307373070383,0.7016781090465755,0.0098307373070383,0.7016781090465755,reconstructed_shortest,PROGRESS
CASE_060,S4_SAFETY_RICH_NAVEEN12,-9.0,2026-03-01 01:23:56,S4_SAFETY_RICH_NAVEEN12_L47,1.0,1,0,1,1,0,0,0.0,0.1632542015757575,0.2,228.0,5214.0,,59.0,0.0,,,4.0,False,0.010098401133072,0.4438934159724255,0.010098401133072,0.4438934159724255,reconstructed_shortest,PROGRESS
CASE_060,S4_SAFETY_RICH_NAVEEN12,-8.0,2026-03-01 01:23:57,S4_SAFETY_RICH_NAVEEN12_L47,1.0,1,0,1,1,0,0,0.0,0.146121217030303,0.3,229.0,5233.0,,58.0,0.0,,,4.0,False,0.0103841818376801,0.1663007590337811,0.0103841818376801,0.1663007590337811,reconstructed_shortest,PROGRESS
CASE_060,S4_SAFETY_RICH_NAVEEN12,-7.0,2026-03-01 01:23:58,S4_SAFETY_RICH_NAVEEN12_L47,1.0,1,0,1,1,0,0,0.0,0.1191564253636363,0.4,227.9090909090909,5212.272727272727,,58.0,0.0,,,4.0,False,0.010574232334444,0.0747611733076888,0.010574232334444,0.0747611733076888,reconstructed_shortest,PROGRESS
CASE_060,S4_SAFETY_RICH_NAVEEN12,-6.0,2026-03-01 01:23:59,S4_SAFETY_RICH_NAVEEN12_L47,1.0,1,0,1,1,0,0,0.0,0.0896706771818181,0.5,228.9090909090909,5227.363636363636,,59.0,0.0,,,4.0,False,0.0106704683082488,-0.0036119560542651,0.0106704683082488,-0.0036119560542651,reconstructed_shortest,PROGRESS
CASE_060,S4_SAFETY_RICH_NAVEEN12,-5.0,2026-03-01 01:24:00,S4_SAFETY_RICH_NAVEEN12_L47,1.0,1,0,1,1,0,0,0.0,0.0600930721818181,0.6,228.63636363636363,5219.181818181818,,59.0,0.0,,,4.0,False,0.0109918523228623,-0.001161115015824,0.0109918523228623,-0.001161115015824,reconstructed_shortest,STALLED
CASE_060,S4_SAFETY_RICH_NAVEEN12,-4.0,2026-03-01 01:24:01,S4_SAFETY_RICH_NAVEEN12_L47,1.0,1,0,1,1,0,0,0.0,0.0305763812727272,0.7,228.45454545454547,5215.0,,59.0,0.0,,,4.0,False,0.0103813003039115,-0.0002828991708394,0.0103813003039115,-0.0002828991708394,reconstructed_shortest,STALLED
CASE_060,S4_SAFETY_RICH_NAVEEN12,-3.0,2026-03-01 01:24:02,S4_SAFETY_RICH_NAVEEN12_L47,1.0,1,0,1,1,0,0,0.0,0.0139964487272727,0.8,228.45454545454547,5222.636363636364,,58.0,0.0,,,4.0,False,0.0103813003039115,2.8815337685759307e-06,0.0103813003039115,2.8815337685759307e-06,reconstructed_shortest,STALLED
CASE_060,S4_SAFETY_RICH_NAVEEN12,-2.0,2026-03-01 01:24:03,S4_SAFETY_RICH_NAVEEN12_L47,1.0,1,0,1,1,0,0,0.0,0.0040608654545454,0.9,229.0,5233.0,,58.0,0.0,,,4.0,False,0.0103813003039115,0.0001929320305325,0.0103813003039115,0.0001929320305325,reconstructed_shortest,STALLED
CASE_060,S4_SAFETY_RICH_NAVEEN12,-1.0,2026-03-01 01:24:04,S4_SAFETY_RICH_NAVEEN12_L47,1.0,1,0,1,1,0,0,0.0,0.0,1.0,227.33333333333337,5197.666666666667,,59.0,0.0,,,4.0,False,0.0103813003039115,0.0002891680043373,0.0103813003039115,0.0002891680043373,reconstructed_shortest,STALLED
CASE_060,S4_SAFETY_RICH_NAVEEN12,0.0,2026-03-01 01:24:05,S4_SAFETY_RICH_NAVEEN12_L47,1.0,1,0,1,1,0,0,0.0,0.0,1.0,228.25,5215.75,,59.0,0.0,,,4.0,False,0.0101754529413921,0.0008163993814701,0.0101754529413921,0.0008163993814701,reconstructed_shortest,STALLED
CASE_060,S4_SAFETY_RICH_NAVEEN12,1.0,2026-03-01 01:24:06,S4_SAFETY_RICH_NAVEEN12_L47,1.0,1,0,1,1,0,0,0.0,0.0,1.0,228.72727272727272,5224.272727272727,,58.0,0.0,,,4.0,False,0.0097349935904754,0.0006463067134361,0.0097349935904754,0.0006463067134361,reconstructed_shortest,STALLED
CASE_060,S4_SAFETY_RICH_NAVEEN12,2.0,2026-03-01 01:24:07,S4_SAFETY_RICH_NAVEEN12_L48,1.0,1,0,1,1,0,0,0.0,0.0,1.0,232.33333333333337,5308.333333333333,,58.0,0.0,,,19.0,False,1.8268705608531604,,1.7326676254045377,,reconstructed_shortest,PROGRESS
CASE_060,S4_SAFETY_RICH_NAVEEN12,3.0,2026-03-01 01:24:08,S4_SAFETY_RICH_NAVEEN12_L48,1.0,1,0,1,1,0,0,0.0002707243636363,2.7072436363630818e-05,1.0,262.3636363636364,6017.0,,58.0,0.3181818181818201,,,19.0,False,1.826551880115888,,1.732502024100243,,reconstructed_shortest,PROGRESS
CASE_060,S4_SAFETY_RICH_NAVEEN12,4.0,2026-03-01 01:24:09,S4_SAFETY_RICH_NAVEEN12_L48,1.0,1,0,1,1,0,0,0.000425424,6.96148363636308e-05,1.0,271.09090909090907,6212.090909090909,,58.0,0.5,,,19.0,False,1.8323801383890592,,1.728806142730825,,reconstructed_shortest,PROGRESS
CASE_060,S4_SAFETY_RICH_NAVEEN12,5.0,2026-03-01 01:24:10,S4_SAFETY_RICH_NAVEEN12_L48,1.0,1,0,1,1,0,0,0.000425424,0.0001121572363636,1.0,271.3636363636364,6229.909090909091,,58.0,0.5,,,19.0,False,1.8401803431625483,,1.7302299394052485,,reconstructed_shortest,PROGRESS
CASE_061,S5_REAL_TMS_JULY10,-15.0,2026-07-10 10:47:18,S5_REAL_TMS_JULY10_L196,15.0,1,0,1,0,1,1,0.2990730702877044,0.245980155467987,0.0,263.0,,44102.0,60.0,,,,5.0,False,0.3496020694472441,1.0030337569444676,0.3475344444751645,0.9622382521934224,recorded,PROGRESS
CASE_061,S5_REAL_TMS_JULY10,-14.0,2026-07-10 10:47:19,S5_REAL_TMS_JULY10_L196,15.0,1,0,1,1,0,0,0.0995492115616798,0.2268360771238803,0.0,229.0,,44257.0,61.0,,,,5.0,False,20.256182368425097,-18.903546542033386,0.0814502526430228,1.2283224440255642,recorded,PROGRESS
CASE_061,S5_REAL_TMS_JULY10,-13.0,2026-07-10 10:47:20,S5_REAL_TMS_JULY10_L196,15.0,1,0,1,0,1,1,0.0995492115616798,0.20709640532732,0.0,229.0,,44257.0,61.0,,,,5.0,False,20.256182368425097,-18.65559708792459,0.0814502526430228,0.8600585782221937,recorded,PROGRESS
CASE_061,S5_REAL_TMS_JULY10,-12.0,2026-07-10 10:47:21,S5_REAL_TMS_JULY10_L197,15.0,0,0,1,1,0,0,0.0,0.1774018123745917,0.1,225.0,,44259.0,61.0,,,,5.0,True,20.181810757903666,,0.0070786421215923,,recorded,INACTIVE
CASE_061,S5_REAL_TMS_JULY10,-11.0,2026-07-10 10:47:22,S5_REAL_TMS_JULY10_L198,15.0,1,0,1,1,0,0,0.0,0.1594489187002181,0.2,281.0,,43993.0,60.0,,,,4.0,False,20.181810757903666,,15.8295031968771,,recorded,PROGRESS
CASE_061,S5_REAL_TMS_JULY10,-10.0,2026-07-10 10:47:23,S5_REAL_TMS_JULY10_L198,15.0,1,0,1,0,1,1,0.0,0.149068572372198,0.3,281.0,,43993.0,60.0,,,,4.0,False,20.181810757903666,,15.8295031968771,,recorded,PROGRESS
CASE_061,S5_REAL_TMS_JULY10,-9.0,2026-07-10 10:47:24,S5_REAL_TMS_JULY10_L198,15.0,1,0,1,1,0,0,0.2994984984397888,0.1686380758881568,0.3,289.0,,43978.0,59.0,,,,4.0,False,20.428105969002136,,15.836886574026574,,recorded,PROGRESS
CASE_061,S5_REAL_TMS_JULY10,-8.0,2026-07-10 10:47:25,S5_REAL_TMS_JULY10_L198,15.0,1,0,1,0,1,1,0.2994984984397888,0.1691060408949851,0.3,289.0,,43978.0,59.0,,,,4.0,False,20.428105969002136,,15.836886574026574,,recorded,PROGRESS
CASE_061,S5_REAL_TMS_JULY10,-7.0,2026-07-10 10:47:26,S5_REAL_TMS_JULY10_L198,15.0,1,0,1,1,0,0,0.2977967858314514,0.1694038346409797,0.3,283.0,,44013.0,59.0,,,,4.0,False,19.325071034359,,15.867325135294804,,recorded,PROGRESS
CASE_061,S5_REAL_TMS_JULY10,-6.0,2026-07-10 10:47:27,S5_REAL_TMS_JULY10_L198,15.0,1,0,1,0,1,1,0.2977967858314514,0.1692762061953544,0.3,283.0,,44013.0,59.0,,,,4.0,False,19.325071034359,0.8567397235446634,15.867325135294804,-0.0378219384177054,recorded,PROGRESS
CASE_061,S5_REAL_TMS_JULY10,-5.0,2026-07-10 10:47:28,S5_REAL_TMS_JULY10_L198,15.0,1,0,1,1,0,0,0.1680424660444259,0.1561731457710266,0.3,274.0,,44048.0,60.0,,,,4.0,False,18.925201912671575,1.2566088452320905,15.91052540322141,-0.0810222063443113,recorded,PROGRESS
CASE_061,S5_REAL_TMS_JULY10,-4.0,2026-07-10 10:47:29,S5_REAL_TMS_JULY10_L198,15.0,1,0,1,1,0,0,0.1131627708673477,0.1575345017015934,0.3,287.0,,43978.0,59.0,,,,4.0,False,19.096144145612932,1.3319618233892037,15.84046526996372,-0.0035786959371471,recorded,PROGRESS
CASE_061,S5_REAL_TMS_JULY10,-3.0,2026-07-10 10:47:30,S5_REAL_TMS_JULY10_L198,15.0,1,0,1,0,1,1,0.1131627708673477,0.1588958576321602,0.3,287.0,,43978.0,59.0,,,,4.0,False,19.096144145612932,1.3319618233892037,15.84046526996372,-0.0035786959371471,recorded,PROGRESS
CASE_061,S5_REAL_TMS_JULY10,-2.0,2026-07-10 10:47:31,S5_REAL_TMS_JULY10_L198,15.0,1,0,1,1,0,0,0.2424916923046112,0.1831450268626213,0.2,285.0,,43978.0,59.0,,,,4.0,False,18.335920121282577,0.9891509130764256,15.44728102584934,0.420044109445465,recorded,PROGRESS
CASE_061,S5_REAL_TMS_JULY10,-1.0,2026-07-10 10:47:32,S5_REAL_TMS_JULY10_L198,15.0,1,0,1,0,1,1,0.2424916923046112,0.2073941960930824,0.1,285.0,,43978.0,59.0,,,,4.0,False,18.335920121282577,0.9891509130764256,15.44728102584934,0.420044109445465,recorded,PROGRESS
CASE_061,S5_REAL_TMS_JULY10,0.0,2026-07-10 10:47:33,S5_REAL_TMS_JULY10_L198,15.0,1,0,1,1,0,0,0.2960951030254364,0.237003706395626,0.0,289.0,,43978.0,59.0,,,,4.0,False,18.773912137105924,0.151289775565651,15.01038429641613,0.9001411068052807,recorded,PROGRESS
CASE_061,S5_REAL_TMS_JULY10,1.0,2026-07-10 10:47:34,S5_REAL_TMS_JULY10_L198,15.0,1,0,1,0,1,1,0.2960951030254364,0.2366633668541908,0.0,289.0,,43978.0,59.0,,,,4.0,False,18.773912137105924,0.322232008507008,15.01038429641613,0.8300809735475916,recorded,PROGRESS
CASE_061,S5_REAL_TMS_JULY10,2.0,2026-07-10 10:47:35,S5_REAL_TMS_JULY10_L198,15.0,1,0,1,1,0,0,0.2952442467212677,0.2362379416823387,0.0,290.0,,43952.0,59.0,,,,4.0,False,19.228546751534463,-0.1324026059215306,14.560630440471408,1.2798348294923123,recorded,PROGRESS
CASE_061,S5_REAL_TMS_JULY10,3.0,2026-07-10 10:47:36,S5_REAL_TMS_JULY10_L198,15.0,1,0,1,1,0,0,0.2977967858314514,0.2362379416823387,0.0,283.0,,43978.0,59.0,,,,4.0,False,19.61774959755545,-1.281829476272872,14.174686888767502,1.2725941370818372,recorded,PROGRESS
CASE_061,S5_REAL_TMS_JULY10,4.0,2026-07-10 10:47:37,S5_REAL_TMS_JULY10_L198,15.0,1,0,1,0,1,1,0.2977967858314514,0.2362379416823387,0.0,283.0,,43978.0,59.0,,,,4.0,False,19.61774959755545,-1.281829476272872,14.174686888767502,1.2725941370818372,recorded,PROGRESS
CASE_061,S5_REAL_TMS_JULY10,5.0,2026-07-10 10:47:38,S5_REAL_TMS_JULY10_L198,15.0,1,0,1,1,0,0,0.2990730702877044,0.2493410021066665,0.0,289.0,,43978.0,59.0,,,,4.0,False,20.216181357529397,-1.4422692204234728,13.580491962407448,1.4298923340086809,recorded,PROGRESS
CASE_062,S4_SAFETY_RICH_NAVEEN12,-15.0,2026-03-01 01:22:12,S4_SAFETY_RICH_NAVEEN12_L42,1.0,1,0,1,1,0,0,0.0,0.195246399030303,0.2,229.0,5227.727272727273,,59.0,0.0,,,4.0,False,0.009355071822367,0.6308181585193975,0.009355071822367,0.6308181585193974,reconstructed_shortest,PROGRESS
CASE_062,S4_SAFETY_RICH_NAVEEN12,-14.0,2026-03-01 01:22:13,S4_SAFETY_RICH_NAVEEN12_L42,1.0,1,0,1,1,0,0,0.0,0.1716566408636363,0.3,229.0,5229.181818181818,,59.0,0.0,,,4.0,False,0.0080014531867132,0.386270635305694,0.0080014531867132,0.386270635305694,reconstructed_shortest,PROGRESS
CASE_062,S4_SAFETY_RICH_NAVEEN12,-13.0,2026-03-01 01:22:14,S4_SAFETY_RICH_NAVEEN12_L42,1.0,1,0,1,1,0,0,0.0,0.1418112172272727,0.4,228.5,5211.0,,59.0,0.0,,,4.0,False,0.007333800174534,0.1421943210342577,0.007333800174534,0.1421943210342577,reconstructed_shortest,PROGRESS
CASE_062,S4_SAFETY_RICH_NAVEEN12,-12.0,2026-03-01 01:22:15,S4_SAFETY_RICH_NAVEEN12_L42,1.0,1,0,1,1,0,0,0.0,0.1120044663181818,0.5,228.8181818181818,5227.454545454545,,59.0,0.0,,,4.0,False,0.0074445435256821,0.0584647503659175,0.0074445435256821,0.0584647503659175,reconstructed_shortest,PROGRESS
CASE_062,S4_SAFETY_RICH_NAVEEN12,-11.0,2026-03-01 01:22:16,S4_SAFETY_RICH_NAVEEN12_L43,1.0,1,0,1,1,0,0,0.0,0.0822247863181818,0.6,238.45454545454547,5452.909090909091,,58.0,0.0,,,16.0,False,1.9386620181758325,,1.9385540930270533,,reconstructed_shortest,PROGRESS
CASE_062,S4_SAFETY_RICH_NAVEEN12,-10.0,2026-03-01 01:22:17,S4_SAFETY_RICH_NAVEEN12_L43,1.0,1,0,1,1,0,0,0.0004254221818181,0.0523812935363636,0.7,270.6363636363636,6199.909090909091,,58.0,0.5,,,16.0,False,1.9399540209350337,,1.9399117325205593,,reconstructed_shortest,PROGRESS
CASE_062,S4_SAFETY_RICH_NAVEEN12,-9.0,2026-03-01 01:22:18,S4_SAFETY_RICH_NAVEEN12_L43,1.0,1,0,1,1,0,0,0.0004254236363636,0.0225590758999999,0.8,272.45454545454544,6235.0,,58.0,0.5,,,16.0,False,1.9525589480043968,,1.9405163003030643,,reconstructed_shortest,PROGRESS
CASE_062,S4_SAFETY_RICH_NAVEEN12,-8.0,2026-03-01 01:22:19,S4_SAFETY_RICH_NAVEEN12_L43,1.0,1,0,1,1,0,0,0.000425424,0.0117417014818181,0.9,272.6666666666667,6243.0,,58.0,0.5,,,16.0,False,1.9511229624219024,,1.9390688329950552,,reconstructed_shortest,PROGRESS
CASE_062,S4_SAFETY_RICH_NAVEEN12,-7.0,2026-03-01 01:22:20,S4_SAFETY_RICH_NAVEEN12_L43,1.0,1,0,1,1,0,0,0.000425424,0.0018293228818181,1.0,270.54545454545456,6196.727272727273,,58.0,0.5,,,16.0,False,1.9413690295084856,,1.93141367757113,,reconstructed_shortest,PROGRESS
CASE_062,S4_SAFETY_RICH_NAVEEN12,-6.0,2026-03-01 01:22:21,S4_SAFETY_RICH_NAVEEN12_L43,1.0,1,0,1,1,0,0,0.000425424,0.0002127117818181,1.0,271.8181818181818,6216.909090909091,,58.0,0.5,,,16.0,False,1.9379250759816389,0.0007369421941936,1.9281845080537765,0.010369584973277,reconstructed_shortest,STALLED
CASE_062,S4_SAFETY_RICH_NAVEEN12,-5.0,2026-03-01 01:22:22,S4_SAFETY_RICH_NAVEEN12_L43,1.0,1,0,1,1,0,0,0.000425424,0.0002552541818181,1.0,271.8333333333333,6229.333333333333,,58.0,0.5,,,16.0,False,1.9289651568731223,0.0109888640619109,1.920517075746855,0.0193946567737042,reconstructed_shortest,STALLED
CASE_062,S4_SAFETY_RICH_NAVEEN12,-4.0,2026-03-01 01:22:23,S4_SAFETY_RICH_NAVEEN12_L43,1.0,1,0,1,1,0,0,0.000425424,0.0002977965818181,1.0,271.6363636363636,6212.636363636364,,58.0,0.5,,,16.0,False,1.9375171535001,0.0150417945042964,1.925231949760258,0.0152843505428061,reconstructed_shortest,STALLED
CASE_062,S4_SAFETY_RICH_NAVEEN12,-3.0,2026-03-01 01:22:24,S4_SAFETY_RICH_NAVEEN12_L43,1.0,1,0,1,1,0,0,0.000425424,0.0003403389818181,1.0,271.3333333333333,6216.916666666667,,58.0,0.5,,,16.0,False,1.960410362624269,-0.0092874002023666,1.9507706649014187,-0.0117018319063635,reconstructed_shortest,STALLED
CASE_062,S4_SAFETY_RICH_NAVEEN12,-2.0,2026-03-01 01:22:25,S4_SAFETY_RICH_NAVEEN12_L43,1.0,1,0,1,1,0,0,0.000618799,0.0004022188818181,1.0,269.90909090909093,6178.636363636364,,58.0,0.5,,,16.0,False,1.959170521454047,-0.0178014919455611,1.958566959969162,-0.027153282398032,reconstructed_shortest,STALLED
CASE_062,S4_SAFETY_RICH_NAVEEN12,-1.0,2026-03-01 01:22:26,S4_SAFETY_RICH_NAVEEN12_L43,1.0,1,0,1,1,0,0,0.00046087525,0.0004483064068181,1.0,268.6666666666667,6150.333333333333,,58.0,0.5,,,16.0,False,1.965989559115168,-0.028064483133529,1.965765037768356,-0.0375805297145797,reconstructed_shortest,STALLED
CASE_062,S4_SAFETY_RICH_NAVEEN12,0.0,2026-03-01 01:22:27,S4_SAFETY_RICH_NAVEEN12_L43,1.0,1,0,1,1,0,0,0.0554211474545454,0.0059478789340908,0.9,263.0,6012.272727272727,,58.0,55.5,,,16.0,False,1.934913742742691,-0.0059485858695684,1.934773832870799,-0.014256757123944,reconstructed_shortest,STALLED
CASE_062,S4_SAFETY_RICH_NAVEEN12,1.0,2026-03-01 01:22:28,S4_SAFETY_RICH_NAVEEN12_L43,1.0,1,0,1,1,0,0,0.2668181818181818,0.0325871547522727,0.8,283.72727272727275,6506.090909090909,,57.0,266.6363636363636,,,16.0,False,1.7823678267977678,0.1551493267023322,1.779776098422644,0.145455851337614,reconstructed_shortest,RECOVERING
CASE_062,S4_SAFETY_RICH_NAVEEN12,2.0,2026-03-01 01:22:29,S4_SAFETY_RICH_NAVEEN12_L43,1.0,1,0,1,1,0,0,0.29843495,0.0623881073522727,0.7,287.5,6606.0,,57.0,298.25,,,16.0,False,1.529636307077,0.430774055547269,1.5195831552240122,0.4311875096774065,reconstructed_shortest,RECOVERING
CASE_062,S4_SAFETY_RICH_NAVEEN12,3.0,2026-03-01 01:22:30,S4_SAFETY_RICH_NAVEEN12_L43,1.0,1,0,1,1,0,0,0.2972940181818181,0.0920749667704545,0.6,288.8181818181818,6637.727272727273,,57.0,297.0909090909091,,,16.0,False,1.235308869811663,0.7238616516423839,1.21979525471187,0.738771705257292,reconstructed_shortest,RECOVERING
CASE_062,S4_SAFETY_RICH_NAVEEN12,4.0,2026-03-01 01:22:31,S4_SAFETY_RICH_NAVEEN12_L43,1.0,1,0,1,1,0,0,0.29839241,0.1218716653704545,0.5,289.1,6635.8,,57.0,298.0,,,16.0,False,0.9783122946202288,0.9876772644949392,0.9782778415613634,0.9874871962069924,reconstructed_shortest,RECOVERING
CASE_062,S4_SAFETY_RICH_NAVEEN12,5.0,2026-03-01 01:22:32,S4_SAFETY_RICH_NAVEEN12_L43,1.0,1,0,1,1,0,0,0.29864765,0.1516938879704545,0.4,290.75,6672.666666666667,,58.0,298.5,,,16.0,False,0.6530423819766237,1.2818713607660674,0.65291843717746,1.2818553956933392,reconstructed_shortest,RECOVERING
CASE_063,S4_SAFETY_RICH_NAVEEN12,-15.0,2026-03-01 00:58:48,S4_SAFETY_RICH_NAVEEN12_L18,1.0,1,0,1,1,0,0,0.296791209090909,0.2454174172272727,0.0,290.45454545454544,6544.818181818182,,61.0,296.45454545454544,,,6.0,False,0.6963466487806543,0.9600622156590668,0.690289632722557,0.794022560928239,reconstructed_shortest,PROGRESS
CASE_063,S4_SAFETY_RICH_NAVEEN12,-14.0,2026-03-01 00:58:49,S4_SAFETY_RICH_NAVEEN12_L18,1.0,1,0,1,1,0,0,0.2980095,0.2453381326818181,0.0,291.6666666666667,6562.333333333333,,61.0,297.75,,,6.0,False,0.3878785469536357,1.043150819320254,0.3878785469536357,1.0172916369348273,reconstructed_shortest,PROGRESS
CASE_063,S4_SAFETY_RICH_NAVEEN12,-13.0,2026-03-01 00:58:50,S4_SAFETY_RICH_NAVEEN12_L18,1.0,1,0,1,1,0,0,0.141936919090909,0.2296361173181818,0.0,271.27272727272725,6093.181818181818,,62.0,142.0,,,6.0,False,0.1717705375069833,1.1354741525829952,0.1717705375069833,1.1320701612467226,reconstructed_shortest,PROGRESS
CASE_063,S4_SAFETY_RICH_NAVEEN12,-12.0,2026-03-01 00:58:51,S4_SAFETY_RICH_NAVEEN12_L18,1.0,1,0,1,1,0,0,0.09869837,0.2096798679545454,0.0,266.0,5978.333333333333,,62.0,99.0,,,6.0,False,0.065940557949138,1.1399678475135055,0.065940557949138,1.137351335683935,reconstructed_shortest,PROGRESS
CASE_063,S4_SAFETY_RICH_NAVEEN12,-11.0,2026-03-01 00:58:52,S4_SAFETY_RICH_NAVEEN12_L18,1.0,1,0,1,1,0,0,0.0358903163636363,0.184616597090909,0.0,241.45454545454547,5402.909090909091,,62.0,36.0,,,6.0,False,0.0080227022873492,0.9209534327033464,0.0080227022873492,0.915488343912862,reconstructed_shortest,PROGRESS
CASE_063,S4_SAFETY_RICH_NAVEEN12,-10.0,2026-03-01 00:58:53,S4_SAFETY_RICH_NAVEEN12_L18,1.0,1,0,1,1,0,0,0.0,0.1619685698181818,0.1,232.0,5184.0,,62.0,0.0,,,6.0,False,0.0034856137438906,0.6928610350367637,0.0034856137438906,0.6868040189786663,reconstructed_shortest,PROGRESS
CASE_063,S4_SAFETY_RICH_NAVEEN12,-9.0,2026-03-01 00:58:54,S4_SAFETY_RICH_NAVEEN12_L18,1.0,1,0,1,1,0,0,0.0,0.1458566043636363,0.2,232.0,5184.0,,62.0,0.0,,,6.0,False,0.0034856137438906,0.3843929332097451,0.0034856137438906,0.3843929332097451,reconstructed_shortest,PROGRESS
CASE_063,S4_SAFETY_RICH_NAVEEN12,-8.0,2026-03-01 00:58:55,S4_SAFETY_RICH_NAVEEN12_L18,1.0,1,0,1,1,0,0,0.0,0.1359635641818181,0.3,232.0,5187.818181818182,,62.0,0.0,,,6.0,False,0.0017633781223831,0.1700071593846002,0.0017633781223831,0.1700071593846002,reconstructed_shortest,PROGRESS
CASE_063,S4_SAFETY_RICH_NAVEEN12,-7.0,2026-03-01 00:58:56,S4_SAFETY_RICH_NAVEEN12_L18,1.0,1,0,1,1,0,0,0.0,0.1152415505454545,0.4,232.0,5184.0,,62.0,0.0,,,6.0,False,0.0029326276920672,0.0630079302570707,0.0029326276920672,0.0630079302570707,reconstructed_shortest,PROGRESS
CASE_063,S4_SAFETY_RICH_NAVEEN12,-6.0,2026-03-01 00:58:57,S4_SAFETY_RICH_NAVEEN12_L18,1.0,1,0,1,1,0,0,0.0,0.0871326314545454,0.5,232.0,5184.0,,62.0,0.0,,,6.0,False,0.0041243852145669,0.0038983170727823,0.0041243852145669,0.0038983170727823,reconstructed_shortest,PROGRESS
CASE_063,S4_SAFETY_RICH_NAVEEN12,-5.0,2026-03-01 00:58:58,S4_SAFETY_RICH_NAVEEN12_L18,1.0,1,0,1,1,0,0,0.0,0.0574535105454545,0.6,232.0,5184.0,,62.0,0.0,,,6.0,False,0.0034742297567233,1.1383987167284774e-05,0.0034742297567233,1.1383987167284774e-05,reconstructed_shortest,STALLED
CASE_063,S4_SAFETY_RICH_NAVEEN12,-4.0,2026-03-01 00:58:59,S4_SAFETY_RICH_NAVEEN12_L18,1.0,1,0,1,1,0,0,0.0,0.0276525605454545,0.7,232.0,5184.0,,62.0,0.0,,,6.0,False,0.0030250017699643,0.0004606119739263,0.0030250017699643,0.0004606119739263,reconstructed_shortest,STALLED
CASE_063,S4_SAFETY_RICH_NAVEEN12,-3.0,2026-03-01 00:59:00,S4_SAFETY_RICH_NAVEEN12_L18,1.0,1,0,1,1,0,0,0.0,0.0134588686363636,0.8,232.0,5184.0,,62.0,0.0,,,6.0,False,0.0034742297567233,-0.0017108516343402,0.0034742297567233,-0.0017108516343402,reconstructed_shortest,STALLED
CASE_063,S4_SAFETY_RICH_NAVEEN12,-2.0,2026-03-01 00:59:01,S4_SAFETY_RICH_NAVEEN12_L18,1.0,1,0,1,1,0,0,0.0,0.0035890316363636,0.9,232.0,5184.0,,62.0,0.0,,,6.0,False,0.0034742297567233,-0.0005416020646561,0.0034742297567233,-0.0005416020646561,reconstructed_shortest,STALLED
CASE_063,S4_SAFETY_RICH_NAVEEN12,-1.0,2026-03-01 00:59:02,S4_SAFETY_RICH_NAVEEN12_L18,1.0,1,0,1,1,0,0,0.0,0.0,1.0,232.0,5184.545454545455,,62.0,0.0,,,6.0,False,0.0019488173160731,0.0021755678984937,0.0019488173160731,0.0021755678984937,reconstructed_shortest,STALLED
CASE_063,S4_SAFETY_RICH_NAVEEN12,0.0,2026-03-01 00:59:03,S4_SAFETY_RICH_NAVEEN12_L18,1.0,1,0,1,1,0,0,0.0,0.0,1.0,232.0,5189.583333333333,,62.0,0.0,,,6.0,False,0.0022904767000802,0.0011837530566431,0.0022904767000802,0.0011837530566431,reconstructed_shortest,STALLED
CASE_063,S4_SAFETY_RICH_NAVEEN12,1.0,2026-03-01 00:59:04,S4_SAFETY_RICH_NAVEEN12_L19,1.0,1,0,1,1,0,0,0.0001546981818181,1.5469818181795976e-05,1.0,258.3636363636364,5800.363636363636,,62.0,0.1818181818181816,,,2.0,False,23.724733828266924,,21.96774777901832,,reconstructed_shortest,PROGRESS
CASE_063,S4_SAFETY_RICH_NAVEEN12,2.0,2026-03-01 00:59:05,S4_SAFETY_RICH_NAVEEN12_L19,1.0,1,0,1,1,0,0,0.000657471090909,8.121692727270506e-05,1.0,276.0,6199.636363636364,,61.0,0.7727272727272734,,,2.0,False,23.732523489665663,,21.977234159001306,,reconstructed_shortest,PROGRESS
CASE_063,S4_SAFETY_RICH_NAVEEN12,3.0,2026-03-01 00:59:06,S4_SAFETY_RICH_NAVEEN12_L19,1.0,1,0,1,1,0,0,0.000425424,0.0001237593272727,1.0,274.45454545454544,6162.181818181818,,61.0,0.5,,,2.0,False,23.73542940009945,,21.98012386291717,,reconstructed_shortest,PROGRESS
CASE_063,S4_SAFETY_RICH_NAVEEN12,4.0,2026-03-01 00:59:07,S4_SAFETY_RICH_NAVEEN12_L19,1.0,1,0,1,1,0,0,0.000425424,0.0001663017272727,1.0,274.6363636363636,6162.545454545455,,61.0,0.5,,,2.0,False,23.750623034648555,,21.94306979478228,,reconstructed_shortest,PROGRESS
CASE_063,S4_SAFETY_RICH_NAVEEN12,5.0,2026-03-01 00:59:08,S4_SAFETY_RICH_NAVEEN12_L19,1.0,1,0,1,1,0,0,0.000425424,0.0002088441272727,1.0,275.0,6174.5,,61.0,0.5,,,2.0,False,23.74485816301259,,21.941315035502033,,reconstructed_shortest,PROGRESS
CASE_064,S4_SAFETY_RICH_NAVEEN12,-15.0,2026-03-01 01:18:36,S4_SAFETY_RICH_NAVEEN12_L37,1.0,1,0,1,1,0,0,0.0,0.0,1.0,225.5,5112.7,,60.0,0.0,,,3.0,False,5.037157834805248,-0.0209434527858611,3.855494655300956,-0.0169896547366112,reconstructed_shortest,STALLED
CASE_064,S4_SAFETY_RICH_NAVEEN12,-14.0,2026-03-01 01:18:37,S4_SAFETY_RICH_NAVEEN12_L37,1.0,1,0,1,1,0,0,0.0,0.0,1.0,224.63636363636363,5101.545454545455,,60.0,0.0,,,3.0,False,5.106796728141845,-0.1547984329710985,3.919025711109217,-0.3170168296675983,reconstructed_shortest,STALLED
CASE_064,S4_SAFETY_RICH_NAVEEN12,-13.0,2026-03-01 01:18:38,S4_SAFETY_RICH_NAVEEN12_L37,1.0,1,0,1,1,0,0,0.0,0.0,1.0,224.0,5085.5,,60.0,0.0,,,3.0,False,5.187207641324739,-0.3085184206458295,3.991009702262503,-0.2869749403496406,reconstructed_shortest,STALLED
CASE_064,S4_SAFETY_RICH_NAVEEN12,-12.0,2026-03-01 01:18:39,S4_SAFETY_RICH_NAVEEN12_L37,1.0,1,0,1,1,0,0,0.0,0.0,1.0,224.36363636363637,5094.454545454545,,60.0,0.0,,,3.0,False,5.264761783171623,-0.0315237235353134,4.059569539494427,-0.0335113349384981,reconstructed_shortest,STALLED
CASE_064,S4_SAFETY_RICH_NAVEEN12,-11.0,2026-03-01 01:18:40,S4_SAFETY_RICH_NAVEEN12_L37,1.0,1,0,1,1,0,0,0.0,0.0,1.0,224.36363636363637,5094.454545454545,,59.0,0.0,,,3.0,False,5.33579617852943,-0.1268769801606675,4.1227847448380075,-0.1167573596414888,reconstructed_shortest,STALLED
CASE_064,S4_SAFETY_RICH_NAVEEN12,-10.0,2026-03-01 01:18:41,S4_SAFETY_RICH_NAVEEN12_L37,1.0,1,0,1,1,0,0,0.0,0.0,1.0,223.63636363636363,5076.545454545455,,59.0,0.0,,,3.0,False,5.341838380386619,-0.3046805455813715,4.12818930553719,-0.2726946502362342,reconstructed_shortest,STALLED
CASE_064,S4_SAFETY_RICH_NAVEEN12,-9.0,2026-03-01 01:18:42,S4_SAFETY_RICH_NAVEEN12_L37,1.0,1,0,1,1,0,0,0.0,0.0,1.0,224.36363636363637,5091.272727272727,,59.0,0.0,,,3.0,False,5.339497232371373,-0.2327005042295287,4.125955897138041,-0.2069301860288237,reconstructed_shortest,STALLED
CASE_064,S4_SAFETY_RICH_NAVEEN12,-8.0,2026-03-01 01:18:43,S4_SAFETY_RICH_NAVEEN12_L37,1.0,1,0,1,1,0,0,0.0,0.0,1.0,223.0,5060.5,,60.0,0.0,,,3.0,False,5.340664908400714,-0.153457267075975,4.126986441281457,-0.1359767390189543,reconstructed_shortest,STALLED
CASE_064,S4_SAFETY_RICH_NAVEEN12,-7.0,2026-03-01 01:18:44,S4_SAFETY_RICH_NAVEEN12_L37,1.0,1,0,1,1,0,0,0.0,0.0,1.0,224.54545454545453,5097.272727272727,,60.0,0.0,,,3.0,False,5.339698156103566,-0.0749363729319432,4.12612170084978,-0.0665521613553536,reconstructed_shortest,STALLED
CASE_064,S4_SAFETY_RICH_NAVEEN12,-6.0,2026-03-01 01:18:45,S4_SAFETY_RICH_NAVEEN12_L37,1.0,1,0,1,1,0,0,0.0,0.0,1.0,224.36363636363637,5096.909090909091,,60.0,0.0,,,3.0,False,5.339428580943786,-0.0036324024143565,4.125880577620429,-0.0030958327824217,reconstructed_shortest,STALLED
CASE_064,S4_SAFETY_RICH_NAVEEN12,-5.0,2026-03-01 01:18:46,S4_SAFETY_RICH_NAVEEN12_L37,1.0,1,0,1,1,0,0,0.0,0.0,1.0,224.0,5085.5,,60.0,0.0,,,3.0,False,5.339403792423342,0.0024345879632772,4.125858405507728,0.0023309000294622,reconstructed_shortest,STALLED
CASE_064,S4_SAFETY_RICH_NAVEEN12,-4.0,2026-03-01 01:18:47,S4_SAFETY_RICH_NAVEEN12_L37,1.0,1,0,1,1,0,0,0.0,0.0,1.0,224.36363636363637,5094.454545454545,,60.0,0.0,,,3.0,False,5.339182245021912,0.0003149873494612,4.125660243284824,0.0002956538532163,reconstructed_shortest,STALLED
CASE_064,S4_SAFETY_RICH_NAVEEN12,-3.0,2026-03-01 01:18:48,S4_SAFETY_RICH_NAVEEN12_L37,1.0,1,0,1,1,0,0,0.0,0.0,1.0,224.0,5085.5,,60.0,0.0,,,3.0,False,5.338185281715479,0.0024796266852353,4.124768536311586,0.0022179049698713,reconstructed_shortest,STALLED
CASE_064,S4_SAFETY_RICH_NAVEEN12,-2.0,2026-03-01 01:18:49,S4_SAFETY_RICH_NAVEEN12_L37,1.0,1,0,1,1,0,0,0.0,0.0,1.0,224.54545454545453,5097.454545454545,,59.0,0.0,,,3.0,False,5.341357437690504,-0.0016592815869378,4.127605916524548,-0.0014842156747674,reconstructed_shortest,STALLED
CASE_064,S4_SAFETY_RICH_NAVEEN12,-1.0,2026-03-01 01:18:50,S4_SAFETY_RICH_NAVEEN12_L37,1.0,1,0,1,1,0,0,0.0,0.0,1.0,225.0,5107.75,,59.0,0.0,,,3.0,False,5.343613193050521,-0.0041846121067345,4.12962384091644,-0.0037432632960108,reconstructed_shortest,STALLED
CASE_064,S4_SAFETY_RICH_NAVEEN12,0.0,2026-03-01 01:18:51,S4_SAFETY_RICH_NAVEEN12_L37,1.0,1,0,1,1,0,0,0.0,0.0,1.0,223.0909090909091,5057.909090909091,,60.0,0.0,,,3.0,False,5.344741070730529,-0.0053372783071869,4.130632875257917,-0.0047744697501892,reconstructed_shortest,STALLED
CASE_064,S4_SAFETY_RICH_NAVEEN12,1.0,2026-03-01 01:18:52,S4_SAFETY_RICH_NAVEEN12_L37,1.0,1,0,1,1,0,0,0.0,0.0,1.0,223.91666666666663,5092.916666666667,,60.0,0.0,,,3.0,False,5.341286945335498,-0.0021047003135858,4.127542859489621,-0.0018826162047966,reconstructed_shortest,STALLED
CASE_064,S4_SAFETY_RICH_NAVEEN12,2.0,2026-03-01 01:18:53,S4_SAFETY_RICH_NAVEEN12_L37,1.0,1,0,1,1,0,0,0.0,0.0,1.0,226.0,5138.5,,59.0,0.0,,,3.0,False,5.393371685317066,-0.0551864036015876,4.102041189043427,0.0227273472681588,reconstructed_shortest,STALLED
CASE_064,S4_SAFETY_RICH_NAVEEN12,3.0,2026-03-01 01:18:54,S4_SAFETY_RICH_NAVEEN12_L37,1.0,1,0,1,1,0,0,0.0,0.0,1.0,226.54545454545453,5149.0,,60.0,0.0,,,3.0,False,5.3924699643697815,-0.0511125266792777,4.099797222136516,0.0278086943880317,reconstructed_shortest,STALLED
CASE_064,S4_SAFETY_RICH_NAVEEN12,4.0,2026-03-01 01:18:55,S4_SAFETY_RICH_NAVEEN12_L37,1.0,1,0,1,1,0,0,0.0,0.0,1.0,224.36363636363637,5094.454545454545,,60.0,0.0,,,3.0,False,5.3411285603270295,0.0024846327234913,4.12821884914317,0.0014049917732696,reconstructed_shortest,STALLED
CASE_064,S4_SAFETY_RICH_NAVEEN12,5.0,2026-03-01 01:18:56,S4_SAFETY_RICH_NAVEEN12_L37,1.0,1,0,1,1,0,0,0.0,0.0,1.0,224.0,5085.5,,60.0,0.0,,,3.0,False,5.342229032105395,0.0025120386251336,4.129648557073714,0.0009843181842033,reconstructed_shortest,STALLED
CASE_065,S4_SAFETY_RICH_NAVEEN12,-15.0,2026-03-01 01:45:10,S4_SAFETY_RICH_NAVEEN12_L60,1.0,1,0,1,1,0,0,0.0,0.1677507982196969,0.2,226.0,5233.0,,56.0,0.0,,,4.0,False,0.0206982582842153,0.3777561842105342,0.0206982582842153,0.3777561842105342,reconstructed_shortest,PROGRESS
CASE_065,S4_SAFETY_RICH_NAVEEN12,-14.0,2026-03-01 01:45:11,S4_SAFETY_RICH_NAVEEN12_L60,1.0,1,0,1,1,0,0,0.0,0.1484152762196969,0.3,226.0,5233.0,,56.0,0.0,,,4.0,False,0.0206982582842153,0.1544449420132084,0.0206982582842153,0.1544449420132084,reconstructed_shortest,PROGRESS
CASE_065,S4_SAFETY_RICH_NAVEEN12,-13.0,2026-03-01 01:45:12,S4_SAFETY_RICH_NAVEEN12_L60,1.0,1,0,1,1,0,0,0.0,0.122325185310606,0.4,226.0,5233.0,,56.0,0.0,,,4.0,False,0.0203785746782607,0.0512146331629867,0.0203785746782607,0.0512146331629867,reconstructed_shortest,PROGRESS
CASE_065,S4_SAFETY_RICH_NAVEEN12,-12.0,2026-03-01 01:45:13,S4_SAFETY_RICH_NAVEEN12_L60,1.0,1,0,1,1,0,0,0.0,0.092673137810606,0.5,226.0,5233.0,,56.0,0.0,,,4.0,False,0.0199522882675447,-0.001628914171678,0.0199522882675447,-0.001628914171678,reconstructed_shortest,PROGRESS
CASE_065,S4_SAFETY_RICH_NAVEEN12,-11.0,2026-03-01 01:45:14,S4_SAFETY_RICH_NAVEEN12_L61,1.0,1,0,1,1,0,0,0.0,0.062939867810606,0.6,226.0,5233.0,,56.0,0.0,,,2.0,False,7.308977902380018,,5.351976233441016,,reconstructed_shortest,PROGRESS
CASE_065,S4_SAFETY_RICH_NAVEEN12,-10.0,2026-03-01 01:45:15,S4_SAFETY_RICH_NAVEEN12_L61,1.0,1,0,1,1,0,0,0.0,0.0333071550833333,0.7,236.5,5480.5,,55.0,0.0,,,2.0,False,7.308427549294391,,5.3512507346503595,,reconstructed_shortest,PROGRESS
CASE_065,S4_SAFETY_RICH_NAVEEN12,-9.0,2026-03-01 01:45:16,S4_SAFETY_RICH_NAVEEN12_L61,1.0,1,0,1,1,0,0,-0.0006026825,0.0155457021666666,0.8,269.0,6257.0,,55.0,-0.7083333333333357,,,2.0,False,7.304302396672144,,5.3469202902598285,,reconstructed_shortest,PROGRESS
CASE_065,S4_SAFETY_RICH_NAVEEN12,-8.0,2026-03-01 01:45:17,S4_SAFETY_RICH_NAVEEN12_L61,1.0,1,0,1,1,0,0,-0.000425424,0.0056545942666666,0.9,269.90909090909093,6279.454545454545,,55.0,-0.5,,,2.0,False,7.298347910258323,,5.341371521614123,,reconstructed_shortest,PROGRESS
CASE_065,S4_SAFETY_RICH_NAVEEN12,-7.0,2026-03-01 01:45:18,S4_SAFETY_RICH_NAVEEN12_L61,1.0,1,0,1,1,0,0,-0.000425424,-0.00014535305,1.0,269.90909090909093,6276.181818181818,,55.0,-0.5,,,2.0,False,7.297213468048994,,5.314204487002949,,reconstructed_shortest,PROGRESS
CASE_065,S4_SAFETY_RICH_NAVEEN12,-6.0,2026-03-01 01:45:19,S4_SAFETY_RICH_NAVEEN12_L61,1.0,1,0,1,1,0,0,-0.000425424,-0.00018789545,1.0,271.54545454545456,6312.727272727273,,55.0,-0.5,,,2.0,False,7.290075570292411,0.0189023320876078,5.333195430424146,0.0187808030168703,reconstructed_shortest,STALLED
CASE_065,S4_SAFETY_RICH_NAVEEN12,-5.0,2026-03-01 01:45:20,S4_SAFETY_RICH_NAVEEN12_L61,1.0,1,0,1,1,0,0,-0.000425424,-0.00023043785,1.0,268.8181818181818,6250.909090909091,,55.0,-0.5,,,2.0,False,7.316581709681669,-0.0081541603872778,5.357103143739581,-0.0058524090892211,reconstructed_shortest,STALLED
CASE_065,S4_SAFETY_RICH_NAVEEN12,-4.0,2026-03-01 01:45:21,S4_SAFETY_RICH_NAVEEN12_L61,1.0,1,0,1,1,0,0,-0.000425424,-0.00027298025,1.0,269.09090909090907,6262.545454545455,,55.0,-0.5,,,2.0,False,7.333731266731966,-0.0294288700598217,5.371699427804083,-0.0247791375442547,reconstructed_shortest,STALLED
CASE_065,S4_SAFETY_RICH_NAVEEN12,-3.0,2026-03-01 01:45:22,S4_SAFETY_RICH_NAVEEN12_L61,1.0,1,0,1,1,0,0,-0.000425424,-0.00031552265,1.0,269.3333333333333,6271.166666666667,,55.0,-0.5,,,2.0,False,7.326262636357908,-0.0279147260995857,5.365785789762639,-0.0244142681485159,reconstructed_shortest,STALLED
CASE_065,S4_SAFETY_RICH_NAVEEN12,-2.0,2026-03-01 01:45:23,S4_SAFETY_RICH_NAVEEN12_L61,1.0,1,0,1,1,0,0,-0.000425424,-0.00035806505,1.0,266.54545454545456,6199.818181818182,,55.0,-0.2272727272727266,,,2.0,False,7.327525048816894,-0.0303115807678997,5.36579273271252,-0.0515882457095706,reconstructed_shortest,STALLED
CASE_065,S4_SAFETY_RICH_NAVEEN12,-1.0,2026-03-01 01:45:24,S4_SAFETY_RICH_NAVEEN12_L61,1.0,1,0,1,1,0,0,-0.0006574749090909,-0.000423812540909,1.0,265.3636363636364,6180.0,,55.0,-0.5,,,2.0,False,7.324809302614527,-0.0347337323221168,5.3643751087672955,-0.0311796783431494,reconstructed_shortest,STALLED
CASE_065,S4_SAFETY_RICH_NAVEEN12,0.0,2026-03-01 01:45:25,S4_SAFETY_RICH_NAVEEN12_L61,1.0,1,0,1,1,0,0,-0.0004254235999999,-0.000466354900909,1.0,264.7,6151.4,,55.0,-0.5,,,2.0,False,7.319988295359922,-0.0034065856782525,5.360332601753831,-0.0032294580142506,reconstructed_shortest,STALLED
CASE_065,S4_SAFETY_RICH_NAVEEN12,1.0,2026-03-01 01:45:26,S4_SAFETY_RICH_NAVEEN12_L61,1.0,1,0,1,1,0,0,0.0867864891666666,0.0082725622657575,0.9,268.8333333333333,6258.666666666667,,54.0,86.83333333333333,,,2.0,False,7.293658445769912,0.0400728209620533,5.343066873599229,0.0286325542048544,reconstructed_shortest,PROGRESS
CASE_065,S4_SAFETY_RICH_NAVEEN12,2.0,2026-03-01 01:45:27,S4_SAFETY_RICH_NAVEEN12_L61,1.0,1,0,1,1,0,0,0.2793972,0.0362548246657575,0.8,283.5,6612.75,,54.0,279.375,,,2.0,False,7.084228136004758,0.2420345003531503,5.236224861588834,0.129560928173805,reconstructed_shortest,RECOVERING
CASE_065,S4_SAFETY_RICH_NAVEEN12,3.0,2026-03-01 01:45:28,S4_SAFETY_RICH_NAVEEN12_L61,1.0,1,0,1,1,0,0,0.2987636454545454,0.0661737316112121,0.7,287.54545454545456,6708.727272727273,,55.0,298.72727272727275,,,2.0,False,6.808467482023754,0.5190575667931405,5.105252123874552,0.2605406088379682,reconstructed_shortest,RECOVERING
CASE_065,S4_SAFETY_RICH_NAVEEN12,4.0,2026-03-01 01:45:29,S4_SAFETY_RICH_NAVEEN12_L61,1.0,1,0,1,1,0,0,0.2981835272727272,0.0960346267384848,0.6,286.90909090909093,6692.818181818182,,55.0,298.1363636363636,,,2.0,False,6.490904570765942,0.8339047318485857,4.976890293427618,0.3874848153396772,reconstructed_shortest,RECOVERING
CASE_065,S4_SAFETY_RICH_NAVEEN12,5.0,2026-03-01 01:45:30,S4_SAFETY_RICH_NAVEEN12_L61,1.0,1,0,1,1,0,0,0.29779675,0.1258568441384848,0.5,281.8333333333333,6573.916666666667,,55.0,297.5,,,2.0,False,6.223818180304328,1.0961701150555934,4.868187895556501,0.4921447061973305,reconstructed_shortest,RECOVERING
CASE_066,S4_SAFETY_RICH_NAVEEN12,-15.0,2026-03-01 01:13:11,S4_SAFETY_RICH_NAVEEN12_L32,1.0,1,0,1,1,0,0,0.2986862818181818,0.2974090665909091,0.0,290.09090909090907,6610.636363636364,,59.0,298.5454545454545,,,4.0,False,15.407666978419591,-1.4348525663305658,12.73689517481758,-1.4168617341210243,reconstructed_shortest,PROGRESS
CASE_066,S4_SAFETY_RICH_NAVEEN12,-14.0,2026-03-01 01:13:12,S4_SAFETY_RICH_NAVEEN12_L32,1.0,1,0,1,1,0,0,0.2983769363636364,0.2976585218939394,0.0,289.3636363636364,6589.363636363636,,59.0,298.1818181818182,,,4.0,False,15.673348941822242,-1.4387458266980335,12.996728184075604,-1.4176574499679866,reconstructed_shortest,PROGRESS
CASE_066,S4_SAFETY_RICH_NAVEEN12,-13.0,2026-03-01 01:13:13,S4_SAFETY_RICH_NAVEEN12_L32,1.0,1,0,1,1,0,0,0.29797405,0.2980127187121212,0.0,289.3333333333333,6594.083333333333,,59.0,297.70833333333337,,,4.0,False,15.96997832819669,-1.420823400871997,13.293496471344753,-1.4033987755233674,reconstructed_shortest,PROGRESS
CASE_066,S4_SAFETY_RICH_NAVEEN12,-12.0,2026-03-01 01:13:14,S4_SAFETY_RICH_NAVEEN12_L32,1.0,1,0,1,1,0,0,0.2182425236363636,0.2902912760757575,0.0,270.45454545454544,6151.363636363636,,60.0,218.1818181818182,,,4.0,False,16.2234983639152,-1.38735649136785,13.54427746383431,-1.3700828002015155,reconstructed_shortest,PROGRESS
CASE_066,S4_SAFETY_RICH_NAVEEN12,-11.0,2026-03-01 01:13:15,S4_SAFETY_RICH_NAVEEN12_L32,1.0,1,0,1,1,0,0,0.0128336233333333,0.2618800484090909,0.1,237.83333333333337,5398.666666666667,,60.0,12.833333333333334,,,4.0,False,16.352413462556083,-1.2403947764174923,13.674207884093882,-1.2310518138692164,reconstructed_shortest,PROGRESS
CASE_066,S4_SAFETY_RICH_NAVEEN12,-10.0,2026-03-01 01:13:16,S4_SAFETY_RICH_NAVEEN12_L32,1.0,1,0,1,1,0,0,0.0,0.2321322742424242,0.2,235.25,5340.25,,60.0,0.0,,,4.0,False,16.35956157161563,-0.9518945931960374,13.682013578474225,-0.9451184036566432,reconstructed_shortest,PROGRESS
CASE_066,S4_SAFETY_RICH_NAVEEN12,-9.0,2026-03-01 01:13:17,S4_SAFETY_RICH_NAVEEN12_L32,1.0,1,0,1,1,0,0,0.0,0.2023293906060606,0.3,225.72727272727272,5113.818181818182,,60.0,0.0,,,4.0,False,16.359330466936918,-0.6859815251146753,13.681779806994903,-0.6850516229192998,reconstructed_shortest,PROGRESS
CASE_066,S4_SAFETY_RICH_NAVEEN12,-8.0,2026-03-01 01:13:18,S4_SAFETY_RICH_NAVEEN12_L32,1.0,1,0,1,1,0,0,0.0,0.1724104806060605,0.4,224.5,5085.5,,60.0,0.0,,,4.0,False,16.35871418779368,-0.3887358595969896,13.68115641681887,-0.3876599454741178,reconstructed_shortest,PROGRESS
CASE_066,S4_SAFETY_RICH_NAVEEN12,-7.0,2026-03-01 01:13:19,S4_SAFETY_RICH_NAVEEN12_L32,1.0,1,0,1,1,0,0,0.0,0.1424761015151515,0.5,224.5,5085.5,,60.0,0.0,,,4.0,False,16.357866803971735,-0.1343684400565337,13.680299256361224,-0.1360217925269147,reconstructed_shortest,PROGRESS
CASE_066,S4_SAFETY_RICH_NAVEEN12,-6.0,2026-03-01 01:13:20,S4_SAFETY_RICH_NAVEEN12_L32,1.0,1,0,1,1,0,0,0.0,0.1126113415151514,0.6,224.5,5085.5,,60.0,0.0,,,4.0,False,16.357654958016248,-0.0052414954601651,13.680084966433984,-0.0058770823401008,reconstructed_shortest,STALLED
CASE_066,S4_SAFETY_RICH_NAVEEN12,-5.0,2026-03-01 01:13:21,S4_SAFETY_RICH_NAVEEN12_L32,1.0,1,0,1,1,0,0,0.0,0.0827427133333333,0.7,224.0909090909091,5076.545454545455,,60.0,0.0,,,4.0,False,16.358290495882706,0.001271075732923,13.68072783644032,0.001285742033902,reconstructed_shortest,STALLED
CASE_066,S4_SAFETY_RICH_NAVEEN12,-4.0,2026-03-01 01:13:22,S4_SAFETY_RICH_NAVEEN12_L32,1.0,1,0,1,1,0,0,0.0,0.0529050196969696,0.8,224.5,5085.5,,60.0,0.0,,,4.0,False,16.38022192141521,-0.0208914544782921,13.684709351348149,-0.0029295443532415,reconstructed_shortest,STALLED
CASE_066,S4_SAFETY_RICH_NAVEEN12,-3.0,2026-03-01 01:13:23,S4_SAFETY_RICH_NAVEEN12_L32,1.0,1,0,1,1,0,0,0.0,0.0231076146969696,0.9,224.0,5073.166666666667,,60.0,0.0,,,4.0,False,16.36877710489931,-0.0100629171056283,13.683492696518943,-0.0023362797000725,reconstructed_shortest,STALLED
CASE_066,S4_SAFETY_RICH_NAVEEN12,-2.0,2026-03-01 01:13:24,S4_SAFETY_RICH_NAVEEN12_L32,1.0,1,0,1,1,0,0,0.0,0.0012833623333333,1.0,225.72727272727272,5105.545454545455,,60.0,0.0,,,4.0,False,16.357782023289893,8.47806818420338e-05,13.681215873125952,-0.0009166167647265,reconstructed_shortest,STALLED
CASE_066,S4_SAFETY_RICH_NAVEEN12,-1.0,2026-03-01 01:13:25,S4_SAFETY_RICH_NAVEEN12_L32,1.0,1,0,1,1,0,0,0.0,0.0,1.0,225.1818181818182,5096.090909090909,,60.0,0.0,,,4.0,False,16.356815990870835,0.0008389671454125,13.680280759957329,-0.0001957935233445,reconstructed_shortest,STALLED
CASE_066,S4_SAFETY_RICH_NAVEEN12,0.0,2026-03-01 01:13:26,S4_SAFETY_RICH_NAVEEN12_L32,1.0,1,0,1,1,0,0,0.0,0.0,1.0,224.5,5085.5,,60.0,0.0,,,4.0,False,16.35595058682876,0.0023399090539442,13.679443055617682,0.0012847808226386,reconstructed_shortest,STALLED
CASE_066,S4_SAFETY_RICH_NAVEEN12,1.0,2026-03-01 01:13:27,S4_SAFETY_RICH_NAVEEN12_L32,1.0,1,0,1,1,0,0,0.0,0.0,1.0,224.5,5087.083333333333,,60.0,0.0,,,4.0,False,16.35650404290218,0.0237178785130289,13.67997879663361,0.0047305547145359,reconstructed_shortest,STALLED
CASE_066,S4_SAFETY_RICH_NAVEEN12,2.0,2026-03-01 01:13:28,S4_SAFETY_RICH_NAVEEN12_L32,1.0,1,0,1,1,0,0,0.0,0.0,1.0,224.5,5086.0,,60.0,0.0,,,4.0,False,16.3570574989756,0.0117196059237087,13.680514538116212,0.0029781584027297,reconstructed_shortest,STALLED
CASE_066,S4_SAFETY_RICH_NAVEEN12,3.0,2026-03-01 01:13:29,S4_SAFETY_RICH_NAVEEN12_L32,1.0,1,0,1,1,0,0,0.0,0.0,1.0,225.72727272727272,5115.272727272727,,60.0,0.0,,,4.0,False,16.10391110235136,0.2538709209385317,13.420248233346207,0.2609676397797447,reconstructed_shortest,PROGRESS
CASE_066,S4_SAFETY_RICH_NAVEEN12,4.0,2026-03-01 01:13:30,S4_SAFETY_RICH_NAVEEN12_L32,1.0,1,0,1,1,0,0,0.0,0.0,1.0,224.0909090909091,5076.545454545455,,60.0,0.0,,,4.0,False,16.19316186579956,0.1636541250712753,13.515312369912436,0.1649683900448924,reconstructed_shortest,PROGRESS
CASE_066,S4_SAFETY_RICH_NAVEEN12,5.0,2026-03-01 01:13:31,S4_SAFETY_RICH_NAVEEN12_L32,1.0,1,0,1,1,0,0,0.0,0.0,1.0,224.0909090909091,5071.363636363636,,60.0,0.0,,,4.0,False,16.261453298359303,0.0944972884694586,13.584378151963298,0.095064903654384,reconstructed_shortest,PROGRESS
CASE_067,S1_LOW_SOC_STRESS,-15.0,2026-06-22 15:34:47,S1_LOW_SOC_STRESS_L156,25.0,0,0,1,1,0,0,0.0,0.166042985767126,0.1,273.0,,42871.0,54.0,,,,2.0,True,6.725689272132136,,4.754177755097508,,recorded,INACTIVE
CASE_067,S1_LOW_SOC_STRESS,-14.0,2026-06-22 15:34:48,S1_LOW_SOC_STRESS_L156,25.0,0,0,1,0,1,1,0.0,0.1559604376554488,0.2,273.0,,42871.0,54.0,,,,2.0,True,6.725689272132136,,4.754177755097508,,recorded,INACTIVE
CASE_067,S1_LOW_SOC_STRESS,-13.0,2026-06-22 15:34:49,S1_LOW_SOC_STRESS_L156,25.0,1,0,1,1,0,0,0.2901391386985779,0.1748918034136294,0.2,278.0,,42853.0,54.0,,,,2.0,False,6.845986511182446,,4.677387268235824,,recorded,PROGRESS
CASE_067,S1_LOW_SOC_STRESS,-12.0,2026-06-22 15:34:50,S1_LOW_SOC_STRESS_L156,25.0,1,0,1,1,0,0,0.2986476421356201,0.1779548533260821,0.2,279.0,,42849.0,54.0,,,,2.0,False,7.301907239952401,,4.425031482415374,,recorded,PROGRESS
CASE_067,S1_LOW_SOC_STRESS,-11.0,2026-06-22 15:34:51,S1_LOW_SOC_STRESS_L156,25.0,1,0,1,0,1,1,0.2986476421356201,0.1779123105108737,0.2,279.0,,42849.0,54.0,,,,2.0,False,7.301907239952401,,4.425031482415374,,recorded,PROGRESS
CASE_067,S1_LOW_SOC_STRESS,-10.0,2026-06-22 15:34:52,S1_LOW_SOC_STRESS_L156,25.0,1,0,1,1,0,0,0.2990730702877044,0.1779123105108737,0.2,278.0,,42853.0,54.0,,,,2.0,False,5.664407006822683,1.0612822653094538,4.191416363714148,0.5627613913833605,recorded,PROGRESS
CASE_067,S1_LOW_SOC_STRESS,-9.0,2026-06-22 15:34:53,S1_LOW_SOC_STRESS_L156,25.0,1,0,1,1,0,0,0.2986476421356201,0.1782101072371005,0.2,285.0,,42787.0,54.0,,,,2.0,False,5.400786439364452,1.3249028327676848,4.084135212324015,0.6700425427734933,recorded,PROGRESS
CASE_067,S1_LOW_SOC_STRESS,-8.0,2026-06-22 15:34:54,S1_LOW_SOC_STRESS_L156,25.0,1,0,1,1,0,0,0.2990730702877044,0.1982050359249115,0.2,285.0,,42853.0,54.0,,,,2.0,False,4.939915622708775,1.9060708884736703,3.932910939694215,0.7444763285416087,recorded,PROGRESS
CASE_067,S1_LOW_SOC_STRESS,-7.0,2026-06-22 15:34:55,S1_LOW_SOC_STRESS_L156,25.0,1,0,1,0,1,1,0.2990730702877044,0.2181999646127224,0.2,285.0,,42853.0,54.0,,,,2.0,False,4.939915622708775,2.3619916172436257,3.932910939694215,0.4921205427211585,recorded,PROGRESS
CASE_067,S1_LOW_SOC_STRESS,-6.0,2026-06-22 15:34:56,S1_LOW_SOC_STRESS_L156,25.0,1,0,1,1,0,0,0.2986476421356201,0.2381948918104171,0.2,277.0,,42836.0,54.0,,,,2.0,False,5.002968401181709,2.2989388387706917,3.833873904010927,0.5911575784044469,recorded,PROGRESS
CASE_067,S1_LOW_SOC_STRESS,-5.0,2026-06-22 15:34:57,S1_LOW_SOC_STRESS_L156,25.0,1,0,1,1,0,0,0.1412407755851745,0.2523189693689346,0.1,271.0,,42853.0,54.0,,,,2.0,False,4.119171563840868,1.5452354429818147,3.780336680110579,0.4110796836035688,recorded,PROGRESS
CASE_067,S1_LOW_SOC_STRESS,-4.0,2026-06-22 15:34:58,S1_LOW_SOC_STRESS_L156,25.0,1,0,1,0,1,1,0.1412407755851745,0.266443046927452,0.0,271.0,,42853.0,54.0,,,,2.0,False,4.119171563840868,1.2816148755235837,3.780336680110579,0.303798532213436,recorded,PROGRESS
CASE_067,S1_LOW_SOC_STRESS,-3.0,2026-06-22 15:34:59,S1_LOW_SOC_STRESS_L156,25.0,1,0,1,1,0,0,0.0965712442994117,0.2470862574875354,0.0,273.0,,42853.0,54.0,,,,2.0,False,3.8282501343817,1.1116654883270751,3.6666641345812185,0.2662468051129969,recorded,PROGRESS
CASE_067,S1_LOW_SOC_STRESS,-2.0,2026-06-22 15:35:00,S1_LOW_SOC_STRESS_L156,25.0,1,0,1,1,0,0,0.1642136722803115,0.2336428605020045,0.0,281.0,,42783.0,54.0,,,,2.0,False,3.634593798425598,1.305321824283178,3.5546665856035298,0.3782443540906857,recorded,PROGRESS
CASE_067,S1_LOW_SOC_STRESS,-1.0,2026-06-22 15:35:01,S1_LOW_SOC_STRESS_L156,25.0,1,0,1,0,1,1,0.1642136722803115,0.2201994635164737,0.0,281.0,,42783.0,54.0,,,,2.0,False,3.634593798425598,1.368374602756112,3.5546665856035298,0.2792073184073973,recorded,PROGRESS
CASE_067,S1_LOW_SOC_STRESS,0.0,2026-06-22 15:35:02,S1_LOW_SOC_STRESS_L156,25.0,1,0,1,1,0,0,0.2803544402122497,0.2183276005089282,0.0,278.0,,42853.0,54.0,,,,2.0,False,3.8854520815415374,0.2337194822993304,3.1605049625142865,0.6198317175962926,recorded,PROGRESS
CASE_067,S1_LOW_SOC_STRESS,1.0,2026-06-22 15:35:03,S1_LOW_SOC_STRESS_L156,25.0,1,0,1,1,0,0,0.297371357679367,0.2181999720633029,0.0,285.0,,42783.0,54.0,,,,2.0,False,4.206417200271344,-0.0872456364304756,2.8364675203060656,0.9438691598045136,recorded,PROGRESS
CASE_067,S1_LOW_SOC_STRESS,2.0,2026-06-22 15:35:04,S1_LOW_SOC_STRESS_L156,25.0,1,0,1,0,1,1,0.297371357679367,0.2180298008024691,0.0,285.0,,42783.0,54.0,,,,2.0,False,4.206417200271344,-0.3781670658896434,2.8364675203060656,0.8301966142751529,recorded,PROGRESS
CASE_067,S1_LOW_SOC_STRESS,3.0,2026-06-22 15:35:05,S1_LOW_SOC_STRESS_L156,25.0,1,0,1,1,0,0,0.2952442467212677,0.2176469184458255,0.0,275.0,,42853.0,54.0,,,,2.0,False,4.660629769059633,-1.0260359706340356,2.3813243140089746,1.1733422715945552,recorded,PROGRESS
CASE_067,S1_LOW_SOC_STRESS,4.0,2026-06-22 15:35:06,S1_LOW_SOC_STRESS_L156,25.0,1,0,1,1,0,0,0.2977967858314514,0.2175618328154086,0.0,274.0,,42838.0,54.0,,,,2.0,False,5.053621585365797,-1.4190277869402,1.9882217756460656,1.566444809957464,recorded,PROGRESS
CASE_067,S1_LOW_SOC_STRESS,5.0,2026-06-22 15:35:07,S1_LOW_SOC_STRESS_L156,25.0,1,0,1,0,1,1,0.2977967858314514,0.2332174338400363,0.0,274.0,,42838.0,54.0,,,,2.0,False,5.053621585365797,-1.16816950382426,1.9882217756460656,1.1722831868682206,recorded,PROGRESS
CASE_068,S4_SAFETY_RICH_NAVEEN12,-15.0,2026-03-01 01:35:33,S4_SAFETY_RICH_NAVEEN12_L56,1.0,1,0,1,1,0,0,0.2965591999999999,0.2067837778333333,0.0,285.0,6609.909090909091,,56.0,296.27272727272725,,,14.0,False,15.177250199792486,0.972343551268068,14.599398532391216,0.93282425768807,reconstructed_shortest,PROGRESS
CASE_068,S4_SAFETY_RICH_NAVEEN12,-14.0,2026-03-01 01:35:34,S4_SAFETY_RICH_NAVEEN12_L56,1.0,1,0,1,1,0,0,0.295456925,0.2264712391515151,0.0,286.0,6635.25,,56.0,295.125,,,14.0,False,14.89822760675312,1.2057743181698104,14.333019438993418,1.1519049257917402,reconstructed_shortest,PROGRESS
CASE_068,S4_SAFETY_RICH_NAVEEN12,-13.0,2026-03-01 01:35:35,S4_SAFETY_RICH_NAVEEN12_L56,1.0,1,0,1,1,0,0,0.2962497909090908,0.2340128482424242,0.0,287.54545454545456,6678.727272727273,,56.0,295.9545454545455,,,14.0,False,14.589816163702688,1.361967903469539,14.03420065492466,1.372908039744905,reconstructed_shortest,PROGRESS
CASE_068,S4_SAFETY_RICH_NAVEEN12,-12.0,2026-03-01 01:35:36,S4_SAFETY_RICH_NAVEEN12_L56,1.0,1,0,1,1,0,0,0.1079803272727272,0.2185303134696969,0.0,254.63636363636363,5887.272727272727,,57.0,107.8181818181818,,,14.0,False,14.383706425153456,1.393842605549528,13.83019916879887,1.3665910591885684,reconstructed_shortest,PROGRESS
CASE_068,S4_SAFETY_RICH_NAVEEN12,-11.0,2026-03-01 01:35:37,S4_SAFETY_RICH_NAVEEN12_L56,1.0,1,0,1,1,0,0,0.0,0.1925059661969697,0.1,235.58333333333337,5428.083333333333,,57.0,0.0,,,14.0,False,14.31920800970988,1.1743243023943393,13.770845313033998,1.13145230634575,reconstructed_shortest,PROGRESS
CASE_068,S4_SAFETY_RICH_NAVEEN12,-10.0,2026-03-01 01:35:38,S4_SAFETY_RICH_NAVEEN12_L56,1.0,1,0,1,1,0,0,0.0,0.1813563088636363,0.2,229.5,5293.5,,57.0,0.0,,,14.0,False,14.319761447490109,0.8574887523023786,13.7713868535613,0.828011678829915,reconstructed_shortest,PROGRESS
CASE_068,S4_SAFETY_RICH_NAVEEN12,-9.0,2026-03-01 01:35:39,S4_SAFETY_RICH_NAVEEN12_L56,1.0,1,0,1,1,0,0,0.0,0.1701286621969697,0.3,221.16666666666663,5089.333333333333,,57.0,0.0,,,14.0,False,14.319761447490109,0.5784661592630123,13.7713868535613,0.5616325854321182,reconstructed_shortest,PROGRESS
CASE_068,S4_SAFETY_RICH_NAVEEN12,-8.0,2026-03-01 01:35:40,S4_SAFETY_RICH_NAVEEN12_L56,1.0,1,0,1,1,0,0,0.0,0.1530478871969696,0.4,221.0,5085.5,,57.0,0.0,,,14.0,False,14.319761447490109,0.2700547162125808,13.7713868535613,0.2628138013633592,reconstructed_shortest,PROGRESS
CASE_068,S4_SAFETY_RICH_NAVEEN12,-7.0,2026-03-01 01:35:41,S4_SAFETY_RICH_NAVEEN12_L56,1.0,1,0,1,1,0,0,0.0,0.1272849188636363,0.5,220.0909090909091,5059.909090909091,,57.0,0.0,,,14.0,False,14.319761447490109,0.0639449776633469,13.7713868535613,0.0588123152375708,reconstructed_shortest,PROGRESS
CASE_068,S4_SAFETY_RICH_NAVEEN12,-6.0,2026-03-01 01:35:42,S4_SAFETY_RICH_NAVEEN12_L56,1.0,1,0,1,1,0,0,0.0,0.0996246243181818,0.6,222.5,5125.75,,57.0,0.0,,,14.0,False,14.348066329246048,-0.0288583195361695,13.800848740079983,-0.0300034270459867,reconstructed_shortest,STALLED
CASE_068,S4_SAFETY_RICH_NAVEEN12,-5.0,2026-03-01 01:35:43,S4_SAFETY_RICH_NAVEEN12_L56,1.0,1,0,1,1,0,0,0.0,0.0699687043181818,0.7,221.36363636363637,5098.0,,57.0,0.0,,,14.0,False,14.323510241503662,-0.0037487940135552,13.776946588519348,-0.005559734958048,reconstructed_shortest,STALLED
CASE_068,S4_SAFETY_RICH_NAVEEN12,-4.0,2026-03-01 01:35:44,S4_SAFETY_RICH_NAVEEN12_L56,1.0,1,0,1,1,0,0,0.0,0.0404230118181818,0.8,221.36363636363637,5099.909090909091,,57.0,0.0,,,14.0,False,14.321122134885035,-0.0013606873949285,13.77252849290989,-0.0011416393485905,reconstructed_shortest,STALLED
CASE_068,S4_SAFETY_RICH_NAVEEN12,-3.0,2026-03-01 01:35:45,S4_SAFETY_RICH_NAVEEN12_L56,1.0,1,0,1,1,0,0,0.0,0.0107980327272727,0.9,222.45454545454547,5119.545454545455,,57.0,0.0,,,14.0,False,14.320638763101822,-0.0008773156117154,13.772055512008146,-0.0006686584468464,reconstructed_shortest,STALLED
CASE_068,S4_SAFETY_RICH_NAVEEN12,-2.0,2026-03-01 01:35:46,S4_SAFETY_RICH_NAVEEN12_L56,1.0,1,0,1,1,0,0,0.0,0.0,1.0,221.5,5092.5,,57.0,0.0,,,14.0,False,14.320638763101822,-0.0008773156117136,13.772055512008146,-0.0006686584468464,reconstructed_shortest,STALLED
CASE_068,S4_SAFETY_RICH_NAVEEN12,-1.0,2026-03-01 01:35:47,S4_SAFETY_RICH_NAVEEN12_L56,1.0,1,0,1,1,0,0,0.0,0.0,1.0,221.08333333333337,5086.666666666667,,57.0,0.0,,,14.0,False,14.320638763101822,0.027427566144226,13.772055512008146,0.028793228071839,reconstructed_shortest,STALLED
CASE_068,S4_SAFETY_RICH_NAVEEN12,0.0,2026-03-01 01:35:48,S4_SAFETY_RICH_NAVEEN12_L56,1.0,1,0,1,1,0,0,0.0,0.0,1.0,220.33333333333337,5069.083333333333,,57.0,0.0,,,14.0,False,14.320638763101822,0.0028714784018397,13.772055512008146,0.0048910765112015,reconstructed_shortest,STALLED
CASE_068,S4_SAFETY_RICH_NAVEEN12,1.0,2026-03-01 01:35:49,S4_SAFETY_RICH_NAVEEN12_L56,1.0,1,0,1,1,0,0,0.0,0.0,1.0,220.0909090909091,5059.636363636364,,57.0,0.0,,,14.0,False,14.330763484940547,-0.0096413500555119,13.782138685646958,-0.0096101927370675,reconstructed_shortest,STALLED
CASE_068,S4_SAFETY_RICH_NAVEEN12,2.0,2026-03-01 01:35:50,S4_SAFETY_RICH_NAVEEN12_L56,1.0,1,0,1,1,0,0,0.0,0.0,1.0,221.5,5091.0,,57.0,0.0,,,14.0,False,14.320062979069586,0.000575784032236,13.77170734012399,0.0003481718841555,reconstructed_shortest,STALLED
CASE_068,S4_SAFETY_RICH_NAVEEN12,3.0,2026-03-01 01:35:51,S4_SAFETY_RICH_NAVEEN12_L56,1.0,1,0,1,1,0,0,0.0,0.0,1.0,221.36363636363637,5096.363636363636,,57.0,0.0,,,14.0,False,14.318997159528676,0.0016416035731463,13.771856290930122,0.0001992210780237,reconstructed_shortest,STALLED
CASE_068,S4_SAFETY_RICH_NAVEEN12,4.0,2026-03-01 01:35:52,S4_SAFETY_RICH_NAVEEN12_L56,1.0,1,0,1,1,0,0,0.0,0.0,1.0,221.9090909090909,5105.909090909091,,57.0,0.0,,,14.0,False,14.319099344642453,0.0015394184593695,13.77240325262925,-0.0003477406211036,reconstructed_shortest,STALLED
CASE_068,S4_SAFETY_RICH_NAVEEN12,5.0,2026-03-01 01:35:53,S4_SAFETY_RICH_NAVEEN12_L56,1.0,1,0,1,1,0,0,0.0,0.0,1.0,222.0,5105.0,,57.0,0.0,,,14.0,False,14.388028389528053,-0.0673896264262303,13.838119245692996,-0.0660637336848495,reconstructed_shortest,STALLED
CASE_069,S5_REAL_TMS_JULY10,-15.0,2026-07-10 10:32:42,S5_REAL_TMS_JULY10_L159,14.0,1,0,1,1,0,0,0.0,0.1982901245355605,0.1,259.0,,44751.0,63.0,,,,2.0,False,6.731940405697117,,4.762320704273681,,recorded,PROGRESS
CASE_069,S5_REAL_TMS_JULY10,-14.0,2026-07-10 10:32:43,S5_REAL_TMS_JULY10_L159,14.0,1,0,1,0,1,1,0.0,0.1887180857360363,0.2,259.0,,44751.0,63.0,,,,2.0,False,6.731940405697117,,4.762320704273681,,recorded,PROGRESS
CASE_069,S5_REAL_TMS_JULY10,-13.0,2026-07-10 10:32:44,S5_REAL_TMS_JULY10_L159,14.0,1,0,1,1,0,0,0.1629373878240585,0.1946314789354801,0.2,289.0,,44652.0,62.0,,,,2.0,False,6.86241743368919,,4.673572091715472,,recorded,PROGRESS
CASE_069,S5_REAL_TMS_JULY10,-12.0,2026-07-10 10:32:45,S5_REAL_TMS_JULY10_L159,14.0,1,0,1,0,1,1,0.1629373878240585,0.1856550328433513,0.2,289.0,,44652.0,62.0,,,,2.0,False,6.86241743368919,,4.673572091715472,,recorded,PROGRESS
CASE_069,S5_REAL_TMS_JULY10,-11.0,2026-07-10 10:32:46,S5_REAL_TMS_JULY10_L159,14.0,1,0,1,1,0,0,0.297371357679367,0.1901219837367534,0.2,293.0,,44545.0,62.0,,,,2.0,False,7.314925568823679,,4.413233703984635,,recorded,PROGRESS
CASE_069,S5_REAL_TMS_JULY10,-10.0,2026-07-10 10:32:47,S5_REAL_TMS_JULY10_L159,14.0,1,0,1,0,1,1,0.297371357679367,0.1905048631131649,0.2,293.0,,44545.0,62.0,,,,2.0,False,7.314925568823679,-0.5829851631265628,4.413233703984635,0.349087000289046,recorded,PROGRESS
CASE_069,S5_REAL_TMS_JULY10,-9.0,2026-07-10 10:32:48,S5_REAL_TMS_JULY10_L159,14.0,1,0,1,1,0,0,0.2990730702877044,0.19105791375041,0.2,282.0,,44611.0,62.0,,,,2.0,False,5.659296846187809,1.0726435595093076,4.189519030970938,0.5728016733027435,recorded,PROGRESS
CASE_069,S5_REAL_TMS_JULY10,-8.0,2026-07-10 10:32:49,S5_REAL_TMS_JULY10_L159,14.0,1,0,1,1,0,0,0.2977967858314514,0.1912280820310115,0.2,282.0,,44611.0,62.0,,,,2.0,False,5.219546387776575,1.6428710459126157,4.01325597701887,0.6603161146966015,recorded,PROGRESS
CASE_069,S5_REAL_TMS_JULY10,-7.0,2026-07-10 10:32:50,S5_REAL_TMS_JULY10_L159,14.0,1,0,1,0,1,1,0.2977967858314514,0.191398250311613,0.2,282.0,,44611.0,62.0,,,,2.0,False,5.219546387776575,1.6428710459126157,4.01325597701887,0.6603161146966015,recorded,PROGRESS
CASE_069,S5_REAL_TMS_JULY10,-6.0,2026-07-10 10:32:51,S5_REAL_TMS_JULY10_L159,14.0,1,0,1,1,0,0,0.2905645668506622,0.210584869980812,0.2,283.0,,44611.0,62.0,,,,2.0,False,4.860676792363743,2.454248776459936,3.83259345722471,0.5806402467599252,recorded,PROGRESS
CASE_069,S5_REAL_TMS_JULY10,-5.0,2026-07-10 10:32:52,S5_REAL_TMS_JULY10_L159,14.0,1,0,1,0,1,1,0.2905645668506622,0.2396413266658782,0.1,283.0,,44611.0,62.0,,,,2.0,False,4.860676792363743,2.454248776459936,3.83259345722471,0.5806402467599252,recorded,PROGRESS
CASE_069,S5_REAL_TMS_JULY10,-4.0,2026-07-10 10:32:53,S5_REAL_TMS_JULY10_L159,14.0,1,0,1,1,0,0,0.2901391386985779,0.268655240535736,0.0,275.0,,44632.0,62.0,,,,2.0,False,4.164932340801137,1.494364505386672,3.796626283981828,0.3928927469891095,recorded,PROGRESS
CASE_069,S5_REAL_TMS_JULY10,-3.0,2026-07-10 10:32:54,S5_REAL_TMS_JULY10_L159,14.0,1,0,1,0,1,1,0.2901391386985779,0.2813754156231879,0.0,275.0,,44632.0,62.0,,,,2.0,False,4.164932340801137,1.0546140469754377,3.796626283981828,0.2166296930370421,recorded,PROGRESS
CASE_069,S5_REAL_TMS_JULY10,-2.0,2026-07-10 10:32:55,S5_REAL_TMS_JULY10_L159,14.0,1,0,1,1,0,0,0.0914661511778831,0.2742282919585704,0.0,284.0,,44611.0,62.0,,,,2.0,False,3.9021006503012767,1.317445737475298,3.718132944201877,0.2951230328169938,recorded,PROGRESS
CASE_069,S5_REAL_TMS_JULY10,-1.0,2026-07-10 10:32:56,S5_REAL_TMS_JULY10_L159,14.0,1,0,1,1,0,0,0.2416408210992813,0.2686552383005619,0.0,288.0,,44558.0,62.0,,,,2.0,False,3.560579681446644,1.3000971109170991,3.484549094776897,0.3480443624478129,recorded,PROGRESS
CASE_069,S5_REAL_TMS_JULY10,0.0,2026-07-10 10:32:57,S5_REAL_TMS_JULY10_L159,14.0,1,0,1,0,1,1,0.2416408210992813,0.2630821846425533,0.0,288.0,,44558.0,62.0,,,,2.0,False,3.560579681446644,1.3000971109170991,3.484549094776897,0.3480443624478129,recorded,PROGRESS
CASE_069,S5_REAL_TMS_JULY10,1.0,2026-07-10 10:32:58,S5_REAL_TMS_JULY10_L159,14.0,1,0,1,1,0,0,0.2888628840446472,0.2620611660182476,0.0,285.0,,44611.0,62.0,,,,2.0,False,3.9021621485743023,0.2627701922268342,3.1435005581328404,0.6531257258489878,recorded,PROGRESS
CASE_069,S5_REAL_TMS_JULY10,2.0,2026-07-10 10:32:59,S5_REAL_TMS_JULY10_L159,14.0,1,0,1,0,1,1,0.2888628840446472,0.2611677758395672,0.0,285.0,,44611.0,62.0,,,,2.0,False,3.9021621485743023,0.2627701922268342,3.1435005581328404,0.6531257258489878,recorded,PROGRESS
CASE_069,S5_REAL_TMS_JULY10,3.0,2026-07-10 10:33:00,S5_REAL_TMS_JULY10_L159,14.0,1,0,1,1,0,0,0.2982222139835357,0.2612103186547756,0.0,290.0,,44609.0,62.0,,,,2.0,False,4.350397612926478,-0.4482969626252009,2.692147074763905,1.025985869437971,recorded,PROGRESS
CASE_069,S5_REAL_TMS_JULY10,4.0,2026-07-10 10:33:01,S5_REAL_TMS_JULY10_L159,14.0,1,0,1,1,0,0,0.2986476421356201,0.2620186261832714,0.0,280.0,,44611.0,62.0,,,,2.0,False,4.817225945739221,-1.2566462642925766,2.2249072730085375,1.2596418217683594,recorded,PROGRESS
CASE_069,S5_REAL_TMS_JULY10,5.0,2026-07-10 10:33:02,S5_REAL_TMS_JULY10_L159,14.0,1,0,1,0,1,1,0.2986476421356201,0.2628269337117672,0.0,280.0,,44611.0,62.0,,,,2.0,False,4.817225945739221,-1.2566462642925766,2.2249072730085375,1.2596418217683594,recorded,PROGRESS
CASE_070,S2_HIGH_SOC_CONTROL,-15.0,2026-06-18 11:32:23,S2_HIGH_SOC_CONTROL_L113,18.0,0,0,1,1,0,0,0.0,0.1983326688408851,0.1,238.0,,48973.0,81.0,,,,3.0,True,6.73066114493714,,0.0145021167845959,,recorded,INACTIVE
CASE_070,S2_HIGH_SOC_CONTROL,-14.0,2026-06-18 11:32:24,S2_HIGH_SOC_CONTROL_L113,18.0,0,0,1,0,1,1,0.0,0.1735729917883872,0.2,238.0,,48973.0,81.0,,,,3.0,True,6.73066114493714,,0.0145021167845959,,recorded,INACTIVE
CASE_070,S2_HIGH_SOC_CONTROL,-13.0,2026-06-18 11:32:25,S2_HIGH_SOC_CONTROL_L113,18.0,0,0,1,0,1,2,0.0,0.1488133147358893,0.3,238.0,,48973.0,81.0,,,,3.0,True,6.73066114493714,,0.0145021167845959,,recorded,INACTIVE
CASE_070,S2_HIGH_SOC_CONTROL,-12.0,2026-06-18 11:32:26,S2_HIGH_SOC_CONTROL_L113,18.0,1,0,1,1,0,0,0.0,0.1240536376833915,0.4,279.0,,48765.0,80.0,,,,3.0,False,6.733545514230307,,0.0173864860777622,,recorded,PROGRESS
CASE_070,S2_HIGH_SOC_CONTROL,-11.0,2026-06-18 11:32:27,S2_HIGH_SOC_CONTROL_L113,18.0,1,0,1,0,1,1,0.0,0.0944015845656394,0.5,279.0,,48765.0,80.0,,,,3.0,False,6.733545514230307,,0.0173864860777622,,recorded,PROGRESS
CASE_070,S2_HIGH_SOC_CONTROL,-10.0,2026-06-18 11:32:28,S2_HIGH_SOC_CONTROL_L113,18.0,1,0,1,0,1,2,0.0,0.0647495314478873,0.6,279.0,,48765.0,80.0,,,,3.0,False,6.733545514230307,-0.0028843692931666,0.0173864860777622,-0.0028843692931662,recorded,STALLED
CASE_070,S2_HIGH_SOC_CONTROL,-9.0,2026-06-18 11:32:29,S2_HIGH_SOC_CONTROL_L114,18.0,1,0,1,1,0,0,0.297371357679367,0.064834614098072,0.6,292.0,,48691.0,80.0,,,,2.0,False,6.9351705327620525,,4.627511879775271,,recorded,PROGRESS
CASE_070,S2_HIGH_SOC_CONTROL,-8.0,2026-06-18 11:32:30,S2_HIGH_SOC_CONTROL_L114,18.0,1,0,1,0,1,1,0.297371357679367,0.0828725904226302,0.6,292.0,,48691.0,80.0,,,,2.0,False,6.9351705327620525,,4.627511879775271,,recorded,PROGRESS
CASE_070,S2_HIGH_SOC_CONTROL,-7.0,2026-06-18 11:32:31,S2_HIGH_SOC_CONTROL_L114,18.0,1,0,1,0,1,2,0.297371357679367,0.1009105667471885,0.6,292.0,,48691.0,80.0,,,,2.0,False,6.9351705327620525,,4.627511879775271,,recorded,PROGRESS
CASE_070,S2_HIGH_SOC_CONTROL,-6.0,2026-06-18 11:32:32,S2_HIGH_SOC_CONTROL_L114,18.0,1,0,1,1,0,0,0.2969459295272827,0.1189060002565383,0.6,299.0,,48691.0,80.0,,,,2.0,False,5.7713439813652965,,4.238074935837535,,recorded,PROGRESS
CASE_070,S2_HIGH_SOC_CONTROL,-5.0,2026-06-18 11:32:33,S2_HIGH_SOC_CONTROL_L114,18.0,1,0,1,0,1,1,0.2969459295272827,0.1486005932092666,0.5,299.0,,48691.0,80.0,,,,2.0,False,5.7713439813652965,,4.238074935837535,,recorded,PROGRESS
CASE_070,S2_HIGH_SOC_CONTROL,-4.0,2026-06-18 11:32:34,S2_HIGH_SOC_CONTROL_L114,18.0,1,0,1,1,0,0,0.2986476421356201,0.1784653574228286,0.4,299.0,,48691.0,80.0,,,,2.0,False,4.851612491272769,2.083558041489283,3.907442454307913,0.7200694254673574,recorded,PROGRESS
CASE_070,S2_HIGH_SOC_CONTROL,-3.0,2026-06-18 11:32:35,S2_HIGH_SOC_CONTROL_L114,18.0,1,0,1,0,1,1,0.2986476421356201,0.2083301216363907,0.3,299.0,,48691.0,80.0,,,,2.0,False,4.851612491272769,2.083558041489283,3.907442454307913,0.7200694254673574,recorded,PROGRESS
CASE_070,S2_HIGH_SOC_CONTROL,-2.0,2026-06-18 11:32:36,S2_HIGH_SOC_CONTROL_L114,18.0,1,0,1,1,0,0,0.292691707611084,0.237599292397499,0.2,286.0,,48763.0,80.0,,,,2.0,False,4.28263974794041,2.652530784821643,3.802629162190107,0.824882717585163,recorded,PROGRESS
CASE_070,S2_HIGH_SOC_CONTROL,-1.0,2026-06-18 11:32:37,S2_HIGH_SOC_CONTROL_L114,18.0,1,0,1,0,1,1,0.292691707611084,0.2668684631586074,0.1,286.0,,48763.0,80.0,,,,2.0,False,4.28263974794041,1.4887042334248868,3.802629162190107,0.4354457736474271,recorded,PROGRESS
CASE_070,S2_HIGH_SOC_CONTROL,0.0,2026-06-18 11:32:38,S2_HIGH_SOC_CONTROL_L114,18.0,1,0,1,1,0,0,0.0940186977386474,0.2762703329324721,0.0,293.0,,48691.0,80.0,,,,2.0,False,4.244667163595992,1.5266768177693049,3.744118206327543,0.4939567295099918,recorded,PROGRESS
CASE_070,S2_HIGH_SOC_CONTROL,1.0,2026-06-18 11:32:39,S2_HIGH_SOC_CONTROL_L114,18.0,1,0,1,0,1,1,0.0940186977386474,0.2559350669384002,0.0,293.0,,48691.0,80.0,,,,2.0,False,4.244667163595992,0.6069453276767778,3.744118206327543,0.1633242479803702,recorded,PROGRESS
CASE_070,S2_HIGH_SOC_CONTROL,2.0,2026-06-18 11:32:40,S2_HIGH_SOC_CONTROL_L114,18.0,1,0,1,1,0,0,0.2403645664453506,0.2502343878149985,0.0,307.0,,48656.0,80.0,,,,2.0,False,3.585345391472348,1.2662670998004213,3.4621822828414355,0.4452601714664776,recorded,PROGRESS
CASE_070,S2_HIGH_SOC_CONTROL,3.0,2026-06-18 11:32:41,S2_HIGH_SOC_CONTROL_L114,18.0,1,0,1,0,1,1,0.2403645664453506,0.244533708691597,0.0,307.0,,48656.0,80.0,,,,2.0,False,3.585345391472348,0.6972943564680616,3.4621822828414355,0.3404468793486721,recorded,PROGRESS
CASE_070,S2_HIGH_SOC_CONTROL,4.0,2026-06-18 11:32:42,S2_HIGH_SOC_CONTROL_L114,18.0,1,0,1,1,0,0,0.2982222139835357,0.2446613371372223,0.0,298.0,,48691.0,80.0,,,,2.0,False,4.1311869986067755,0.1514527493336341,2.91152474340682,0.8911044187832875,recorded,PROGRESS
CASE_070,S2_HIGH_SOC_CONTROL,5.0,2026-06-18 11:32:43,S2_HIGH_SOC_CONTROL_L114,18.0,1,0,1,0,1,1,0.2982222139835357,0.2447889655828476,0.0,298.0,,48691.0,80.0,,,,2.0,False,4.1311869986067755,0.113480164989216,2.91152474340682,0.8325934629207228,recorded,PROGRESS
CASE_071,S4_SAFETY_RICH_NAVEEN12,-15.0,2026-03-01 00:51:32,S4_SAFETY_RICH_NAVEEN12_L14,1.0,1,0,1,1,0,0,0.29932125,0.2989516316515151,0.0,291.0833333333333,6505.416666666667,,62.0,299.0,,,26.0,False,0.5991485903000248,1.43900711082038,0.5991485903000248,1.43900711082038,reconstructed_shortest,PROGRESS
CASE_071,S4_SAFETY_RICH_NAVEEN12,-14.0,2026-03-01 00:51:33,S4_SAFETY_RICH_NAVEEN12_L14,1.0,1,0,1,1,0,0,0.29843495,0.2989261076515151,0.0,289.0,6467.5,,62.0,298.25,,,26.0,False,0.2916980848587288,1.4451920912821885,0.2916980848587288,1.4451920912821885,reconstructed_shortest,PROGRESS
CASE_071,S4_SAFETY_RICH_NAVEEN12,-13.0,2026-03-01 00:51:34,S4_SAFETY_RICH_NAVEEN12_L14,1.0,1,0,1,1,0,0,0.1190123375,0.280939372310606,0.0,267.1666666666667,5962.666666666667,,63.0,119.45833333333334,,,26.0,False,0.1293477626816021,1.3085697908002547,0.1293477626816021,1.3085697908002547,reconstructed_shortest,PROGRESS
CASE_071,S4_SAFETY_RICH_NAVEEN12,-12.0,2026-03-01 00:51:35,S4_SAFETY_RICH_NAVEEN12_L14,1.0,1,0,1,1,0,0,0.09954921,0.2610333960378788,0.0,264.54545454545456,5906.454545454545,,63.0,100.0,,,26.0,False,0.0218071077109965,1.146594251591074,0.0218071077109965,1.146594251591074,reconstructed_shortest,PROGRESS
CASE_071,S4_SAFETY_RICH_NAVEEN12,-11.0,2026-03-01 00:51:36,S4_SAFETY_RICH_NAVEEN12_L14,1.0,1,0,1,1,0,0,0.0180998563636363,0.2329438098560606,0.1,237.54545454545453,5287.272727272727,,64.0,18.181818181818183,,,26.0,False,0.0259963153837027,0.8603603916203767,0.0259963153837027,0.8603603916203767,reconstructed_shortest,PROGRESS
CASE_071,S4_SAFETY_RICH_NAVEEN12,-10.0,2026-03-01 00:51:37,S4_SAFETY_RICH_NAVEEN12_L14,1.0,1,0,1,1,0,0,0.0,0.2030932265227272,0.2,233.0,5184.0,,64.0,0.0,,,26.0,False,0.0274580612024958,0.5716905290975289,0.0274580612024958,0.5716905290975289,reconstructed_shortest,PROGRESS
CASE_071,S4_SAFETY_RICH_NAVEEN12,-9.0,2026-03-01 00:51:38,S4_SAFETY_RICH_NAVEEN12_L14,1.0,1,0,1,1,0,0,0.0,0.1731511110681818,0.3,233.0,5184.0,,64.0,0.0,,,26.0,False,0.0256008559427221,0.2660972289160066,0.0256008559427221,0.2660972289160066,reconstructed_shortest,PROGRESS
CASE_071,S4_SAFETY_RICH_NAVEEN12,-8.0,2026-03-01 00:51:39,S4_SAFETY_RICH_NAVEEN12_L14,1.0,1,0,1,1,0,0,0.0,0.1432331685681818,0.4,233.0,5184.0,,64.0,0.0,,,26.0,False,0.026443383981725,0.1029043786998771,0.026443383981725,0.1029043786998771,reconstructed_shortest,PROGRESS
CASE_071,S4_SAFETY_RICH_NAVEEN12,-7.0,2026-03-01 00:51:40,S4_SAFETY_RICH_NAVEEN12_L14,1.0,1,0,1,1,0,0,0.0,0.11331812675,0.5,233.0,5184.0,,64.0,0.0,,,26.0,False,0.0269408554883554,-0.0051337477773588,0.0269408554883554,-0.0051337477773588,reconstructed_shortest,PROGRESS
CASE_071,S4_SAFETY_RICH_NAVEEN12,-6.0,2026-03-01 00:51:41,S4_SAFETY_RICH_NAVEEN12_L14,1.0,1,0,1,1,0,0,0.0,0.0834417603863636,0.6,233.0,5184.0,,64.0,0.0,,,26.0,False,0.028703036860235,-0.0027067214765323,0.028703036860235,-0.0027067214765323,reconstructed_shortest,STALLED
CASE_071,S4_SAFETY_RICH_NAVEEN12,-5.0,2026-03-01 00:51:42,S4_SAFETY_RICH_NAVEEN12_L14,1.0,1,0,1,1,0,0,0.0,0.0535096353863636,0.7,233.0,5184.0,,64.0,0.0,,,26.0,False,0.0289110037202293,-0.0014529425177335,0.0289110037202293,-0.0014529425177335,reconstructed_shortest,STALLED
CASE_071,S4_SAFETY_RICH_NAVEEN12,-4.0,2026-03-01 00:51:43,S4_SAFETY_RICH_NAVEEN12_L14,1.0,1,0,1,1,0,0,0.0,0.0236661403863636,0.8,233.0,5184.0,,64.0,0.0,,,26.0,False,0.0275138675218518,-0.0019130115791296,0.0275138675218518,-0.0019130115791296,reconstructed_shortest,STALLED
CASE_071,S4_SAFETY_RICH_NAVEEN12,-3.0,2026-03-01 00:51:44,S4_SAFETY_RICH_NAVEEN12_L14,1.0,1,0,1,1,0,0,0.0,0.0117649066363636,0.9,233.0,5184.0,,64.0,0.0,,,26.0,False,0.0275616591165372,-0.0011182751348121,0.0275616591165372,-0.0011182751348121,reconstructed_shortest,STALLED
CASE_071,S4_SAFETY_RICH_NAVEEN12,-2.0,2026-03-01 00:51:45,S4_SAFETY_RICH_NAVEEN12_L14,1.0,1,0,1,1,0,0,0.0,0.0018099856363636,1.0,233.0,5184.0,,64.0,0.0,,,26.0,False,0.0271037075692608,-0.0001628520809053,0.0271037075692608,-0.0001628520809053,reconstructed_shortest,STALLED
CASE_071,S4_SAFETY_RICH_NAVEEN12,-1.0,2026-03-01 00:51:46,S4_SAFETY_RICH_NAVEEN12_L14,1.0,1,0,1,1,0,0,0.0,0.0,1.0,233.0,5184.0,,64.0,0.0,,,26.0,False,0.0271037075692608,0.0015993292909742,0.0271037075692608,0.0015993292909742,reconstructed_shortest,STALLED
CASE_071,S4_SAFETY_RICH_NAVEEN12,0.0,2026-03-01 00:51:47,S4_SAFETY_RICH_NAVEEN12_L14,1.0,1,0,1,1,0,0,0.0,0.0,1.0,233.0,5187.272727272727,,64.0,0.0,,,26.0,False,0.0271037075692608,0.0018072961509685,0.0271037075692608,0.0018072961509685,reconstructed_shortest,STALLED
CASE_071,S4_SAFETY_RICH_NAVEEN12,1.0,2026-03-01 00:51:48,S4_SAFETY_RICH_NAVEEN12_L14,1.0,1,0,1,1,0,0,0.0,0.0,1.0,233.0,5184.0,,64.0,0.0,,,26.0,False,0.0272086101588777,0.0003052573629741,0.0272086101588777,0.0003052573629741,reconstructed_shortest,STALLED
CASE_071,S4_SAFETY_RICH_NAVEEN12,2.0,2026-03-01 00:51:49,S4_SAFETY_RICH_NAVEEN12_L14,1.0,1,0,1,1,0,0,0.0,0.0,1.0,233.0,5184.0,,64.0,0.0,,,26.0,False,0.0283642409381953,-0.0008025818216581,0.0283642409381953,-0.0008025818216581,reconstructed_shortest,STALLED
CASE_071,S4_SAFETY_RICH_NAVEEN12,3.0,2026-03-01 00:51:50,S4_SAFETY_RICH_NAVEEN12_L14,1.0,1,0,1,1,0,0,0.0,0.0,1.0,233.0,5184.0,,64.0,0.0,,,26.0,False,0.0254291789442323,0.0016745286250284,0.0254291789442323,0.0016745286250284,reconstructed_shortest,STALLED
CASE_071,S4_SAFETY_RICH_NAVEEN12,4.0,2026-03-01 00:51:51,S4_SAFETY_RICH_NAVEEN12_L14,1.0,1,0,1,1,0,0,0.0,0.0,1.0,233.0,5184.0,,64.0,0.0,,,26.0,False,0.0263035503753222,0.0008001571939385,0.0263035503753222,0.0008001571939385,reconstructed_shortest,STALLED
CASE_071,S4_SAFETY_RICH_NAVEEN12,5.0,2026-03-01 00:51:52,S4_SAFETY_RICH_NAVEEN12_L14,1.0,1,0,1,1,0,0,0.0,0.0,1.0,233.0,5184.0,,64.0,0.0,,,26.0,False,0.0260562259056149,0.0010474816636458,0.0260562259056149,0.0010474816636458,reconstructed_shortest,STALLED
CASE_072,S4_SAFETY_RICH_NAVEEN12,-15.0,2026-03-01 01:27:22,S4_SAFETY_RICH_NAVEEN12_L49,1.0,1,0,1,1,0,0,0.0,0.0,1.0,222.5,5085.5,,58.0,0.0,,,16.0,False,6.294449722159895,-0.0046202774903036,5.257396064443429,-0.0042841746075312,reconstructed_shortest,STALLED
CASE_072,S4_SAFETY_RICH_NAVEEN12,-14.0,2026-03-01 01:27:23,S4_SAFETY_RICH_NAVEEN12_L49,1.0,1,0,1,1,0,0,0.0,0.0,1.0,222.5,5086.75,,58.0,0.0,,,16.0,False,6.2937010612867095,0.0695872735299794,5.256882995632395,0.0476960720426564,reconstructed_shortest,PROGRESS
CASE_072,S4_SAFETY_RICH_NAVEEN12,-13.0,2026-03-01 01:27:24,S4_SAFETY_RICH_NAVEEN12_L49,1.0,1,0,1,1,0,0,0.0,0.0,1.0,223.0,5097.5,,58.0,0.0,,,16.0,False,6.2937010612867095,0.0694353727114762,5.256882995632395,0.047566283163956,reconstructed_shortest,PROGRESS
CASE_072,S4_SAFETY_RICH_NAVEEN12,-12.0,2026-03-01 01:27:25,S4_SAFETY_RICH_NAVEEN12_L49,1.0,1,0,1,1,0,0,0.0,0.0,1.0,223.1818181818182,5103.272727272727,,58.0,0.0,,,16.0,False,6.235151799069295,0.1279635308752729,5.216121251736304,0.0883300900618415,reconstructed_shortest,PROGRESS
CASE_072,S4_SAFETY_RICH_NAVEEN12,-11.0,2026-03-01 01:27:26,S4_SAFETY_RICH_NAVEEN12_L49,1.0,1,0,1,1,0,0,0.0,0.0,1.0,223.25,5110.5,,58.0,0.0,,,16.0,False,6.18648767754208,0.1415039765684413,5.164315893216158,0.1159675686472736,reconstructed_shortest,PROGRESS
CASE_072,S4_SAFETY_RICH_NAVEEN12,-10.0,2026-03-01 01:27:27,S4_SAFETY_RICH_NAVEEN12_L49,1.0,1,0,1,1,0,0,0.0,0.0,1.0,223.45454545454547,5107.818181818182,,58.0,0.0,,,16.0,False,6.183785233392308,0.1106644887675871,5.153250522504892,0.1041455419385375,reconstructed_shortest,PROGRESS
CASE_072,S4_SAFETY_RICH_NAVEEN12,-9.0,2026-03-01 01:27:28,S4_SAFETY_RICH_NAVEEN12_L49,1.0,1,0,1,1,0,0,0.0,0.0,1.0,222.9090909090909,5094.454545454545,,58.0,0.0,,,16.0,False,6.1831628020035465,0.1105382592831629,5.146365199480179,0.1105177961522159,reconstructed_shortest,PROGRESS
CASE_072,S4_SAFETY_RICH_NAVEEN12,-8.0,2026-03-01 01:27:29,S4_SAFETY_RICH_NAVEEN12_L49,1.0,1,0,1,1,0,0,0.0,0.0,1.0,222.9090909090909,5094.454545454545,,58.0,0.0,,,16.0,False,6.182570546055345,0.1111305152313644,5.1531530825350504,0.1037299130973448,reconstructed_shortest,PROGRESS
CASE_072,S4_SAFETY_RICH_NAVEEN12,-7.0,2026-03-01 01:27:30,S4_SAFETY_RICH_NAVEEN12_L49,1.0,1,0,1,1,0,0,0.0,0.0,1.0,222.5,5087.0,,58.0,0.0,,,16.0,False,6.180384272706295,0.0547675263630003,5.158781781587201,0.0573394701491034,reconstructed_shortest,PROGRESS
CASE_072,S4_SAFETY_RICH_NAVEEN12,-6.0,2026-03-01 01:27:31,S4_SAFETY_RICH_NAVEEN12_L49,1.0,1,0,1,1,0,0,0.0,0.0,1.0,222.5,5085.5,,58.0,0.0,,,16.0,False,6.184348637427474,0.0021390401146055,5.167377949103625,-0.0030620558874669,reconstructed_shortest,STALLED
CASE_072,S4_SAFETY_RICH_NAVEEN12,-5.0,2026-03-01 01:27:32,S4_SAFETY_RICH_NAVEEN12_L49,1.0,1,0,1,1,0,0,0.0,0.0,1.0,222.0909090909091,5076.545454545455,,58.0,0.0,,,16.0,False,6.190041983164013,-0.0062567497717056,5.175163193661382,-0.0219126711564907,reconstructed_shortest,STALLED
CASE_072,S4_SAFETY_RICH_NAVEEN12,-4.0,2026-03-01 01:27:33,S4_SAFETY_RICH_NAVEEN12_L49,1.0,1,0,1,1,0,0,0.0,0.0,1.0,222.2,5075.1,,58.0,0.0,,,16.0,False,6.185848802166917,-0.0026860001633703,5.1681182594087085,-0.0217530599285291,reconstructed_shortest,STALLED
CASE_072,S4_SAFETY_RICH_NAVEEN12,-3.0,2026-03-01 01:27:34,S4_SAFETY_RICH_NAVEEN12_L49,1.0,1,0,1,1,0,0,0.0,0.0,1.0,223.1818181818182,5105.636363636364,,58.0,0.0,,,16.0,False,6.190949240309196,-0.0083786942538512,5.146068678580731,0.0070844039543196,reconstructed_shortest,STALLED
CASE_072,S4_SAFETY_RICH_NAVEEN12,-2.0,2026-03-01 01:27:35,S4_SAFETY_RICH_NAVEEN12_L49,1.0,1,0,1,1,0,0,0.0,0.0,1.0,222.5,5085.5,,58.0,0.0,,,16.0,False,6.188659210298643,-0.0082749375923478,5.15985550319323,-0.001073721606029,reconstructed_shortest,STALLED
CASE_072,S4_SAFETY_RICH_NAVEEN12,-1.0,2026-03-01 01:27:36,S4_SAFETY_RICH_NAVEEN12_L49,1.0,1,0,1,1,0,0,0.0,0.0,1.0,222.5,5085.5,,58.0,0.0,,,16.0,False,6.186740104923948,-0.0023914674964737,5.16676004935056,0.000617899753065,reconstructed_shortest,STALLED
CASE_072,S4_SAFETY_RICH_NAVEEN12,0.0,2026-03-01 01:27:37,S4_SAFETY_RICH_NAVEEN12_L49,1.0,1,0,1,1,0,0,0.0,0.0,1.0,222.9090909090909,5094.454545454545,,58.0,0.0,,,16.0,False,6.18475507224935,0.0052869109146636,5.157194182450414,0.017969011210968,reconstructed_shortest,STALLED
CASE_072,S4_SAFETY_RICH_NAVEEN12,1.0,2026-03-01 01:27:38,S4_SAFETY_RICH_NAVEEN12_L49,1.0,1,0,1,1,0,0,0.0,0.0,1.0,222.0909090909091,5079.727272727273,,58.0,0.0,,,16.0,False,6.182560763961268,0.0032880382056488,5.153497442115292,0.0146208172934167,reconstructed_shortest,STALLED
CASE_072,S4_SAFETY_RICH_NAVEEN12,2.0,2026-03-01 01:27:39,S4_SAFETY_RICH_NAVEEN12_L50,1.0,1,0,1,1,0,0,0.0,0.0,1.0,222.91666666666663,5101.5,,58.0,0.0,,,19.0,False,5.841930690342443,,4.926018503324079,,reconstructed_shortest,PROGRESS
CASE_072,S4_SAFETY_RICH_NAVEEN12,3.0,2026-03-01 01:27:40,S4_SAFETY_RICH_NAVEEN12_L50,1.0,1,0,1,1,0,0,0.0,0.0,1.0,222.1818181818182,5080.454545454545,,58.0,0.0,,,19.0,False,5.843847309558278,,4.928651807369152,,reconstructed_shortest,PROGRESS
CASE_072,S4_SAFETY_RICH_NAVEEN12,4.0,2026-03-01 01:27:41,S4_SAFETY_RICH_NAVEEN12_L50,1.0,1,0,1,1,0,0,0.0,0.0,1.0,222.36363636363637,5084.454545454545,,58.0,0.0,,,19.0,False,5.843923404576689,,4.92983957145384,,reconstructed_shortest,PROGRESS
CASE_072,S4_SAFETY_RICH_NAVEEN12,5.0,2026-03-01 01:27:42,S4_SAFETY_RICH_NAVEEN12_L50,1.0,1,0,1,1,0,0,0.0,0.0,1.0,225.25,5152.5,,58.0,0.0,,,19.0,False,5.846830347302175,,4.930528759502023,,reconstructed_shortest,PROGRESS
CASE_073,S4_SAFETY_RICH_NAVEEN12,-15.0,2026-03-01 01:16:35,S4_SAFETY_RICH_NAVEEN12_L34,1.0,1,0,1,1,0,0,0.0,0.1168256123636363,0.5,231.0,5233.0,,60.0,0.0,,,1.0,False,0.0087420940193401,0.0396552466112271,0.0087420940193401,0.0396552466112271,reconstructed_shortest,PROGRESS
CASE_073,S4_SAFETY_RICH_NAVEEN12,-14.0,2026-03-01 01:16:36,S4_SAFETY_RICH_NAVEEN12_L34,1.0,1,0,1,1,0,0,0.0,0.0869569841818181,0.6,231.0,5233.0,,60.0,0.0,,,1.0,False,0.0082908684952147,-0.0018211975492722,0.0082908684952147,-0.0018211975492722,reconstructed_shortest,STALLED
CASE_073,S4_SAFETY_RICH_NAVEEN12,-13.0,2026-03-01 01:16:37,S4_SAFETY_RICH_NAVEEN12_L34,1.0,1,0,1,1,0,0,0.0,0.0570567658484848,0.7,230.75,5228.25,,60.0,0.0,,,1.0,False,0.0082132983021439,-0.0006963220637483,0.0082132983021439,-0.0006963220637483,reconstructed_shortest,STALLED
CASE_073,S4_SAFETY_RICH_NAVEEN12,-12.0,2026-03-01 01:16:38,S4_SAFETY_RICH_NAVEEN12_L34,1.0,1,0,1,1,0,0,0.0,0.0274082616818181,0.8,229.8181818181818,5223.272727272727,,60.0,0.0,,,1.0,False,0.0082728883845448,-0.0032726014927738,0.0082728883845448,-0.0032726014927738,reconstructed_shortest,STALLED
CASE_073,S4_SAFETY_RICH_NAVEEN12,-11.0,2026-03-01 01:16:39,S4_SAFETY_RICH_NAVEEN12_L35,1.0,1,0,1,1,0,0,0.0,0.0122438311363636,0.9,229.72727272727272,5222.272727272727,,60.0,0.0,,,4.0,False,6.24887227282948,,4.828460480860091,,reconstructed_shortest,PROGRESS
CASE_073,S4_SAFETY_RICH_NAVEEN12,-10.0,2026-03-01 01:16:40,S4_SAFETY_RICH_NAVEEN12_L35,1.0,1,0,1,1,0,0,0.0,0.0027072436363636,1.0,240.5,5456.0,,59.0,0.0,,,4.0,False,6.2484393474057365,,4.826399008553786,,reconstructed_shortest,PROGRESS
CASE_073,S4_SAFETY_RICH_NAVEEN12,-9.0,2026-03-01 01:16:41,S4_SAFETY_RICH_NAVEEN12_L35,1.0,1,0,1,1,0,0,0.000425424,4.2542399999988895e-05,1.0,274.0,6257.181818181818,,59.0,0.5,,,4.0,False,6.251769405012116,,4.8345363871257545,,reconstructed_shortest,PROGRESS
CASE_073,S4_SAFETY_RICH_NAVEEN12,-8.0,2026-03-01 01:16:42,S4_SAFETY_RICH_NAVEEN12_L35,1.0,1,0,1,1,0,0,0.000425424,8.508479999998889e-05,1.0,272.90909090909093,6229.909090909091,,59.0,0.5,,,4.0,False,6.27603297114146,,4.843582316038897,,reconstructed_shortest,PROGRESS
CASE_073,S4_SAFETY_RICH_NAVEEN12,-7.0,2026-03-01 01:16:43,S4_SAFETY_RICH_NAVEEN12_L35,1.0,1,0,1,1,0,0,0.000425424,0.0001276271999999,1.0,274.0,6252.454545454545,,59.0,0.5,,,4.0,False,6.299659745162058,,4.85099121048014,,reconstructed_shortest,PROGRESS
CASE_073,S4_SAFETY_RICH_NAVEEN12,-6.0,2026-03-01 01:16:44,S4_SAFETY_RICH_NAVEEN12_L35,1.0,1,0,1,1,0,0,0.000425424,0.0001701695999999,1.0,272.25,6213.25,,59.0,0.5,,,4.0,False,6.249911772309341,-0.0010394994798605,4.830841398841088,-0.0023809179809965,reconstructed_shortest,STALLED
CASE_073,S4_SAFETY_RICH_NAVEEN12,-5.0,2026-03-01 01:16:45,S4_SAFETY_RICH_NAVEEN12_L35,1.0,1,0,1,1,0,0,0.000425424,0.0002127119999999,1.0,271.8181818181818,6208.272727272727,,59.0,0.5,,,4.0,False,6.245568455660588,0.0028708917451485,4.8164085875144576,0.009990421039328,reconstructed_shortest,STALLED
CASE_073,S4_SAFETY_RICH_NAVEEN12,-4.0,2026-03-01 01:16:46,S4_SAFETY_RICH_NAVEEN12_L35,1.0,1,0,1,1,0,0,0.000425424,0.0002552543999999,1.0,272.5,6221.0,,59.0,0.5,,,4.0,False,6.239966140598847,0.0118032644132686,4.81412840201889,0.0204079851068641,reconstructed_shortest,STALLED
CASE_073,S4_SAFETY_RICH_NAVEEN12,-3.0,2026-03-01 01:16:47,S4_SAFETY_RICH_NAVEEN12_L35,1.0,1,0,1,1,0,0,0.000425424,0.0002977967999999,1.0,273.1818181818182,6232.272727272727,,59.0,0.5,,,4.0,False,6.238689920109412,0.0373430510320487,4.815765418415135,0.0278168976237616,reconstructed_shortest,PROGRESS
CASE_073,S4_SAFETY_RICH_NAVEEN12,-2.0,2026-03-01 01:16:48,S4_SAFETY_RICH_NAVEEN12_L35,1.0,1,0,1,1,0,0,0.0006381368333333,0.0003616104833333,1.0,271.8333333333333,6204.416666666667,,59.0,0.5,,,4.0,False,6.236337344409304,0.0633224007527539,4.814661122004137,0.0363300884760029,reconstructed_shortest,PROGRESS
CASE_073,S4_SAFETY_RICH_NAVEEN12,-1.0,2026-03-01 01:16:49,S4_SAFETY_RICH_NAVEEN12_L35,1.0,1,0,1,1,0,0,0.0004254261818181,0.0004041531015151,1.0,270.0,6160.909090909091,,59.0,0.5,,,4.0,False,6.237443747501461,0.0124680248078803,4.81550389279962,0.0153375060414679,reconstructed_shortest,STALLED
CASE_073,S4_SAFETY_RICH_NAVEEN12,0.0,2026-03-01 01:16:50,S4_SAFETY_RICH_NAVEEN12_L35,1.0,1,0,1,1,0,0,0.0004254221818181,0.0004466953196969,1.0,270.3636363636364,6166.545454545455,,59.0,0.5,,,4.0,False,6.237099069857004,0.0084693858035835,4.8156415563310775,0.00076703118338,reconstructed_shortest,STALLED
CASE_073,S4_SAFETY_RICH_NAVEEN12,1.0,2026-03-01 01:16:51,S4_SAFETY_RICH_NAVEEN12_L35,1.0,1,0,1,1,0,0,0.0852781656363636,0.0089319694833333,0.9,271.72727272727275,6201.363636363636,,58.0,85.31818181818181,,,4.0,False,6.21996590299569,0.0200002376031571,4.7994430358811,0.0146853661377903,reconstructed_shortest,STALLED
CASE_073,S4_SAFETY_RICH_NAVEEN12,2.0,2026-03-01 01:16:52,S4_SAFETY_RICH_NAVEEN12_L35,1.0,1,0,1,1,0,0,0.2844152727272727,0.0373309543560606,0.8,291.0,6653.0,,58.0,284.4090909090909,,,4.0,False,6.051793558673209,0.1868963614362027,4.6434901510254,0.1722752673897352,reconstructed_shortest,RECOVERING
CASE_073,S4_SAFETY_RICH_NAVEEN12,3.0,2026-03-01 01:16:53,S4_SAFETY_RICH_NAVEEN12_L35,1.0,1,0,1,1,0,0,0.2969459499999999,0.0669830069560605,0.7,290.7,6656.7,,58.0,296.75,,,4.0,False,5.7953578207386816,0.4409795236706229,4.409075012552087,0.4055861094520496,reconstructed_shortest,RECOVERING
CASE_073,S4_SAFETY_RICH_NAVEEN12,4.0,2026-03-01 01:16:54,S4_SAFETY_RICH_NAVEEN12_L35,1.0,1,0,1,1,0,0,0.2975132,0.0966917845560605,0.6,287.8333333333333,6581.166666666667,,58.0,297.16666666666663,,,4.0,False,5.487652882456471,0.7497908650449894,4.125260008010939,0.6902438847886803,reconstructed_shortest,RECOVERING
CASE_073,S4_SAFETY_RICH_NAVEEN12,5.0,2026-03-01 01:16:55,S4_SAFETY_RICH_NAVEEN12_L35,1.0,1,0,1,1,0,0,0.2984929727272727,0.1264985394287878,0.5,287.8181818181818,6586.545454545455,,58.0,298.27272727272725,,,4.0,False,5.199876845102287,1.037222224754717,3.8608416316115126,0.9547999247195648,reconstructed_shortest,RECOVERING
CASE_074,S3_MEDIUM_SOC_WHOLETESTING,-15.0,2026-03-01 00:42:30,S3_MEDIUM_SOC_WHOLETESTING_L64,1.0,1,0,1,1,0,0,0.2969459454545454,0.2012216784848484,0.3,276.45454545454544,7049.909090909091,,38.0,296.77272727272725,,,2.0,False,20.13192813927495,1.7550304671807453,19.59503825199156,1.6530425311140355,reconstructed_shortest,PROGRESS
CASE_074,S3_MEDIUM_SOC_WHOLETESTING,-14.0,2026-03-01 00:42:31,S3_MEDIUM_SOC_WHOLETESTING_L64,1.0,1,0,1,1,0,0,0.2961724363636363,0.2308389221212121,0.2,273.90909090909093,6990.272727272727,,38.0,295.8636363636364,,,2.0,False,19.855319938791872,1.5488361002506252,19.328452830523126,1.5251039947620555,reconstructed_shortest,PROGRESS
CASE_074,S3_MEDIUM_SOC_WHOLETESTING,-13.0,2026-03-01 00:42:32,S3_MEDIUM_SOC_WHOLETESTING_L64,1.0,1,0,1,1,0,0,0.2968041416666667,0.2605193362878787,0.1,278.4166666666667,7101.416666666667,,38.0,296.58333333333337,,,2.0,False,19.597046177173812,1.8103782243959472,19.067415267282957,1.44362249403029,reconstructed_shortest,PROGRESS
CASE_074,S3_MEDIUM_SOC_WHOLETESTING,-12.0,2026-03-01 00:42:33,S3_MEDIUM_SOC_WHOLETESTING_L64,1.0,1,0,1,1,0,0,0.2972166454545454,0.2902410008333333,0.0,279.27272727272725,7117.909090909091,,38.0,296.8636363636364,,,2.0,False,19.314052942426624,1.3744939106375431,18.78871944088243,1.3752311766517948,reconstructed_shortest,PROGRESS
CASE_074,S3_MEDIUM_SOC_WHOLETESTING,-11.0,2026-03-01 00:42:34,S3_MEDIUM_SOC_WHOLETESTING_L64,1.0,1,0,1,1,0,0,0.29659145,0.2935045194696969,0.0,277.5,7082.0,,38.0,296.33333333333337,,,2.0,False,18.991318584270328,1.439420074049611,18.470703476009444,1.4144959720251116,reconstructed_shortest,PROGRESS
CASE_074,S3_MEDIUM_SOC_WHOLETESTING,-10.0,2026-03-01 00:42:35,S3_MEDIUM_SOC_WHOLETESTING_L64,1.0,1,0,1,1,0,0,0.2986476272727273,0.2952100812878787,0.0,276.3636363636364,7062.545454545455,,38.0,298.3636363636364,,,2.0,False,18.71623700910622,1.4156911301687316,18.19530181314644,1.399736438845121,reconstructed_shortest,PROGRESS
CASE_074,S3_MEDIUM_SOC_WHOLETESTING,-9.0,2026-03-01 00:42:36,S3_MEDIUM_SOC_WHOLETESTING_L64,1.0,1,0,1,1,0,0,0.2993437909090909,0.2961589087121212,0.0,277.6363636363636,7091.090909090909,,38.0,298.9090909090909,,,2.0,False,18.428459251984265,1.4268606868076077,17.908666090191183,1.4197867403319435,reconstructed_shortest,PROGRESS
CASE_074,S3_MEDIUM_SOC_WHOLETESTING,-8.0,2026-03-01 00:42:37,S3_MEDIUM_SOC_WHOLETESTING_L64,1.0,1,0,1,1,0,0,0.29907305,0.2969478764393939,0.0,278.3333333333333,7103.5,,38.0,298.75,,,2.0,False,18.157219669873033,1.4398265073007792,17.637748759570957,1.4296665077119997,reconstructed_shortest,PROGRESS
CASE_074,S3_MEDIUM_SOC_WHOLETESTING,-7.0,2026-03-01 00:42:38,S3_MEDIUM_SOC_WHOLETESTING_L64,1.0,1,0,1,1,0,0,0.2984349083333333,0.2974332445454545,0.0,279.0833333333333,7117.75,,38.0,298.25,,,2.0,False,17.837872816478693,1.4761801259479306,17.314186485109524,1.474532955772908,reconstructed_shortest,PROGRESS
CASE_074,S3_MEDIUM_SOC_WHOLETESTING,-6.0,2026-03-01 00:42:39,S3_MEDIUM_SOC_WHOLETESTING_L64,1.0,1,0,1,1,0,0,0.298841009090909,0.2978071004545454,0.0,274.45454545454544,6995.181818181818,,38.0,298.72727272727275,,,2.0,False,17.587079620380777,1.4042389638895507,17.064045764725886,1.4066577112835574,reconstructed_shortest,PROGRESS
CASE_074,S3_MEDIUM_SOC_WHOLETESTING,-5.0,2026-03-01 00:42:40,S3_MEDIUM_SOC_WHOLETESTING_L64,1.0,1,0,1,1,0,0,0.29907305,0.2980198109090909,0.0,274.5,7016.0,,38.0,298.75,,,2.0,False,17.279036606110918,1.4372004029953018,16.762536360424466,1.4327654527219735,reconstructed_shortest,PROGRESS
CASE_074,S3_MEDIUM_SOC_WHOLETESTING,-4.0,2026-03-01 00:42:41,S3_MEDIUM_SOC_WHOLETESTING_L64,1.0,1,0,1,1,0,0,0.2992664545454545,0.2983292127272727,0.0,276.6363636363636,7070.727272727273,,38.0,298.9545454545455,,,2.0,False,17.037727715189526,1.390731536794739,16.52180908748905,1.3868570027021327,reconstructed_shortest,PROGRESS
CASE_074,S3_MEDIUM_SOC_WHOLETESTING,-3.0,2026-03-01 00:42:42,S3_MEDIUM_SOC_WHOLETESTING_L64,1.0,1,0,1,1,0,0,0.2986089909090909,0.2985096976515152,0.0,278.45454545454544,7111.727272727273,,38.0,298.4545454545455,,,2.0,False,16.73057354650983,1.4266461233632022,16.21550677129503,1.4222419882759283,reconstructed_shortest,PROGRESS
CASE_074,S3_MEDIUM_SOC_WHOLETESTING,-2.0,2026-03-01 00:42:43,S3_MEDIUM_SOC_WHOLETESTING_L64,1.0,1,0,1,1,0,0,0.2987250181818182,0.2986605349242424,0.0,277.45454545454544,7081.727272727273,,38.0,298.5909090909091,,,2.0,False,16.452511780606148,1.3853610358725454,15.937982661061492,1.376203824048032,reconstructed_shortest,PROGRESS
CASE_074,S3_MEDIUM_SOC_WHOLETESTING,-1.0,2026-03-01 00:42:44,S3_MEDIUM_SOC_WHOLETESTING_L64,1.0,1,0,1,1,0,0,0.2992858,0.2989299699242423,0.0,276.0,7052.75,,38.0,299.0,,,2.0,False,16.171094428908543,1.4159851914722346,15.657299415083322,1.4067463496425638,reconstructed_shortest,PROGRESS
CASE_074,S3_MEDIUM_SOC_WHOLETESTING,0.0,2026-03-01 00:42:45,S3_MEDIUM_SOC_WHOLETESTING_L64,1.0,1,0,1,1,0,0,0.2990731,0.2989725171969697,0.0,276.0,7051.0,,38.0,299.0,,,2.0,False,15.881160247497704,1.397876358613212,15.368117383278586,1.3944189771458806,reconstructed_shortest,PROGRESS
CASE_074,S3_MEDIUM_SOC_WHOLETESTING,1.0,2026-03-01 00:42:46,S3_MEDIUM_SOC_WHOLETESTING_L64,1.0,1,0,1,1,0,0,0.2993051363636363,0.2989686517424242,0.0,278.54545454545456,7118.0,,38.0,299.0,,,2.0,False,15.612348301762763,1.4253794134267608,15.10008910649361,1.4217199809954408,reconstructed_shortest,PROGRESS
CASE_074,S3_MEDIUM_SOC_WHOLETESTING,2.0,2026-03-01 00:42:47,S3_MEDIUM_SOC_WHOLETESTING_L64,1.0,1,0,1,1,0,0,0.2990376416666666,0.2989651109090909,0.0,278.4166666666667,7110.083333333333,,38.0,298.95833333333337,,,2.0,False,15.315701602817594,1.414871943692237,14.804377925816622,1.411128845478407,reconstructed_shortest,PROGRESS
CASE_074,S3_MEDIUM_SOC_WHOLETESTING,3.0,2026-03-01 00:42:48,S3_MEDIUM_SOC_WHOLETESTING_L64,1.0,1,0,1,1,0,0,0.2986476,0.2989863800757575,0.0,277.0,7082.5,,38.0,298.5,,,2.0,False,15.04672921354439,1.405782567061758,14.536094757898328,1.401887903163164,reconstructed_shortest,PROGRESS
CASE_074,S3_MEDIUM_SOC_WHOLETESTING,4.0,2026-03-01 00:42:49,S3_MEDIUM_SOC_WHOLETESTING_L64,1.0,1,0,1,1,0,0,0.2992664545454545,0.2990289246212121,0.0,276.8181818181818,7079.454545454545,,38.0,298.9545454545455,,,2.0,False,14.747105383756857,1.4239890451516857,14.237493690693864,1.4198057243894588,reconstructed_shortest,PROGRESS
CASE_074,S3_MEDIUM_SOC_WHOLETESTING,5.0,2026-03-01 00:42:50,S3_MEDIUM_SOC_WHOLETESTING_L64,1.0,1,0,1,1,0,0,0.2986476666666666,0.2989863862878788,0.0,276.1666666666667,7062.5,,38.0,298.5,,,2.0,False,14.4846935464999,1.396466700997804,13.97590329297934,1.3922140902992446,reconstructed_shortest,PROGRESS
CASE_075,S4_SAFETY_RICH_NAVEEN12,-15.0,2026-03-01 01:24:03,S4_SAFETY_RICH_NAVEEN12_L47,1.0,1,0,1,1,0,0,0.0,0.0040608654545454,0.9,229.0,5233.0,,58.0,0.0,,,4.0,False,0.0103813003039115,0.0001929320305325,0.0103813003039115,0.0001929320305325,reconstructed_shortest,STALLED
CASE_075,S4_SAFETY_RICH_NAVEEN12,-14.0,2026-03-01 01:24:04,S4_SAFETY_RICH_NAVEEN12_L47,1.0,1,0,1,1,0,0,0.0,0.0,1.0,227.33333333333337,5197.666666666667,,59.0,0.0,,,4.0,False,0.0103813003039115,0.0002891680043373,0.0103813003039115,0.0002891680043373,reconstructed_shortest,STALLED
CASE_075,S4_SAFETY_RICH_NAVEEN12,-13.0,2026-03-01 01:24:05,S4_SAFETY_RICH_NAVEEN12_L47,1.0,1,0,1,1,0,0,0.0,0.0,1.0,228.25,5215.75,,59.0,0.0,,,4.0,False,0.0101754529413921,0.0008163993814701,0.0101754529413921,0.0008163993814701,reconstructed_shortest,STALLED
CASE_075,S4_SAFETY_RICH_NAVEEN12,-12.0,2026-03-01 01:24:06,S4_SAFETY_RICH_NAVEEN12_L47,1.0,1,0,1,1,0,0,0.0,0.0,1.0,228.72727272727272,5224.272727272727,,58.0,0.0,,,4.0,False,0.0097349935904754,0.0006463067134361,0.0097349935904754,0.0006463067134361,reconstructed_shortest,STALLED
CASE_075,S4_SAFETY_RICH_NAVEEN12,-11.0,2026-03-01 01:24:07,S4_SAFETY_RICH_NAVEEN12_L48,1.0,1,0,1,1,0,0,0.0,0.0,1.0,232.33333333333337,5308.333333333333,,58.0,0.0,,,19.0,False,1.8268705608531604,,1.7326676254045377,,reconstructed_shortest,PROGRESS
CASE_075,S4_SAFETY_RICH_NAVEEN12,-10.0,2026-03-01 01:24:08,S4_SAFETY_RICH_NAVEEN12_L48,1.0,1,0,1,1,0,0,0.0002707243636363,2.7072436363630818e-05,1.0,262.3636363636364,6017.0,,58.0,0.3181818181818201,,,19.0,False,1.826551880115888,,1.732502024100243,,reconstructed_shortest,PROGRESS
CASE_075,S4_SAFETY_RICH_NAVEEN12,-9.0,2026-03-01 01:24:09,S4_SAFETY_RICH_NAVEEN12_L48,1.0,1,0,1,1,0,0,0.000425424,6.96148363636308e-05,1.0,271.09090909090907,6212.090909090909,,58.0,0.5,,,19.0,False,1.8323801383890592,,1.728806142730825,,reconstructed_shortest,PROGRESS
CASE_075,S4_SAFETY_RICH_NAVEEN12,-8.0,2026-03-01 01:24:10,S4_SAFETY_RICH_NAVEEN12_L48,1.0,1,0,1,1,0,0,0.000425424,0.0001121572363636,1.0,271.3636363636364,6229.909090909091,,58.0,0.5,,,19.0,False,1.8401803431625483,,1.7302299394052485,,reconstructed_shortest,PROGRESS
CASE_075,S4_SAFETY_RICH_NAVEEN12,-7.0,2026-03-01 01:24:11,S4_SAFETY_RICH_NAVEEN12_L48,1.0,1,0,1,1,0,0,0.000425424,0.0001546996363636,1.0,271.3636363636364,6229.909090909091,,58.0,0.5,,,19.0,False,1.8287877906606729,,1.7246194011551277,,reconstructed_shortest,PROGRESS
CASE_075,S4_SAFETY_RICH_NAVEEN12,-6.0,2026-03-01 01:24:12,S4_SAFETY_RICH_NAVEEN12_L48,1.0,1,0,1,1,0,0,0.000425424,0.0001972420363636,1.0,272.0,6248.333333333333,,58.0,0.5,,,19.0,False,1.823342747266594,0.0035278135865663,1.7218216633975592,0.0108459620069785,reconstructed_shortest,STALLED
CASE_075,S4_SAFETY_RICH_NAVEEN12,-5.0,2026-03-01 01:24:13,S4_SAFETY_RICH_NAVEEN12_L48,1.0,1,0,1,1,0,0,0.000425424,0.0002397844363636,1.0,270.8181818181818,6215.909090909091,,57.0,0.5,,,19.0,False,1.8157606847296268,0.0107911953862611,1.7162282403830489,0.016273783717194,reconstructed_shortest,STALLED
CASE_075,S4_SAFETY_RICH_NAVEEN12,-4.0,2026-03-01 01:24:14,S4_SAFETY_RICH_NAVEEN12_L48,1.0,1,0,1,1,0,0,0.000425424,0.0002823268363636,1.0,270.3333333333333,6201.75,,58.0,0.5,,,19.0,False,1.822422959197525,0.0099571791915344,1.719718338000191,0.0090878047306339,reconstructed_shortest,STALLED
CASE_075,S4_SAFETY_RICH_NAVEEN12,-3.0,2026-03-01 01:24:15,S4_SAFETY_RICH_NAVEEN12_L48,1.0,1,0,1,1,0,0,0.0004254219999999,0.0003248690363636,1.0,270.6666666666667,6213.166666666667,,57.0,0.5,,,19.0,False,1.8447986635128744,-0.004618320350326,1.7426688835375472,-0.0124389441322989,reconstructed_shortest,STALLED
CASE_075,S4_SAFETY_RICH_NAVEEN12,-2.0,2026-03-01 01:24:16,S4_SAFETY_RICH_NAVEEN12_L48,1.0,1,0,1,1,0,0,0.0004254241818181,0.0003674114545454,1.0,268.6363636363636,6162.0,,58.0,0.2272727272727266,,,19.0,False,1.8492027337310777,-0.020414943070405,1.7556556790840188,-0.0310362779288912,reconstructed_shortest,STALLED
CASE_075,S4_SAFETY_RICH_NAVEEN12,-1.0,2026-03-01 01:24:17,S4_SAFETY_RICH_NAVEEN12_L48,1.0,1,0,1,1,0,0,0.0004254238181818,0.0004099538363636,1.0,267.54545454545456,6131.636363636364,,58.0,0.5,,,19.0,False,1.8542313861742417,-0.0308886389076474,1.7614633680154494,-0.0396417046178902,reconstructed_shortest,STALLED
CASE_075,S4_SAFETY_RICH_NAVEEN12,0.0,2026-03-01 01:24:18,S4_SAFETY_RICH_NAVEEN12_L48,1.0,1,0,1,1,0,0,0.0002320483636363,0.0004060862363636,1.0,267.90909090909093,6136.727272727273,,58.0,0.2727272727272716,,,19.0,False,1.841279964959256,-0.0255192802296293,1.7471485116907886,-0.0309202713077398,reconstructed_shortest,STALLED
CASE_075,S4_SAFETY_RICH_NAVEEN12,1.0,2026-03-01 01:24:19,S4_SAFETY_RICH_NAVEEN12_L48,1.0,1,0,1,1,0,0,0.2183585272727272,0.0221993965636363,0.9,285.3636363636364,6557.090909090909,,57.0,218.63636363636363,,,19.0,False,1.727064919628891,0.0953580395686339,1.6341526456487965,0.0855656923513947,reconstructed_shortest,PROGRESS
CASE_075,S4_SAFETY_RICH_NAVEEN12,2.0,2026-03-01 01:24:20,S4_SAFETY_RICH_NAVEEN12_L48,1.0,1,0,1,1,0,0,0.2967332166666667,0.051830175830303,0.8,286.5,6576.0,,57.0,296.58333333333337,,,19.0,False,1.4454866507986763,0.399312012714198,1.3511632898843955,0.3915055936531517,reconstructed_shortest,RECOVERING
CASE_075,S4_SAFETY_RICH_NAVEEN12,3.0,2026-03-01 01:24:21,S4_SAFETY_RICH_NAVEEN12_L48,1.0,1,0,1,1,0,0,0.2977194545454545,0.0815595788848484,0.7,287.27272727272725,6599.454545454545,,57.0,297.4090909090909,,,19.0,False,1.1801416449654916,0.6690610887655861,1.088175222839089,0.6674804562449297,reconstructed_shortest,RECOVERING
CASE_075,S4_SAFETY_RICH_NAVEEN12,4.0,2026-03-01 01:24:22,S4_SAFETY_RICH_NAVEEN12_L48,1.0,1,0,1,1,0,0,0.2989570545454545,0.1114127419393939,0.6,289.8181818181818,6666.727272727273,,57.0,298.8636363636364,,,19.0,False,0.8814976427565264,0.972733743417715,0.8090519429533176,0.9524114250621318,reconstructed_shortest,RECOVERING
CASE_075,S4_SAFETY_RICH_NAVEEN12,5.0,2026-03-01 01:24:23,S4_SAFETY_RICH_NAVEEN12_L48,1.0,1,0,1,1,0,0,0.2973714,0.1411073395393939,0.5,287.5,6609.166666666667,,57.0,297.25,,,19.0,False,0.6005138120931242,1.240766152866132,0.5481064141804998,1.199042097510289,reconstructed_shortest,RECOVERING
CASE_076,S3_MEDIUM_SOC_WHOLETESTING,-15.0,2026-03-01 00:36:30,S3_MEDIUM_SOC_WHOLETESTING_L53,1.0,0,0,1,1,0,0,0.0,0.0116927134848484,0.9,220.0,5479.454545454545,,43.0,0.0,,,3.0,True,0.0173865386146855,-0.000161182346854,0.0173865386146855,-0.000161182346854,reconstructed_shortest,INACTIVE
CASE_076,S3_MEDIUM_SOC_WHOLETESTING,-14.0,2026-03-01 00:36:31,S3_MEDIUM_SOC_WHOLETESTING_L53,1.0,0,0,1,1,0,0,0.0,0.0017945158181818,1.0,220.0,5480.0,,43.0,0.0,,,3.0,True,0.0173865386146855,-0.0003606660640328,0.0173865386146855,-0.0003606660640328,reconstructed_shortest,INACTIVE
CASE_076,S3_MEDIUM_SOC_WHOLETESTING,-13.0,2026-03-01 00:36:32,S3_MEDIUM_SOC_WHOLETESTING_L53,1.0,0,0,1,1,0,0,0.0,0.0,1.0,220.0,5480.0,,43.0,0.0,,,3.0,True,0.0173865386146855,-0.0018047952911666,0.0173865386146855,-0.0018047952911666,reconstructed_shortest,INACTIVE
CASE_076,S3_MEDIUM_SOC_WHOLETESTING,-12.0,2026-03-01 00:36:33,S3_MEDIUM_SOC_WHOLETESTING_L53,1.0,0,0,1,1,0,0,0.0,0.0,1.0,220.0,5480.0,,43.0,0.0,,,3.0,True,0.0165442421168866,-0.0002109716238091,0.0165442421168866,-0.0002109716238091,reconstructed_shortest,INACTIVE
CASE_076,S3_MEDIUM_SOC_WHOLETESTING,-11.0,2026-03-01 00:36:34,S3_MEDIUM_SOC_WHOLETESTING_L54,1.0,0,0,1,1,0,0,0.0,0.0,1.0,221.66666666666663,5521.166666666667,,42.0,0.0,,,2.0,True,6.731922128612512,,4.740908792134281,,reconstructed_shortest,INACTIVE
CASE_076,S3_MEDIUM_SOC_WHOLETESTING,-10.0,2026-03-01 00:36:35,S3_MEDIUM_SOC_WHOLETESTING_L54,1.0,1,0,1,1,0,0,0.0004640994545454,4.640994545454545e-05,1.0,254.1818181818182,6349.272727272727,,42.0,0.5454545454545432,,,2.0,False,6.735076697912117,,4.7387940387682495,,reconstructed_shortest,PROGRESS
CASE_076,S3_MEDIUM_SOC_WHOLETESTING,-9.0,2026-03-01 00:36:36,S3_MEDIUM_SOC_WHOLETESTING_L54,1.0,1,0,1,1,0,0,0.000425424,8.895234545454546e-05,1.0,262.1818181818182,6557.545454545455,,42.0,0.5,,,2.0,False,6.704406222081675,,4.740041118801068,,reconstructed_shortest,PROGRESS
CASE_076,S3_MEDIUM_SOC_WHOLETESTING,-8.0,2026-03-01 00:36:37,S3_MEDIUM_SOC_WHOLETESTING_L54,1.0,1,0,1,1,0,0,0.000425424,0.0001314947454545,1.0,262.90909090909093,6575.0,,42.0,0.5,,,2.0,False,6.701189858510529,,4.737694755864916,,reconstructed_shortest,PROGRESS
CASE_076,S3_MEDIUM_SOC_WHOLETESTING,-7.0,2026-03-01 00:36:38,S3_MEDIUM_SOC_WHOLETESTING_L54,1.0,1,0,1,1,0,0,0.000425424,0.0001740371454545,1.0,263.1666666666667,6575.5,,42.0,0.5,,,2.0,False,6.708844083199708,,4.737554819603935,,reconstructed_shortest,PROGRESS
CASE_076,S3_MEDIUM_SOC_WHOLETESTING,-6.0,2026-03-01 00:36:39,S3_MEDIUM_SOC_WHOLETESTING_L54,1.0,1,0,1,1,0,0,0.000425424,0.0002165795454545,1.0,262.75,6567.25,,42.0,0.5,,,2.0,False,6.715965908812771,0.0159562197997411,4.739804816472013,0.0011039756622679,reconstructed_shortest,STALLED
CASE_076,S3_MEDIUM_SOC_WHOLETESTING,-5.0,2026-03-01 00:36:40,S3_MEDIUM_SOC_WHOLETESTING_L54,1.0,1,0,1,1,0,0,0.000425424,0.0002591219454545,1.0,262.3636363636364,6558.090909090909,,42.0,0.5,,,2.0,False,6.709000097003038,0.0260766009090787,4.742196666946923,-0.0034026281786738,reconstructed_shortest,STALLED
CASE_076,S3_MEDIUM_SOC_WHOLETESTING,-4.0,2026-03-01 00:36:41,S3_MEDIUM_SOC_WHOLETESTING_L54,1.0,1,0,1,1,0,0,0.000425424,0.0003016643454545,1.0,262.54545454545456,6558.636363636364,,42.0,0.5,,,2.0,False,6.7134412217765,-0.0090349996948244,4.743019688285019,-0.0029785694839503,reconstructed_shortest,STALLED
CASE_076,S3_MEDIUM_SOC_WHOLETESTING,-3.0,2026-03-01 00:36:42,S3_MEDIUM_SOC_WHOLETESTING_L54,1.0,1,0,1,1,0,0,0.000425424,0.0003442067454545,1.0,263.09090909090907,6582.0,,42.0,0.5,,,2.0,False,6.734605457078821,-0.0334155985682924,4.763735311497989,-0.0260405556330729,reconstructed_shortest,STALLED
CASE_076,S3_MEDIUM_SOC_WHOLETESTING,-2.0,2026-03-01 00:36:43,S3_MEDIUM_SOC_WHOLETESTING_L54,1.0,1,0,1,1,0,0,0.0004254218181818,0.0003867489272727,1.0,260.1818181818182,6514.0,,42.0,0.5,,,2.0,False,6.742320772241042,-0.0334766890413344,4.7692762481742665,-0.0317214285703313,reconstructed_shortest,STALLED
CASE_076,S3_MEDIUM_SOC_WHOLETESTING,-1.0,2026-03-01 00:36:44,S3_MEDIUM_SOC_WHOLETESTING_L54,1.0,1,0,1,1,0,0,0.000425423090909,0.0004292912363636,1.0,258.1818181818182,6459.0,,42.0,0.2272727272727266,,,2.0,False,6.721196574646321,-0.0052306658335501,4.737604981002633,0.0021998354693799,reconstructed_shortest,STALLED
CASE_076,S3_MEDIUM_SOC_WHOLETESTING,0.0,2026-03-01 00:36:45,S3_MEDIUM_SOC_WHOLETESTING_L54,1.0,1,0,1,1,0,0,0.0002836146666666,0.0004112427575757,1.0,254.58333333333337,6372.833333333333,,42.0,0.3333333333333321,,,2.0,False,6.726645781463599,-0.017645684460561,4.739324992759519,0.0028716741874044,reconstructed_shortest,STALLED
CASE_076,S3_MEDIUM_SOC_WHOLETESTING,1.0,2026-03-01 00:36:46,S3_MEDIUM_SOC_WHOLETESTING_L54,1.0,1,0,1,1,0,0,0.2317013454545454,0.0235388349030303,0.9,275.6363636363636,6921.0,,41.0,231.8181818181818,,,2.0,False,6.613550011382794,0.0998912103937055,4.675313884599293,0.0677058036857252,reconstructed_shortest,PROGRESS
CASE_076,S3_MEDIUM_SOC_WHOLETESTING,2.0,2026-03-01 00:36:47,S3_MEDIUM_SOC_WHOLETESTING_L54,1.0,1,0,1,1,0,0,0.2984349249999999,0.0533397850030302,0.8,277.5,6968.0,,41.0,298.25,,,2.0,False,6.353217366398816,0.3813880906800051,4.532176397677395,0.231558913820594,reconstructed_shortest,RECOVERING
CASE_076,S3_MEDIUM_SOC_WHOLETESTING,3.0,2026-03-01 00:36:48,S3_MEDIUM_SOC_WHOLETESTING_L54,1.0,1,0,1,1,0,0,0.2989957363636363,0.0831968162393939,0.7,280.1818181818182,7031.0,,41.0,298.9090909090909,,,2.0,False,6.0567548783143295,0.6855658939267126,4.377194735233295,0.3920815129409716,reconstructed_shortest,RECOVERING
CASE_076,S3_MEDIUM_SOC_WHOLETESTING,4.0,2026-03-01 00:36:49,S3_MEDIUM_SOC_WHOLETESTING_L54,1.0,1,0,1,1,0,0,0.2991117272727273,0.1130654465666666,0.6,281.54545454545456,7072.636363636364,,41.0,298.77272727272725,,,2.0,False,5.802565031668841,0.9186315429774794,4.255370040163684,0.482234940838949,reconstructed_shortest,RECOVERING
CASE_076,S3_MEDIUM_SOC_WHOLETESTING,5.0,2026-03-01 00:36:50,S3_MEDIUM_SOC_WHOLETESTING_L54,1.0,1,0,1,1,0,0,0.298364,0.1428593041666666,0.5,276.8333333333333,6941.083333333333,,41.0,298.16666666666663,,,2.0,False,5.4866993253842615,1.2399464560793376,4.117185919379901,0.6221390733796177,reconstructed_shortest,RECOVERING
CASE_077,S5_REAL_TMS_JULY10,-15.0,2026-07-10 10:22:45,S5_REAL_TMS_JULY10_L112,8.0,1,0,1,1,0,0,0.0995492115616798,0.2193911634385585,0.0,228.0,,45244.0,65.0,,,,5.0,False,20.208912833345742,-18.907270737269123,0.0341807175636694,1.2077864292455158,recorded,PROGRESS
CASE_077,S5_REAL_TMS_JULY10,-14.0,2026-07-10 10:22:46,S5_REAL_TMS_JULY10_L112,8.0,1,0,1,0,1,1,0.0995492115616798,0.2001619994640349,0.0,228.0,,45244.0,65.0,,,,5.0,False,20.208912833345742,-18.907270737269123,0.0341807175636694,1.2077864292455158,recorded,PROGRESS
CASE_077,S5_REAL_TMS_JULY10,-13.0,2026-07-10 10:22:47,S5_REAL_TMS_JULY10_L113,8.0,0,0,1,1,0,0,0.0,0.1742111355066299,0.1,228.0,,45244.0,65.0,,,,5.0,True,20.1811346443245,,0.0064025285424267,,recorded,INACTIVE
CASE_077,S5_REAL_TMS_JULY10,-12.0,2026-07-10 10:22:48,S5_REAL_TMS_JULY10_L113,8.0,0,0,1,0,1,1,0.0,0.1601295992732047,0.2,228.0,,45244.0,65.0,,,,5.0,True,20.1811346443245,,0.0064025285424267,,recorded,INACTIVE
CASE_077,S5_REAL_TMS_JULY10,-11.0,2026-07-10 10:22:49,S5_REAL_TMS_JULY10_L114,8.0,1,0,1,1,0,0,0.0,0.1460480630397796,0.3,292.0,,44966.0,64.0,,,,4.0,False,20.181130904417188,,15.831446540146128,,recorded,PROGRESS
CASE_077,S5_REAL_TMS_JULY10,-10.0,2026-07-10 10:22:50,S5_REAL_TMS_JULY10_L114,8.0,1,0,1,0,1,1,0.0,0.1240961834788322,0.4,292.0,,44966.0,64.0,,,,4.0,False,20.181130904417188,,15.831446540146128,,recorded,PROGRESS
CASE_077,S5_REAL_TMS_JULY10,-9.0,2026-07-10 10:22:51,S5_REAL_TMS_JULY10_L114,8.0,1,0,1,1,0,0,0.2977967858314514,0.1319239825010299,0.4,288.0,,45030.0,64.0,,,,4.0,False,20.54194241360734,,15.844887734565392,,recorded,PROGRESS
CASE_077,S5_REAL_TMS_JULY10,-8.0,2026-07-10 10:22:52,S5_REAL_TMS_JULY10_L114,8.0,1,0,1,0,1,1,0.2977967858314514,0.1317538112401962,0.4,288.0,,45030.0,64.0,,,,4.0,False,20.54194241360734,,15.844887734565392,,recorded,PROGRESS
CASE_077,S5_REAL_TMS_JULY10,-7.0,2026-07-10 10:22:53,S5_REAL_TMS_JULY10_L114,8.0,1,0,1,1,0,0,0.2990730702877044,0.1317112684249877,0.4,280.0,,45034.0,64.0,,,,4.0,False,19.35083308140292,,15.865095893850794,,recorded,PROGRESS
CASE_077,S5_REAL_TMS_JULY10,-6.0,2026-07-10 10:22:54,S5_REAL_TMS_JULY10_L114,8.0,1,0,1,1,0,0,0.112311951816082,0.1206077016890048,0.4,276.0,,45034.0,64.0,,,,4.0,False,18.969899949000517,1.2112309554166707,15.922928233123844,-0.0914816929777142,recorded,PROGRESS
CASE_077,S5_REAL_TMS_JULY10,-5.0,2026-07-10 10:22:55,S5_REAL_TMS_JULY10_L114,8.0,1,0,1,0,1,1,0.112311951816082,0.121883975714445,0.4,276.0,,45034.0,64.0,,,,4.0,False,18.969899949000517,1.2112309554166707,15.922928233123844,-0.0914816929777142,recorded,PROGRESS
CASE_077,S5_REAL_TMS_JULY10,-4.0,2026-07-10 10:22:56,S5_REAL_TMS_JULY10_L114,8.0,1,0,1,1,0,0,0.139113649725914,0.1258404195308685,0.4,294.0,,44964.0,64.0,,,,4.0,False,19.14571177341146,1.3962306401958813,15.812409988199128,0.0324777463662648,recorded,PROGRESS
CASE_077,S5_REAL_TMS_JULY10,-3.0,2026-07-10 10:22:57,S5_REAL_TMS_JULY10_L114,8.0,1,0,1,0,1,1,0.139113649725914,0.1397517845034599,0.3,294.0,,44964.0,64.0,,,,4.0,False,19.14571177341146,1.3962306401958813,15.812409988199128,0.0324777463662648,recorded,PROGRESS
CASE_077,S5_REAL_TMS_JULY10,-2.0,2026-07-10 10:22:58,S5_REAL_TMS_JULY10_L114,8.0,1,0,1,1,0,0,0.2671662867069244,0.1664684131741523,0.2,290.0,,44964.0,64.0,,,,4.0,False,18.252174003084136,1.0986590783187822,15.53265581980199,0.3324400740488045,recorded,PROGRESS
CASE_077,S5_REAL_TMS_JULY10,-1.0,2026-07-10 10:22:59,S5_REAL_TMS_JULY10_L114,8.0,1,0,1,0,1,1,0.2671662867069244,0.1931850418448448,0.1,290.0,,44964.0,64.0,,,,4.0,False,18.252174003084136,0.7177259459163814,15.53265581980199,0.3902724133218527,recorded,PROGRESS
CASE_077,S5_REAL_TMS_JULY10,0.0,2026-07-10 10:23:00,S5_REAL_TMS_JULY10_L114,8.0,1,0,1,1,0,0,0.2965205311775207,0.2228370949625968,0.0,278.0,,44999.0,64.0,,,,4.0,False,18.875840087238537,0.0940598617619805,14.90881701210822,1.0141112210156231,recorded,PROGRESS
CASE_077,S5_REAL_TMS_JULY10,1.0,2026-07-10 10:23:01,S5_REAL_TMS_JULY10_L114,8.0,1,0,1,0,1,1,0.2965205311775207,0.2227094694972037,0.0,278.0,,44999.0,64.0,,,,4.0,False,18.875840087238537,0.2698716861729231,14.90881701210822,0.9035929760909092,recorded,PROGRESS
CASE_077,S5_REAL_TMS_JULY10,2.0,2026-07-10 10:23:02,S5_REAL_TMS_JULY10_L114,8.0,1,0,1,1,0,0,0.2952442467212677,0.2224542155861854,0.0,284.0,,44964.0,64.0,,,,4.0,False,19.269558173064908,-0.1238463996534484,14.520219066864964,1.2921909213341642,recorded,PROGRESS
CASE_077,S5_REAL_TMS_JULY10,3.0,2026-07-10 10:23:03,S5_REAL_TMS_JULY10_L114,8.0,1,0,1,0,1,1,0.2952442467212677,0.2220713332295417,0.0,284.0,,44964.0,64.0,,,,4.0,False,19.269558173064908,-1.0173841699807724,14.520219066864964,1.0124367529370255,recorded,PROGRESS
CASE_077,S5_REAL_TMS_JULY10,4.0,2026-07-10 10:23:04,S5_REAL_TMS_JULY10_L114,8.0,1,0,1,1,0,0,0.2986476421356201,0.2407049022614956,0.0,290.0,,44964.0,64.0,,,,4.0,False,19.932933211046464,-1.6807592079623284,13.861479057208513,1.671176762593479,recorded,PROGRESS
CASE_077,S5_REAL_TMS_JULY10,5.0,2026-07-10 10:23:05,S5_REAL_TMS_JULY10_L114,8.0,1,0,1,1,0,0,0.2982222139835357,0.2592959284782409,0.0,280.0,,44997.0,64.0,,,,4.0,False,20.32187343316069,-1.446033345922153,13.476192229271618,1.4326247828366014,recorded,PROGRESS
CASE_078,S4_SAFETY_RICH_NAVEEN12,-15.0,2026-03-01 01:29:45,S4_SAFETY_RICH_NAVEEN12_L51,1.0,1,0,1,1,0,0,0.2982222,0.261523846390909,0.0,290.45454545454544,6697.909090909091,,56.0,298.0,,,14.0,False,13.73186917041146,1.427467716861642,13.186207318745328,1.397695692559486,reconstructed_shortest,PROGRESS
CASE_078,S4_SAFETY_RICH_NAVEEN12,-14.0,2026-03-01 01:29:46,S4_SAFETY_RICH_NAVEEN12_L51,1.0,1,0,1,1,0,0,0.29737135,0.279948956590909,0.0,287.0,6630.0,,56.0,297.0,,,14.0,False,13.432632568194595,1.453096103349523,12.893608432153991,1.4254692227668304,reconstructed_shortest,PROGRESS
CASE_078,S4_SAFETY_RICH_NAVEEN12,-13.0,2026-03-01 01:29:47,S4_SAFETY_RICH_NAVEEN12_L51,1.0,1,0,1,1,0,0,0.2987249818181818,0.2922359729545454,0.0,288.27272727272725,6657.727272727273,,56.0,298.5909090909091,,,14.0,False,13.140322281370668,1.437086557367918,12.601135716756689,1.4202684939452688,reconstructed_shortest,PROGRESS
CASE_078,S4_SAFETY_RICH_NAVEEN12,-12.0,2026-03-01 01:29:48,S4_SAFETY_RICH_NAVEEN12_L51,1.0,1,0,1,1,0,0,0.0271884636363636,0.2684721743181818,0.1,240.54545454545453,5539.090909090909,,57.0,27.181818181818183,,,14.0,False,12.989088747443756,1.289168698770613,12.445439258678167,1.2793404797424888,reconstructed_shortest,PROGRESS
CASE_078,S4_SAFETY_RICH_NAVEEN12,-11.0,2026-03-01 01:29:49,S4_SAFETY_RICH_NAVEEN12_L51,1.0,1,0,1,1,0,0,0.0,0.2405785434848484,0.2,237.0,5443.0,,57.0,0.0,,,14.0,False,12.954729264611885,1.063309518676757,12.415237505380142,1.0526160458580751,reconstructed_shortest,PROGRESS
CASE_078,S4_SAFETY_RICH_NAVEEN12,-10.0,2026-03-01 01:29:50,S4_SAFETY_RICH_NAVEEN12_L51,1.0,1,0,1,1,0,0,0.0,0.2109194018181818,0.3,227.36363636363637,5212.454545454545,,58.0,0.0,,,14.0,False,12.9581100805545,0.7737590898569593,12.418545595393295,0.7676617233520293,reconstructed_shortest,PROGRESS
CASE_078,S4_SAFETY_RICH_NAVEEN12,-9.0,2026-03-01 01:29:51,S4_SAFETY_RICH_NAVEEN12_L51,1.0,1,0,1,1,0,0,0.0,0.1813717727272727,0.4,223.66666666666663,5126.333333333333,,58.0,0.0,,,14.0,False,12.95216800100732,0.4804645671872762,12.412731338315044,0.4808770938389468,reconstructed_shortest,PROGRESS
CASE_078,S4_SAFETY_RICH_NAVEEN12,-8.0,2026-03-01 01:29:52,S4_SAFETY_RICH_NAVEEN12_L51,1.0,1,0,1,1,0,0,0.0,0.1517835377272727,0.5,223.54545454545453,5123.454545454545,,58.0,0.0,,,14.0,False,12.956550361303211,0.1837719200674552,12.417019427761147,0.1841162889955399,reconstructed_shortest,PROGRESS
CASE_078,S4_SAFETY_RICH_NAVEEN12,-7.0,2026-03-01 01:29:53,S4_SAFETY_RICH_NAVEEN12_L51,1.0,1,0,1,1,0,0,0.0,0.1219883886363636,0.6,222.91666666666663,5107.916666666667,,58.0,0.0,,,14.0,False,12.960624870866305,0.0284638765774509,12.421006289442794,0.0244329692353737,reconstructed_shortest,STALLED
CASE_078,S4_SAFETY_RICH_NAVEEN12,-6.0,2026-03-01 01:29:54,S4_SAFETY_RICH_NAVEEN12_L51,1.0,1,0,1,1,0,0,0.0,0.0921506995454545,0.7,221.63636363636363,5076.545454545455,,58.0,0.0,,,14.0,False,12.95498014608507,-0.0002508814731854,12.415482990038084,-0.00024548465794,reconstructed_shortest,STALLED
CASE_078,S4_SAFETY_RICH_NAVEEN12,-5.0,2026-03-01 01:29:55,S4_SAFETY_RICH_NAVEEN12_L51,1.0,1,0,1,1,0,0,0.0,0.0623284795454545,0.8,223.25,5118.416666666667,,58.0,0.0,,,14.0,False,12.955179995259876,0.0029300852946239,12.411186135059706,0.0073594603335909,reconstructed_shortest,STALLED
CASE_078,S4_SAFETY_RICH_NAVEEN12,-4.0,2026-03-01 01:29:56,S4_SAFETY_RICH_NAVEEN12_L51,1.0,1,0,1,1,0,0,0.0,0.0325913445454545,0.9,222.27272727272728,5095.181818181818,,58.0,0.0,,,14.0,False,12.955714681990496,-0.0035466809831756,12.4150265326721,-0.0022951943570568,reconstructed_shortest,STALLED
CASE_078,S4_SAFETY_RICH_NAVEEN12,-3.0,2026-03-01 01:29:57,S4_SAFETY_RICH_NAVEEN12_L51,1.0,1,0,1,1,0,0,0.0,0.0027188463636363,1.0,221.27272727272728,5071.090909090909,,58.0,0.0,,,14.0,False,12.952422695745462,0.0041276655577497,12.412766153259254,0.0042532745018952,reconstructed_shortest,STALLED
CASE_078,S4_SAFETY_RICH_NAVEEN12,-2.0,2026-03-01 01:29:58,S4_SAFETY_RICH_NAVEEN12_L51,1.0,1,0,1,1,0,0,0.0,0.0,1.0,222.5,5099.25,,58.0,0.0,,,14.0,False,12.953840742665404,0.006784128200902,12.414153696424377,0.0068525930184168,reconstructed_shortest,STALLED
CASE_078,S4_SAFETY_RICH_NAVEEN12,-1.0,2026-03-01 01:29:59,S4_SAFETY_RICH_NAVEEN12_L51,1.0,1,0,1,1,0,0,0.0,0.0,1.0,222.0,5087.5,,58.0,0.0,,,14.0,False,12.946203727019617,0.0087764190654535,12.406680962323312,0.0088020277147702,reconstructed_shortest,STALLED
CASE_078,S4_SAFETY_RICH_NAVEEN12,0.0,2026-03-01 01:30:00,S4_SAFETY_RICH_NAVEEN12_L51,1.0,1,0,1,1,0,0,0.0,0.0,1.0,222.45454545454547,5096.727272727273,,58.0,0.0,,,14.0,False,12.957367039210526,-0.0021870439506486,12.417604138770225,-0.0064180037105163,reconstructed_shortest,STALLED
CASE_078,S4_SAFETY_RICH_NAVEEN12,1.0,2026-03-01 01:30:01,S4_SAFETY_RICH_NAVEEN12_L51,1.0,1,0,1,1,0,0,0.0,0.0,1.0,223.58333333333337,5124.5,,58.0,0.0,,,14.0,False,12.955365250889246,0.0003494311012488,12.415645410878795,-0.000618878206696,reconstructed_shortest,STALLED
CASE_078,S4_SAFETY_RICH_NAVEEN12,2.0,2026-03-01 01:30:02,S4_SAFETY_RICH_NAVEEN12_L51,1.0,1,0,1,1,0,0,0.0,0.0,1.0,223.63636363636363,5125.545454545455,,58.0,0.0,,,14.0,False,12.947737872027188,0.0046848237182732,12.408182105817092,0.0045840474421616,reconstructed_shortest,STALLED
CASE_078,S4_SAFETY_RICH_NAVEEN12,3.0,2026-03-01 01:30:03,S4_SAFETY_RICH_NAVEEN12_L51,1.0,1,0,1,1,0,0,0.0,0.0,1.0,223.63636363636363,5125.545454545455,,58.0,0.0,,,14.0,False,12.952326374350536,0.001514368314865,12.41267190384666,0.0014817925777173,reconstructed_shortest,STALLED
CASE_078,S4_SAFETY_RICH_NAVEEN12,4.0,2026-03-01 01:30:04,S4_SAFETY_RICH_NAVEEN12_L51,1.0,1,0,1,1,0,0,0.0,0.0,1.0,224.33333333333337,5144.5,,57.0,0.0,,,14.0,False,12.964580644533877,-0.0183769175142582,12.426940193524084,-0.0202592312007716,reconstructed_shortest,STALLED
CASE_078,S4_SAFETY_RICH_NAVEEN12,5.0,2026-03-01 01:30:05,S4_SAFETY_RICH_NAVEEN12_L51,1.0,1,0,1,1,0,0,0.0,0.0,1.0,222.1818181818182,5089.818181818182,,58.0,0.0,,,14.0,False,12.969000045169038,-0.0116330059585116,12.431814565167093,-0.01421042639687,reconstructed_shortest,STALLED
CASE_079,S4_SAFETY_RICH_NAVEEN12,-15.0,2026-03-01 01:39:18,S4_SAFETY_RICH_NAVEEN12_L58,1.0,1,0,1,1,0,0,0.0,0.0,1.0,227.0,5233.0,,57.0,0.0,,,1.0,False,0.0128468437152669,0.001735228043185,0.0128468437152669,0.001735228043185,reconstructed_shortest,STALLED
CASE_079,S4_SAFETY_RICH_NAVEEN12,-14.0,2026-03-01 01:39:19,S4_SAFETY_RICH_NAVEEN12_L58,1.0,1,0,1,1,0,0,0.0,0.0,1.0,227.0,5233.0,,57.0,0.0,,,1.0,False,0.012465189489135,0.0020361233479868,0.012465189489135,0.0020361233479868,reconstructed_shortest,STALLED
CASE_079,S4_SAFETY_RICH_NAVEEN12,-13.0,2026-03-01 01:39:20,S4_SAFETY_RICH_NAVEEN12_L58,1.0,1,0,1,1,0,0,0.0,0.0,1.0,227.0,5233.0,,57.0,0.0,,,1.0,False,0.0133019723974008,0.0014958973479369,0.0133019723974008,0.0014958973479369,reconstructed_shortest,STALLED
CASE_079,S4_SAFETY_RICH_NAVEEN12,-12.0,2026-03-01 01:39:21,S4_SAFETY_RICH_NAVEEN12_L58,1.0,1,0,1,1,0,0,0.0,0.0,1.0,227.0,5233.0,,57.0,0.0,,,1.0,False,0.0129864311987956,0.0025714391299262,0.0129864311987956,0.0025714391299262,reconstructed_shortest,STALLED
CASE_079,S4_SAFETY_RICH_NAVEEN12,-11.0,2026-03-01 01:39:22,S4_SAFETY_RICH_NAVEEN12_L59,1.0,1,0,1,1,0,0,0.0,0.0,1.0,228.75,5274.25,,56.0,0.0,,,5.0,False,22.44041959291683,,20.40940741958783,,reconstructed_shortest,PROGRESS
CASE_079,S4_SAFETY_RICH_NAVEEN12,-10.0,2026-03-01 01:39:23,S4_SAFETY_RICH_NAVEEN12_L59,1.0,1,0,1,1,0,0,0.0002127119999999,2.1271199999999997e-05,1.0,256.0,5923.0,,56.0,0.25,,,5.0,False,22.442025734685156,,20.411153473875043,,reconstructed_shortest,PROGRESS
CASE_079,S4_SAFETY_RICH_NAVEEN12,-9.0,2026-03-01 01:39:24,S4_SAFETY_RICH_NAVEEN12_L59,1.0,1,0,1,1,0,0,0.0004254219999999,6.38134e-05,1.0,270.3333333333333,6266.0,,56.0,0.5,,,5.0,False,22.443363912086134,,20.413367579853883,,reconstructed_shortest,PROGRESS
CASE_079,S4_SAFETY_RICH_NAVEEN12,-8.0,2026-03-01 01:39:25,S4_SAFETY_RICH_NAVEEN12_L59,1.0,1,0,1,1,0,0,0.000425424,0.0001063558,1.0,270.90909090909093,6279.454545454545,,56.0,0.5,,,5.0,False,22.464498285890816,,20.427054407645173,,reconstructed_shortest,PROGRESS
CASE_079,S4_SAFETY_RICH_NAVEEN12,-7.0,2026-03-01 01:39:26,S4_SAFETY_RICH_NAVEEN12_L59,1.0,1,0,1,1,0,0,0.000425424,0.0001488981999999,1.0,271.45454545454544,6289.272727272727,,56.0,0.5,,,5.0,False,22.48656697081697,,20.44453715066835,,reconstructed_shortest,PROGRESS
CASE_079,S4_SAFETY_RICH_NAVEEN12,-6.0,2026-03-01 01:39:27,S4_SAFETY_RICH_NAVEEN12_L59,1.0,1,0,1,1,0,0,0.000425424,0.0001914406,1.0,268.3636363636364,6221.636363636364,,56.0,0.5,,,5.0,False,22.441155876710496,-0.0007362837936675,20.411152329699625,-0.0017449101117961,reconstructed_shortest,STALLED
CASE_079,S4_SAFETY_RICH_NAVEEN12,-5.0,2026-03-01 01:39:28,S4_SAFETY_RICH_NAVEEN12_L59,1.0,1,0,1,1,0,0,0.000425424,0.0002339829999999,1.0,269.3636363636364,6252.727272727273,,55.0,0.5,,,5.0,False,22.44098276129341,0.0010429733917476,20.392452584519283,0.0187008893557596,reconstructed_shortest,STALLED
CASE_079,S4_SAFETY_RICH_NAVEEN12,-4.0,2026-03-01 01:39:29,S4_SAFETY_RICH_NAVEEN12_L59,1.0,1,0,1,1,0,0,0.000425424,0.0002765254,1.0,269.4166666666667,6252.416666666667,,56.0,0.5,,,5.0,False,22.438935747630048,0.0044281644560868,20.39356882758505,0.0197987522688336,reconstructed_shortest,STALLED
CASE_079,S4_SAFETY_RICH_NAVEEN12,-3.0,2026-03-01 01:39:30,S4_SAFETY_RICH_NAVEEN12_L59,1.0,1,0,1,1,0,0,0.000425424,0.0003190678,1.0,270.3333333333333,6266.75,,56.0,0.5,,,5.0,False,22.43317292161191,0.0313253642789064,20.392766725347443,0.0342876822977302,reconstructed_shortest,PROGRESS
CASE_079,S4_SAFETY_RICH_NAVEEN12,-2.0,2026-03-01 01:39:31,S4_SAFETY_RICH_NAVEEN12_L59,1.0,1,0,1,1,0,0,0.0004254239999999,0.0003616102,1.0,268.5,6223.5,,56.0,0.5,,,5.0,False,22.431808626115423,0.0547583447015433,20.39353524896446,0.0510019017038878,reconstructed_shortest,PROGRESS
CASE_079,S4_SAFETY_RICH_NAVEEN12,-1.0,2026-03-01 01:39:32,S4_SAFETY_RICH_NAVEEN12_L59,1.0,1,0,1,1,0,0,0.0004254229090909,0.000404152490909,1.0,267.09090909090907,6185.727272727273,,56.0,0.2272727272727266,,,5.0,False,22.43418656462782,0.0069693120826777,20.39472670958327,0.0164256201163546,reconstructed_shortest,STALLED
CASE_079,S4_SAFETY_RICH_NAVEEN12,0.0,2026-03-01 01:39:33,S4_SAFETY_RICH_NAVEEN12_L59,1.0,1,0,1,1,0,0,0.0004254229090909,0.0004254235818181,1.0,265.6363636363636,6162.181818181818,,56.0,0.3181818181818165,,,5.0,False,22.431215419904344,0.0097673413890646,20.39348369510165,-0.0010311105823674,reconstructed_shortest,STALLED
CASE_079,S4_SAFETY_RICH_NAVEEN12,1.0,2026-03-01 01:39:34,S4_SAFETY_RICH_NAVEEN12_L59,1.0,1,0,1,1,0,0,0.1415115043636363,0.0145340318181818,0.9,273.09090909090907,6342.363636363636,,55.0,141.13636363636363,,,5.0,False,22.39830001298832,0.0406357346417252,20.360532004821547,0.0330368227635027,reconstructed_shortest,PROGRESS
CASE_079,S4_SAFETY_RICH_NAVEEN12,2.0,2026-03-01 01:39:35,S4_SAFETY_RICH_NAVEEN12_L59,1.0,1,0,1,1,0,0,0.29311715,0.0438032044181818,0.8,288.5,6707.75,,55.0,292.875,,,5.0,False,22.19047642010388,0.2426965015080284,20.156354261416716,0.2364124639307263,reconstructed_shortest,RECOVERING
CASE_079,S4_SAFETY_RICH_NAVEEN12,3.0,2026-03-01 01:39:36,S4_SAFETY_RICH_NAVEEN12_L59,1.0,1,0,1,1,0,0,0.2980675,0.0735674120181818,0.7,287.6363636363636,6689.0,,55.0,297.9090909090909,,,5.0,False,21.88448488661839,0.5473237394970312,19.855367051187404,0.5381681977770576,reconstructed_shortest,RECOVERING
CASE_079,S4_SAFETY_RICH_NAVEEN12,4.0,2026-03-01 01:39:37,S4_SAFETY_RICH_NAVEEN12_L59,1.0,1,0,1,1,0,0,0.2972553090909091,0.1032504005272727,0.6,286.6363636363636,6662.090909090909,,55.0,297.0909090909091,,,5.0,False,21.64029662558744,0.7938899390403797,19.610651317868935,0.7840753917143353,reconstructed_shortest,RECOVERING
CASE_079,S4_SAFETY_RICH_NAVEEN12,5.0,2026-03-01 01:39:38,S4_SAFETY_RICH_NAVEEN12_L59,1.0,1,0,1,1,0,0,0.2987185083333333,0.133079708960606,0.5,285.25,6623.416666666667,,55.0,298.75,,,5.0,False,21.324049060007372,1.107166359896972,19.294752605617052,1.0987310894845983,reconstructed_shortest,RECOVERING
CASE_080,S4_SAFETY_RICH_NAVEEN12,-15.0,2026-03-01 01:09:13,S4_SAFETY_RICH_NAVEEN12_L27,1.0,1,0,1,1,0,0,0.2982608727272727,0.2726161948484848,0.0,288.0,6543.636363636364,,59.0,298.0454545454545,,,2.0,False,11.011647295875514,1.5305422424917854,10.726347096325966,1.4469636962727304,reconstructed_shortest,PROGRESS
CASE_080,S4_SAFETY_RICH_NAVEEN12,-14.0,2026-03-01 01:09:14,S4_SAFETY_RICH_NAVEEN12_L27,1.0,1,0,1,1,0,0,0.2989312833333333,0.2867802395454545,0.0,288.0,6551.166666666667,,59.0,298.83333333333337,,,2.0,False,10.762624660557789,1.4608770190447269,10.476654781754052,1.386685921699918,reconstructed_shortest,PROGRESS
CASE_080,S4_SAFETY_RICH_NAVEEN12,-13.0,2026-03-01 01:09:15,S4_SAFETY_RICH_NAVEEN12_L27,1.0,1,0,1,1,0,0,0.2983769090909091,0.295110814090909,0.0,291.54545454545456,6632.909090909091,,59.0,298.1818181818182,,,2.0,False,10.456124544623773,1.5005720547269483,10.168032059397326,1.432010203800255,reconstructed_shortest,PROGRESS
CASE_080,S4_SAFETY_RICH_NAVEEN12,-12.0,2026-03-01 01:09:16,S4_SAFETY_RICH_NAVEEN12_L27,1.0,1,0,1,1,0,0,0.2821334363636363,0.2960544793939393,0.0,291.90909090909093,6634.909090909091,,59.0,281.9090909090909,,,2.0,False,10.21697318952093,1.3901713228827752,9.918352357886793,1.4038646110845503,reconstructed_shortest,PROGRESS
CASE_080,S4_SAFETY_RICH_NAVEEN12,-11.0,2026-03-01 01:09:17,S4_SAFETY_RICH_NAVEEN12_L27,1.0,1,0,1,1,0,0,0.1753455833333333,0.2840066013636363,0.0,285.3333333333333,6477.0,,59.0,175.08333333333334,,,2.0,False,10.107059508675372,1.2085280594792869,9.682065857115852,1.3484543733362102,reconstructed_shortest,PROGRESS
CASE_080,S4_SAFETY_RICH_NAVEEN12,-10.0,2026-03-01 01:09:18,S4_SAFETY_RICH_NAVEEN12_L27,1.0,1,0,1,1,0,0,0.125571025,0.2668123855303029,0.0,283.8333333333333,6442.0,,60.0,125.54166666666669,,,2.0,False,9.978857279398715,1.0327900164767971,9.566638746449437,1.1597083498765317,reconstructed_shortest,PROGRESS
CASE_080,S4_SAFETY_RICH_NAVEEN12,-9.0,2026-03-01 01:09:19,S4_SAFETY_RICH_NAVEEN12_L27,1.0,1,0,1,1,0,0,0.1426717090909091,0.2514062364393939,0.0,283.1818181818182,6433.909090909091,,60.0,142.45454545454544,,,2.0,False,9.820366228751038,0.9422584318067512,9.526303436346677,0.9503513454073768,reconstructed_shortest,PROGRESS
CASE_080,S4_SAFETY_RICH_NAVEEN12,-8.0,2026-03-01 01:09:20,S4_SAFETY_RICH_NAVEEN12_L27,1.0,1,0,1,1,0,0,0.1632081181818181,0.2380904664393939,0.0,273.27272727272725,6191.727272727273,,60.0,163.3181818181818,,,2.0,False,9.641900216880208,0.814224327743565,9.482040976631342,0.6859910827659839,reconstructed_shortest,PROGRESS
CASE_080,S4_SAFETY_RICH_NAVEEN12,-7.0,2026-03-01 01:09:21,S4_SAFETY_RICH_NAVEEN12_L27,1.0,1,0,1,1,0,0,0.1092953,0.2192209800757575,0.0,284.3636363636364,6459.909090909091,,60.0,109.22727272727272,,,2.0,False,9.455412118086482,0.7615610714344481,9.433830879088184,0.4845214787986087,reconstructed_shortest,PROGRESS
CASE_080,S4_SAFETY_RICH_NAVEEN12,-6.0,2026-03-01 01:09:22,S4_SAFETY_RICH_NAVEEN12_L27,1.0,1,0,1,1,0,0,0.1240110833333333,0.2017805320454545,0.0,283.3333333333333,6439.333333333333,,59.0,124.0,,,2.0,False,9.364560689315956,0.7424988193594171,9.355929615148623,0.3261362419672284,reconstructed_shortest,PROGRESS
CASE_080,S4_SAFETY_RICH_NAVEEN12,-5.0,2026-03-01 01:09:23,S4_SAFETY_RICH_NAVEEN12_L27,1.0,1,0,1,1,0,0,0.2037781,0.1923322547727272,0.0,282.8181818181818,6424.181818181818,,60.0,203.63636363636363,,,2.0,False,9.241343313141922,0.7375139662567953,9.22841116456184,0.3382275818875939,reconstructed_shortest,PROGRESS
CASE_080,S4_SAFETY_RICH_NAVEEN12,-4.0,2026-03-01 01:09:24,S4_SAFETY_RICH_NAVEEN12_L27,1.0,1,0,1,1,0,0,0.2545195727272727,0.1878910837121211,0.0,287.0,6523.454545454545,,59.0,254.27272727272728,,,2.0,False,9.049918746718731,0.7704474820323064,8.995401306997053,0.5309021293496219,reconstructed_shortest,PROGRESS
CASE_080,S4_SAFETY_RICH_NAVEEN12,-3.0,2026-03-01 01:09:25,S4_SAFETY_RICH_NAVEEN12_L27,1.0,1,0,1,1,0,0,0.2911318166666666,0.1871665744696969,0.0,294.8333333333333,6700.5,,59.0,290.91666666666663,,,2.0,False,8.797807564215992,0.8440926526642158,8.747084520000556,0.7349564566307869,reconstructed_shortest,PROGRESS
CASE_080,S4_SAFETY_RICH_NAVEEN12,-2.0,2026-03-01 01:09:26,S4_SAFETY_RICH_NAVEEN12_L27,1.0,1,0,1,1,0,0,0.2964818,0.1886014108333333,0.0,291.54545454545456,6634.727272727273,,59.0,296.27272727272725,,,2.0,False,8.508233020957121,0.9471790971293608,8.46238101154321,0.9714498675449744,reconstructed_shortest,PROGRESS
CASE_080,S4_SAFETY_RICH_NAVEEN12,-1.0,2026-03-01 01:09:27,S4_SAFETY_RICH_NAVEEN12_L27,1.0,1,0,1,1,0,0,0.2961724,0.2006840924999999,0.0,290.8181818181818,6623.272727272727,,59.0,295.8181818181818,,,2.0,False,8.224759555945743,1.1398011333702112,8.190787814343867,1.165141800804756,reconstructed_shortest,PROGRESS
CASE_080,S4_SAFETY_RICH_NAVEEN12,0.0,2026-03-01 01:09:28,S4_SAFETY_RICH_NAVEEN12_L27,1.0,1,0,1,1,0,0,0.29779675,0.2179066649999999,0.0,290.0,6595.0,,59.0,297.5,,,2.0,False,7.887112984492072,1.3542303286498498,7.864975545837698,1.363435618724143,reconstructed_shortest,PROGRESS
CASE_080,S4_SAFETY_RICH_NAVEEN12,1.0,2026-03-01 01:09:29,S4_SAFETY_RICH_NAVEEN12_L27,1.0,1,0,1,1,0,0,0.2969459083333333,0.2333340849242424,0.0,289.5,6591.416666666667,,59.0,296.66666666666663,,,2.0,False,7.642458533698438,1.4074602130202931,7.63060373840749,1.3647975685895632,reconstructed_shortest,PROGRESS
CASE_080,S4_SAFETY_RICH_NAVEEN12,2.0,2026-03-01 01:09:30,S4_SAFETY_RICH_NAVEEN12_L27,1.0,1,0,1,1,0,0,0.2982608545454546,0.246839358560606,0.0,289.72727272727275,6587.545454545455,,59.0,298.1363636363636,,,2.0,False,7.348747639129562,1.4490599250864298,7.337317763231805,1.4097667567687502,reconstructed_shortest,PROGRESS
CASE_080,S4_SAFETY_RICH_NAVEEN12,3.0,2026-03-01 01:09:31,S4_SAFETY_RICH_NAVEEN12_L27,1.0,1,0,1,1,0,0,0.2985413,0.265763958560606,0.0,290.0,6588.75,,59.0,298.375,,,2.0,False,7.072047538178262,1.4361854827788587,7.059477193812181,1.402903817731029,reconstructed_shortest,PROGRESS
CASE_080,S4_SAFETY_RICH_NAVEEN12,4.0,2026-03-01 01:09:32,S4_SAFETY_RICH_NAVEEN12_L27,1.0,1,0,1,1,0,0,0.2983769090909091,0.2832005411363636,0.0,289.1818181818182,6575.636363636364,,59.0,298.1818181818182,,,2.0,False,6.761324020535945,1.4634355354097988,6.761271193260253,1.4295166210836143,reconstructed_shortest,PROGRESS
CASE_080,S4_SAFETY_RICH_NAVEEN12,5.0,2026-03-01 01:09:33,S4_SAFETY_RICH_NAVEEN12_L27,1.0,1,0,1,1,0,0,0.2990731,0.2927300411363636,0.0,291.1666666666667,6622.166666666667,,59.0,299.0,,,2.0,False,6.5014178378208625,1.3856951466712095,6.501374306738708,1.3636012390989896,reconstructed_shortest,PROGRESS
CASE_081,S4_SAFETY_RICH_NAVEEN12,-15.0,2026-03-01 00:39:52,S4_SAFETY_RICH_NAVEEN12_L7,1.0,1,0,1,1,0,0,0.000425424,0.0573652064590909,0.4,276.09090909090907,6112.818181818182,,65.0,0.5,,,5.0,False,2.9101217078782877,-0.2307418761616397,2.6320863736456532,-0.0753321103109168,reconstructed_shortest,PROGRESS
CASE_081,S4_SAFETY_RICH_NAVEEN12,-14.0,2026-03-01 00:39:53,S4_SAFETY_RICH_NAVEEN12_L7,1.0,1,0,1,1,0,0,0.000425424,0.0554121234045454,0.4,276.09090909090907,6113.0,,65.0,0.5,,,5.0,False,2.9099464613717023,-0.1413332098777706,2.624935643942171,-0.0652132703890453,reconstructed_shortest,PROGRESS
CASE_081,S4_SAFETY_RICH_NAVEEN12,-13.0,2026-03-01 00:39:54,S4_SAFETY_RICH_NAVEEN12_L7,1.0,1,0,1,1,0,0,0.000425424,0.0448268012590909,0.5,276.5,6122.0,,65.0,0.5,,,5.0,False,2.903106531060879,-0.0556884336845269,2.6205920620223826,-0.0453649769946618,reconstructed_shortest,DEGRADING
CASE_081,S4_SAFETY_RICH_NAVEEN12,-12.0,2026-03-01 00:39:55,S4_SAFETY_RICH_NAVEEN12_L7,1.0,1,0,1,1,0,0,0.000425424,0.0341254536590909,0.6,276.09090909090907,6113.0,,65.0,0.5,,,5.0,False,2.8976568266118106,-0.0133421463486911,2.6142838308612153,-0.0235681025052194,reconstructed_shortest,STALLED
CASE_081,S4_SAFETY_RICH_NAVEEN12,-11.0,2026-03-01 00:39:56,S4_SAFETY_RICH_NAVEEN12_L7,1.0,1,0,1,1,0,0,0.000425424,0.0206678712257575,0.7,276.09090909090907,6113.0,,65.0,0.5,,,5.0,False,2.9175113841893463,-0.0283646858260748,2.608065240941786,0.0167859328385908,reconstructed_shortest,STALLED
CASE_081,S4_SAFETY_RICH_NAVEEN12,-10.0,2026-03-01 00:39:57,S4_SAFETY_RICH_NAVEEN12_L7,1.0,1,0,1,1,0,0,0.0,0.0121274847257575,0.8,244.0,5381.0,,65.0,0.0,,,5.0,False,2.944504157130065,-0.0343824492517774,2.592885547287038,0.0392008263586154,reconstructed_shortest,STALLED
CASE_081,S4_SAFETY_RICH_NAVEEN12,-9.0,2026-03-01 00:39:58,S4_SAFETY_RICH_NAVEEN12_L7,1.0,1,0,1,1,0,0,0.0,0.0048643369075757,0.9,243.0909090909091,5354.545454545455,,65.0,0.0,,,5.0,False,2.944504157130065,-0.0345576957583628,2.592885547287038,0.0320500966551335,reconstructed_shortest,STALLED
CASE_081,S4_SAFETY_RICH_NAVEEN12,-8.0,2026-03-01 00:39:59,S4_SAFETY_RICH_NAVEEN12_L7,1.0,1,0,1,1,0,0,0.0,0.0005636868166666,1.0,233.5,5137.0,,66.0,0.0,,,5.0,False,2.944504157130065,-0.0413976260691861,2.592885547287038,0.0277065147353452,reconstructed_shortest,STALLED
CASE_081,S4_SAFETY_RICH_NAVEEN12,-7.0,2026-03-01 00:40:00,S4_SAFETY_RICH_NAVEEN12_L7,1.0,1,0,1,1,0,0,0.0,0.0002552544,1.0,232.45454545454547,5123.0,,66.0,0.0,,,5.0,False,2.944504157130065,-0.0468473305182546,2.592885547287038,0.0213982835741779,reconstructed_shortest,STALLED
CASE_081,S4_SAFETY_RICH_NAVEEN12,-6.0,2026-03-01 00:40:01,S4_SAFETY_RICH_NAVEEN12_L7,1.0,1,0,1,1,0,0,0.0,0.0002127119999999,1.0,232.45454545454547,5122.818181818182,,66.0,0.0,,,5.0,False,2.944504157130065,-0.0269927729407188,2.592885547287038,0.0151796936547485,reconstructed_shortest,STALLED
CASE_081,S4_SAFETY_RICH_NAVEEN12,-5.0,2026-03-01 00:40:02,S4_SAFETY_RICH_NAVEEN12_L7,1.0,1,0,1,1,0,0,0.0,0.0001701696,1.0,231.5,5085.5,,66.0,0.0,,,5.0,False,2.9446886072597387,-0.0001844501296734,2.593628775274133,-0.0007432279870953,reconstructed_shortest,STALLED
CASE_081,S4_SAFETY_RICH_NAVEEN12,-4.0,2026-03-01 00:40:03,S4_SAFETY_RICH_NAVEEN12_L7,1.0,1,0,1,1,0,0,0.0,0.0001276272,1.0,231.36363636363637,5094.454545454545,,66.0,0.0,,,5.0,False,2.945708086219385,-0.0012039290893199,2.5973466050818095,-0.0044610577947721,reconstructed_shortest,STALLED
CASE_081,S4_SAFETY_RICH_NAVEEN12,-3.0,2026-03-01 00:40:04,S4_SAFETY_RICH_NAVEEN12_L7,1.0,1,0,1,1,0,0,0.0,8.50848e-05,1.0,231.9090909090909,5094.454545454545,,66.0,0.0,,,5.0,False,2.945708086219385,-0.0012039290893199,2.5973466050818095,-0.0044610577947721,reconstructed_shortest,STALLED
CASE_081,S4_SAFETY_RICH_NAVEEN12,-2.0,2026-03-01 00:40:05,S4_SAFETY_RICH_NAVEEN12_L7,1.0,1,0,1,1,0,0,0.0,4.25424e-05,1.0,231.0909090909091,5076.545454545455,,66.0,0.0,,,5.0,False,2.946638411749841,-0.0021342546197757,2.600322890975273,-0.0074373436882355,reconstructed_shortest,STALLED
CASE_081,S4_SAFETY_RICH_NAVEEN12,-1.0,2026-03-01 00:40:06,S4_SAFETY_RICH_NAVEEN12_L7,1.0,1,0,1,1,0,0,0.0,0.0,1.0,230.72727272727272,5081.636363636364,,66.0,0.0,,,5.0,False,2.947966176971108,-0.0034620198410428,2.604113480247046,-0.0112279329600086,reconstructed_shortest,STALLED
CASE_081,S4_SAFETY_RICH_NAVEEN12,0.0,2026-03-01 00:40:07,S4_SAFETY_RICH_NAVEEN12_L7,1.0,1,0,1,1,0,0,0.0,0.0,1.0,231.33333333333337,5087.166666666667,,66.0,0.0,,,5.0,False,2.948795415732029,-0.0041068084722901,2.606280828715509,-0.0126520534413758,reconstructed_shortest,STALLED
CASE_081,S4_SAFETY_RICH_NAVEEN12,1.0,2026-03-01 00:40:08,S4_SAFETY_RICH_NAVEEN12_L7,1.0,1,0,1,1,0,0,0.0,0.0,1.0,231.9090909090909,5094.454545454545,,66.0,0.0,,,5.0,False,2.948795415732029,-0.0030873295126436,2.606280828715509,-0.0089342236336995,reconstructed_shortest,STALLED
CASE_081,S4_SAFETY_RICH_NAVEEN12,2.0,2026-03-01 00:40:09,S4_SAFETY_RICH_NAVEEN12_L7,1.0,1,0,1,1,0,0,0.0,0.0,1.0,231.9090909090909,5094.454545454545,,66.0,0.0,,,5.0,False,2.9490105870041257,-0.0033025007847404,2.6068228129031232,-0.0094762078213137,reconstructed_shortest,STALLED
CASE_081,S4_SAFETY_RICH_NAVEEN12,3.0,2026-03-01 00:40:10,S4_SAFETY_RICH_NAVEEN12_L7,1.0,1,0,1,1,0,0,0.0,0.0,1.0,231.66666666666663,5090.333333333333,,66.0,0.0,,,5.0,False,2.944691279001809,0.001947132748032,2.608296030737959,-0.007973139762686,reconstructed_shortest,STALLED
CASE_081,S4_SAFETY_RICH_NAVEEN12,4.0,2026-03-01 00:40:11,S4_SAFETY_RICH_NAVEEN12_L7,1.0,1,0,1,1,0,0,0.0,0.0,1.0,234.8181818181818,5163.272727272727,,65.0,0.0,,,5.0,False,2.9283608289473584,0.0196053480237496,2.6123038408455996,-0.0081903605985536,reconstructed_shortest,STALLED
CASE_081,S4_SAFETY_RICH_NAVEEN12,5.0,2026-03-01 00:40:12,S4_SAFETY_RICH_NAVEEN12_L7,1.0,1,0,1,1,0,0,0.0,0.0,1.0,263.1818181818182,5812.363636363636,,65.0,0.0,,,5.0,False,2.923591513481389,0.0252039022506402,2.620835550368757,-0.0145547216532477,reconstructed_shortest,STALLED
CASE_082,S3_MEDIUM_SOC_WHOLETESTING,-15.0,2026-03-01 00:29:50,S3_MEDIUM_SOC_WHOLETESTING_L44,1.0,1,0,1,1,0,0,0.0986210127272727,0.0136522424727272,0.8,254.8181818181818,6279.545454545455,,45.0,99.0,,,5.0,False,2.4416490067697794,0.1135521093633946,1.7146750735251193,-0.0526101633848354,reconstructed_shortest,PROGRESS
CASE_082,S3_MEDIUM_SOC_WHOLETESTING,-14.0,2026-03-01 00:29:51,S3_MEDIUM_SOC_WHOLETESTING_L44,1.0,1,0,1,1,0,0,0.01687515,0.0153397574727272,0.8,258.3333333333333,6360.833333333333,,44.0,17.0,,,5.0,False,2.3756592565896653,0.1777748545401611,1.7519575897168371,-0.0923939103014417,reconstructed_shortest,PROGRESS
CASE_082,S3_MEDIUM_SOC_WHOLETESTING,-13.0,2026-03-01 00:29:52,S3_MEDIUM_SOC_WHOLETESTING_L44,1.0,1,0,1,1,0,0,0.0005027732727272,0.0154055047636363,0.8,263.45454545454544,6497.272727272727,,44.0,0.5909090909090935,,,5.0,False,2.3718030216218953,0.1797580154975642,1.750366970508992,-0.0949193599284814,reconstructed_shortest,PROGRESS
CASE_082,S3_MEDIUM_SOC_WHOLETESTING,-12.0,2026-03-01 00:29:53,S3_MEDIUM_SOC_WHOLETESTING_L44,1.0,1,0,1,1,0,0,0.0004254218181818,0.0154905893454545,0.8,262.72727272727275,6482.181818181818,,44.0,0.5,,,5.0,False,2.366924076577677,0.1874354763268151,1.7477407025217853,-0.0913463518187223,reconstructed_shortest,PROGRESS
CASE_082,S3_MEDIUM_SOC_WHOLETESTING,-11.0,2026-03-01 00:29:54,S3_MEDIUM_SOC_WHOLETESTING_L44,1.0,1,0,1,1,0,0,0.000425424,0.0155756741454545,0.8,260.6666666666667,6434.833333333333,,44.0,0.5,,,5.0,False,2.38633015614408,0.1582007522443582,1.7567563164701228,-0.0947606671247933,reconstructed_shortest,PROGRESS
CASE_082,S3_MEDIUM_SOC_WHOLETESTING,-10.0,2026-03-01 00:29:55,S3_MEDIUM_SOC_WHOLETESTING_L44,1.0,1,0,1,1,0,0,0.0004254238181818,0.0156607589272727,0.8,260.6363636363636,6426.0,,45.0,0.5,,,5.0,False,2.4414568603070625,0.0001921464627168,1.7533872433186963,-0.038712169793577,reconstructed_shortest,STALLED
CASE_082,S3_MEDIUM_SOC_WHOLETESTING,-9.0,2026-03-01 00:29:56,S3_MEDIUM_SOC_WHOLETESTING_L44,1.0,1,0,1,1,0,0,0.0001933736363636,0.015722638690909,0.8,237.36363636363637,5844.181818181818,,45.0,0.2272727272727284,,,5.0,False,2.430091034850577,-0.0544317782609118,1.7580005699579042,-0.0060429802410668,reconstructed_shortest,STALLED
CASE_082,S3_MEDIUM_SOC_WHOLETESTING,-8.0,2026-03-01 00:29:57,S3_MEDIUM_SOC_WHOLETESTING_L44,1.0,1,0,1,1,0,0,0.0,0.015765181090909,0.8,221.0,5431.0,,45.0,0.0,,,5.0,False,2.4175663183108744,-0.0457632966889791,1.752098080063145,-0.0017311095541527,reconstructed_shortest,STALLED
CASE_082,S3_MEDIUM_SOC_WHOLETESTING,-7.0,2026-03-01 00:29:58,S3_MEDIUM_SOC_WHOLETESTING_L44,1.0,1,0,1,1,0,0,0.0,0.0158077233818181,0.8,221.0,5431.0,,45.0,0.0,,,5.0,False,2.4168767310854204,-0.0499526545077433,1.753034372123674,-0.0052936696018885,reconstructed_shortest,STALLED
CASE_082,S3_MEDIUM_SOC_WHOLETESTING,-6.0,2026-03-01 00:29:59,S3_MEDIUM_SOC_WHOLETESTING_L44,1.0,1,0,1,1,0,0,0.0,0.0117468579272727,0.9,221.0,5431.0,,45.0,0.0,,,5.0,False,2.417186600627626,-0.0308564444835459,1.751112280566057,0.0056440359040657,reconstructed_shortest,STALLED
CASE_082,S3_MEDIUM_SOC_WHOLETESTING,-5.0,2026-03-01 00:30:00,S3_MEDIUM_SOC_WHOLETESTING_L44,1.0,1,0,1,1,0,0,0.0,0.0018847566545454,1.0,221.0,5431.0,,45.0,0.0,,,5.0,False,2.4167061697999417,0.0247506905071208,1.7508749885452015,0.0025122547734945,reconstructed_shortest,STALLED
CASE_082,S3_MEDIUM_SOC_WHOLETESTING,-4.0,2026-03-01 00:30:01,S3_MEDIUM_SOC_WHOLETESTING_L44,1.0,1,0,1,1,0,0,0.0,0.0001972416545454,1.0,221.0,5431.0,,45.0,0.0,,,5.0,False,2.4167372380547136,0.0133537967958634,1.7521673078322364,0.0058332621256678,reconstructed_shortest,STALLED
CASE_082,S3_MEDIUM_SOC_WHOLETESTING,-3.0,2026-03-01 00:30:02,S3_MEDIUM_SOC_WHOLETESTING_L44,1.0,1,0,1,1,0,0,0.0,0.0001469643272727,1.0,221.0,5431.0,,45.0,0.0,,,5.0,False,2.415758776329973,0.0018075419809013,1.7521926994462302,-9.461938308530372e-05,reconstructed_shortest,STALLED
CASE_082,S3_MEDIUM_SOC_WHOLETESTING,-2.0,2026-03-01 00:30:03,S3_MEDIUM_SOC_WHOLETESTING_L44,1.0,1,0,1,1,0,0,0.0,0.0001044221454545,1.0,221.0,5431.0,,45.0,0.0,,,5.0,False,2.4108624548326363,0.0060142762527841,1.7521624280552694,0.0008719440684044,reconstructed_shortest,STALLED
CASE_082,S3_MEDIUM_SOC_WHOLETESTING,-1.0,2026-03-01 00:30:04,S3_MEDIUM_SOC_WHOLETESTING_L44,1.0,1,0,1,1,0,0,0.0,6.187974545453436e-05,1.0,221.0,5431.0,,45.0,0.0,,,5.0,False,2.4094522121269564,0.0077343885006695,1.752745178106092,-0.001632897540035,reconstructed_shortest,STALLED
CASE_082,S3_MEDIUM_SOC_WHOLETESTING,0.0,2026-03-01 00:30:05,S3_MEDIUM_SOC_WHOLETESTING_L44,1.0,1,0,1,1,0,0,0.0,1.9337363636352537e-05,1.0,221.0,5431.0,,45.0,0.0,,,5.0,False,2.4082511812512406,0.008454988548701,1.752155204102011,-0.0012802155568092,reconstructed_shortest,STALLED
CASE_082,S3_MEDIUM_SOC_WHOLETESTING,1.0,2026-03-01 00:30:06,S3_MEDIUM_SOC_WHOLETESTING_L44,1.0,1,0,1,1,0,0,0.0,0.0,1.0,221.0,5431.0,,45.0,0.0,,,5.0,False,2.409452119739966,0.0072851183147477,1.7527451327004675,-0.0005778248682313,reconstructed_shortest,STALLED
CASE_082,S3_MEDIUM_SOC_WHOLETESTING,2.0,2026-03-01 00:30:07,S3_MEDIUM_SOC_WHOLETESTING_L44,1.0,1,0,1,1,0,0,0.0,0.0,1.0,221.0,5431.0,,45.0,0.0,,,5.0,False,2.4095722135888384,0.0061865627411346,1.7528041584593104,-0.0006114590130801,reconstructed_shortest,STALLED
CASE_082,S3_MEDIUM_SOC_WHOLETESTING,3.0,2026-03-01 00:30:08,S3_MEDIUM_SOC_WHOLETESTING_L44,1.0,1,0,1,1,0,0,0.0,0.0,1.0,221.0,5431.0,,45.0,0.0,,,5.0,False,2.409572213588839,0.0012902412437973,1.75280415845931,-0.0006417304040406,reconstructed_shortest,STALLED
CASE_082,S3_MEDIUM_SOC_WHOLETESTING,4.0,2026-03-01 00:30:09,S3_MEDIUM_SOC_WHOLETESTING_L44,1.0,1,0,1,1,0,0,0.0,0.0,1.0,221.0,5431.0,,45.0,0.0,,,5.0,False,2.409572213588839,-0.0001200014618825,1.75280415845931,-5.898035321805217e-05,reconstructed_shortest,STALLED
CASE_082,S3_MEDIUM_SOC_WHOLETESTING,5.0,2026-03-01 00:30:10,S3_MEDIUM_SOC_WHOLETESTING_L44,1.0,1,0,1,1,0,0,0.0,0.0,1.0,221.33333333333337,5438.333333333333,,45.0,0.0,,,5.0,False,2.4095722135888384,-0.0013210323375978,1.7528041584593104,-0.0006489543572993,reconstructed_shortest,STALLED
CASE_083,S1_LOW_SOC_STRESS,-15.0,2026-06-22 15:30:17,S1_LOW_SOC_STRESS_L135,21.0,1,0,1,1,0,0,0.295669674873352,0.1249044872820377,0.3,286.0,,42993.0,55.0,,,,6.0,False,14.26696106095263,-0.4053968604634761,11.589719135182984,0.7904756055199762,recorded,PROGRESS
CASE_083,S1_LOW_SOC_STRESS,-14.0,2026-06-22 15:30:18,S1_LOW_SOC_STRESS_L135,21.0,1,0,1,0,1,1,0.295669674873352,0.133625679463148,0.3,286.0,,42993.0,55.0,,,,6.0,False,14.26696106095263,-0.3323045369603061,11.589719135182984,0.7798380180518549,recorded,PROGRESS
CASE_083,S1_LOW_SOC_STRESS,-13.0,2026-06-22 15:30:19,S1_LOW_SOC_STRESS_L135,21.0,1,0,1,1,0,0,0.2986476421356201,0.1426446683704852,0.3,222.0,,43273.0,56.0,,,,6.0,False,14.522414187436029,-0.6023367708662004,11.330218242160312,1.0413504893901493,recorded,PROGRESS
CASE_083,S1_LOW_SOC_STRESS,-12.0,2026-06-22 15:30:20,S1_LOW_SOC_STRESS_L135,21.0,1,0,1,1,0,0,0.0,0.1291161842644214,0.4,222.0,,43273.0,56.0,,,,6.0,False,14.700269595697163,-0.7801921791273365,11.15717912112402,1.2143896104264442,recorded,PROGRESS
CASE_083,S1_LOW_SOC_STRESS,-11.0,2026-06-22 15:30:21,S1_LOW_SOC_STRESS_L135,21.0,1,0,1,1,0,0,0.0,0.1291161842644214,0.4,222.0,,43273.0,56.0,,,,6.0,False,14.716711141315413,-0.8193607885820118,11.149531000268151,0.9454418495922532,recorded,PROGRESS
CASE_083,S1_LOW_SOC_STRESS,-10.0,2026-06-22 15:30:22,S1_LOW_SOC_STRESS_L135,21.0,1,0,1,0,1,1,0.0,0.1291161842644214,0.4,222.0,,43273.0,56.0,,,,6.0,False,14.716711141315413,-0.4497500803627829,11.149531000268151,0.440188134914834,recorded,PROGRESS
CASE_083,S1_LOW_SOC_STRESS,-9.0,2026-06-22 15:30:23,S1_LOW_SOC_STRESS_L135,21.0,1,0,1,1,0,0,0.0,0.1291161842644214,0.4,222.0,,43273.0,56.0,,,,6.0,False,14.71519902294198,-0.4482379619893493,11.150716996973085,0.4390021382099007,recorded,PROGRESS
CASE_083,S1_LOW_SOC_STRESS,-8.0,2026-06-22 15:30:24,S1_LOW_SOC_STRESS_L135,21.0,1,0,1,1,0,0,0.0,0.1230326209217309,0.5,222.0,,43273.0,56.0,,,,6.0,False,14.71758578873274,-0.1951716012967104,11.148330654174266,0.1818875879860471,recorded,PROGRESS
CASE_083,S1_LOW_SOC_STRESS,-7.0,2026-06-22 15:30:25,S1_LOW_SOC_STRESS_L135,21.0,1,0,1,0,1,1,0.0,0.1169490575790405,0.6,222.0,,43273.0,56.0,,,,6.0,False,14.71758578873274,-0.0173161930355743,11.148330654174266,0.0088484669497521,recorded,STALLED
CASE_083,S1_LOW_SOC_STRESS,-6.0,2026-06-22 15:30:26,S1_LOW_SOC_STRESS_L135,21.0,1,0,1,1,0,0,0.0,0.0889986991882324,0.7,222.0,,43273.0,56.0,,,,6.0,False,14.71753850466702,-0.0008273633516076,11.148340537040054,0.001190463228097,recorded,STALLED
CASE_083,S1_LOW_SOC_STRESS,-5.0,2026-06-22 15:30:27,S1_LOW_SOC_STRESS_L135,21.0,1,0,1,1,0,0,0.0,0.0594317317008972,0.8,222.0,,43273.0,56.0,,,,6.0,False,14.720579735442817,-0.0038685941274039,11.14706381720249,0.0024671830656615,recorded,STALLED
CASE_083,S1_LOW_SOC_STRESS,-4.0,2026-06-22 15:30:28,S1_LOW_SOC_STRESS_L135,21.0,1,0,1,0,1,1,0.0,0.029864764213562,0.9,222.0,,43273.0,56.0,,,,6.0,False,14.720579735442817,-0.0053807125008376,11.14706381720249,0.0036531797705947,recorded,STALLED
CASE_083,S1_LOW_SOC_STRESS,-3.0,2026-06-22 15:30:29,S1_LOW_SOC_STRESS_L135,21.0,1,0,1,1,0,0,0.0,0.0,1.0,222.0,,43273.0,56.0,,,,6.0,False,14.718580169153398,-0.0009943804206589,11.149255474247209,-0.0009248200729423,recorded,STALLED
CASE_083,S1_LOW_SOC_STRESS,-2.0,2026-06-22 15:30:30,S1_LOW_SOC_STRESS_L135,21.0,1,0,1,1,0,0,0.0,0.0,1.0,222.0,,43273.0,56.0,,,,6.0,False,14.716597445956657,0.0009883427760843,11.150159758853244,-0.0018291046789773,recorded,STALLED
CASE_083,S1_LOW_SOC_STRESS,-1.0,2026-06-22 15:30:31,S1_LOW_SOC_STRESS_L135,21.0,1,0,1,0,1,1,0.0,0.0,1.0,222.0,,43273.0,56.0,,,,6.0,False,14.716597445956657,0.0009410587103655,11.150159758853244,-0.0018192218131893,recorded,STALLED
CASE_083,S1_LOW_SOC_STRESS,0.0,2026-06-22 15:30:32,S1_LOW_SOC_STRESS_L135,21.0,1,0,1,1,0,0,0.0,0.0,1.0,222.0,,43273.0,56.0,,,,6.0,False,14.725066070728742,-0.0044863352859252,11.143474889155122,0.0035889280473675,recorded,STALLED
CASE_083,S1_LOW_SOC_STRESS,1.0,2026-06-22 15:30:33,S1_LOW_SOC_STRESS_L135,21.0,1,0,1,1,0,0,0.0,0.0,1.0,222.0,,43273.0,56.0,,,,6.0,False,14.723319145647414,-0.0027394102045974,11.143805562863072,0.0032582543394177,recorded,STALLED
CASE_083,S1_LOW_SOC_STRESS,2.0,2026-06-22 15:30:34,S1_LOW_SOC_STRESS_L135,21.0,1,0,1,0,1,1,0.0,0.0,1.0,222.0,,43273.0,56.0,,,,6.0,False,14.723319145647414,-0.004738976494016,11.143805562863072,0.0054499113841366,recorded,STALLED
CASE_083,S1_LOW_SOC_STRESS,3.0,2026-06-22 15:30:35,S1_LOW_SOC_STRESS_L135,21.0,1,0,1,1,0,0,0.0,0.0,1.0,222.0,,43273.0,56.0,,,,6.0,False,14.720707926349844,-0.004110480393189,11.14561192589742,0.0045478329558239,recorded,STALLED
CASE_083,S1_LOW_SOC_STRESS,4.0,2026-06-22 15:30:36,S1_LOW_SOC_STRESS_L135,21.0,1,0,1,1,0,0,0.0,0.0,1.0,222.0,,43273.0,56.0,,,,6.0,False,14.712846032594124,0.0037514133625311,11.152985757051995,-0.0028259981987517,recorded,STALLED
CASE_083,S1_LOW_SOC_STRESS,5.0,2026-06-22 15:30:37,S1_LOW_SOC_STRESS_L135,21.0,1,0,1,0,1,1,0.0,0.0,1.0,222.0,,43273.0,56.0,,,,6.0,False,14.712846032594124,0.0122200381346182,11.152985757051995,-0.0095108678968731,recorded,STALLED
CASE_084,S4_SAFETY_RICH_NAVEEN12,-15.0,2026-03-01 01:20:10,S4_SAFETY_RICH_NAVEEN12_L38,1.0,1,0,1,1,0,0,0.2993438090909091,0.2960638393181818,0.0,287.3636363636364,6588.909090909091,,58.0,299.0,,,1.0,False,0.7290083805571865,1.437680590238057,0.7290083805571865,1.432675090102577,reconstructed_shortest,PROGRESS
CASE_084,S4_SAFETY_RICH_NAVEEN12,-14.0,2026-03-01 01:20:11,S4_SAFETY_RICH_NAVEEN12_L38,1.0,1,0,1,1,0,0,0.2994276,0.2976520893181817,0.0,288.0,6609.166666666667,,58.0,299.0,,,1.0,False,0.4550793273021784,1.3875630306026356,0.4550793273021784,1.38259781701235,reconstructed_shortest,PROGRESS
CASE_084,S4_SAFETY_RICH_NAVEEN12,-13.0,2026-03-01 01:20:12,S4_SAFETY_RICH_NAVEEN12_L38,1.0,1,0,1,1,0,0,0.16061692,0.2841313440454545,0.0,268.3636363636364,6145.363636363636,,58.0,160.45454545454544,,,1.0,False,0.1972392441906346,1.388866246437492,0.1972392441906346,1.388866246437492,reconstructed_shortest,PROGRESS
CASE_084,S4_SAFETY_RICH_NAVEEN12,-12.0,2026-03-01 01:20:13,S4_SAFETY_RICH_NAVEEN12_L38,1.0,1,0,1,1,0,0,0.0995878854545454,0.2646295209242424,0.0,265.27272727272725,6070.272727272727,,58.0,99.9090909090909,,,1.0,False,0.0833034841613576,1.212063819804958,0.0833034841613576,1.212063819804958,reconstructed_shortest,PROGRESS
CASE_084,S4_SAFETY_RICH_NAVEEN12,-11.0,2026-03-01 01:20:14,S4_SAFETY_RICH_NAVEEN12_L38,1.0,1,0,1,1,0,0,0.03942262,0.2390589620151514,0.0,243.66666666666663,5553.5,,59.0,39.66666666666667,,,1.0,False,0.0120867350717404,1.001035173113216,0.0120867350717404,1.001035173113216,reconstructed_shortest,PROGRESS
CASE_084,S4_SAFETY_RICH_NAVEEN12,-10.0,2026-03-01 01:20:15,S4_SAFETY_RICH_NAVEEN12_L38,1.0,1,0,1,1,0,0,0.0,0.2093360053484848,0.1,230.0,5233.0,,59.0,0.0,,,1.0,False,0.0117320579120308,0.7172763226451556,0.0117320579120308,0.7172763226451556,reconstructed_shortest,PROGRESS
CASE_084,S4_SAFETY_RICH_NAVEEN12,-9.0,2026-03-01 01:20:16,S4_SAFETY_RICH_NAVEEN12_L38,1.0,1,0,1,1,0,0,0.0,0.1795099162575757,0.2,230.0,5233.0,,59.0,0.0,,,1.0,False,0.0069355695512332,0.4481437577509451,0.0069355695512332,0.4481437577509451,reconstructed_shortest,PROGRESS
CASE_084,S4_SAFETY_RICH_NAVEEN12,-8.0,2026-03-01 01:20:17,S4_SAFETY_RICH_NAVEEN12_L38,1.0,1,0,1,1,0,0,0.0,0.149627427090909,0.3,230.0,5231.909090909091,,59.0,0.0,,,1.0,False,0.0076271465614233,0.1896120976292113,0.0076271465614233,0.1896120976292113,reconstructed_shortest,PROGRESS
CASE_084,S4_SAFETY_RICH_NAVEEN12,-7.0,2026-03-01 01:20:18,S4_SAFETY_RICH_NAVEEN12_L38,1.0,1,0,1,1,0,0,0.0,0.1197665298181817,0.4,230.0,5233.0,,59.0,0.0,,,1.0,False,0.0088078839237862,0.0744956002375713,0.0088078839237862,0.0744956002375713,reconstructed_shortest,PROGRESS
CASE_084,S4_SAFETY_RICH_NAVEEN12,-6.0,2026-03-01 01:20:19,S4_SAFETY_RICH_NAVEEN12_L38,1.0,1,0,1,1,0,0,0.0,0.0898398834545454,0.5,230.0,5233.0,,59.0,0.0,,,1.0,False,0.0090064213203687,0.0030803137513716,0.0090064213203687,0.0030803137513716,reconstructed_shortest,PROGRESS
CASE_084,S4_SAFETY_RICH_NAVEEN12,-5.0,2026-03-01 01:20:20,S4_SAFETY_RICH_NAVEEN12_L38,1.0,1,0,1,1,0,0,0.0,0.0599055025454545,0.6,230.0,5233.0,,59.0,0.0,,,1.0,False,0.0105502665843098,0.0011817913277209,0.0105502665843098,0.0011817913277209,reconstructed_shortest,STALLED
CASE_084,S4_SAFETY_RICH_NAVEEN12,-4.0,2026-03-01 01:20:21,S4_SAFETY_RICH_NAVEEN12_L38,1.0,1,0,1,1,0,0,0.0,0.0299627425454545,0.7,230.0,5233.0,,59.0,0.0,,,1.0,False,0.011610066565751,-0.0046744970145178,0.011610066565751,-0.0046744970145178,reconstructed_shortest,STALLED
CASE_084,S4_SAFETY_RICH_NAVEEN12,-3.0,2026-03-01 01:20:22,S4_SAFETY_RICH_NAVEEN12_L38,1.0,1,0,1,1,0,0,0.0,0.0139010505454545,0.8,230.0,5233.0,,59.0,0.0,,,1.0,False,0.0097257083432403,-0.002098561781817,0.0097257083432403,-0.002098561781817,reconstructed_shortest,STALLED
CASE_084,S4_SAFETY_RICH_NAVEEN12,-2.0,2026-03-01 01:20:23,S4_SAFETY_RICH_NAVEEN12_L38,1.0,1,0,1,1,0,0,0.0,0.0039422619999999,0.9,230.0,5233.0,,59.0,0.0,,,1.0,False,0.0104115317205793,-0.001603647796793,0.0104115317205793,-0.001603647796793,reconstructed_shortest,STALLED
CASE_084,S4_SAFETY_RICH_NAVEEN12,-1.0,2026-03-01 01:20:24,S4_SAFETY_RICH_NAVEEN12_L38,1.0,1,0,1,1,0,0,0.0,0.0,1.0,230.0,5233.0,,59.0,0.0,,,1.0,False,0.009244680903092,-0.0002382595827232,0.009244680903092,-0.0002382595827232,reconstructed_shortest,STALLED
CASE_084,S4_SAFETY_RICH_NAVEEN12,0.0,2026-03-01 01:20:25,S4_SAFETY_RICH_NAVEEN12_L38,1.0,1,0,1,1,0,0,0.0,0.0,1.0,230.0,5233.0,,59.0,0.0,,,1.0,False,0.009702851725733,0.0008474148585768,0.009702851725733,0.0008474148585768,reconstructed_shortest,STALLED
CASE_084,S4_SAFETY_RICH_NAVEEN12,1.0,2026-03-01 01:20:26,S4_SAFETY_RICH_NAVEEN12_L38,1.0,1,0,1,1,0,0,0.0,0.0,1.0,230.0,5233.0,,59.0,0.0,,,1.0,False,0.0095884370467774,0.0020216295189735,0.0095884370467774,0.0020216295189735,reconstructed_shortest,STALLED
CASE_084,S4_SAFETY_RICH_NAVEEN12,2.0,2026-03-01 01:20:27,S4_SAFETY_RICH_NAVEEN12_L38,1.0,1,0,1,1,0,0,0.0,0.0,1.0,230.0,5233.0,,59.0,0.0,,,1.0,False,0.0096820124286984,4.369591454192294e-05,0.0096820124286984,4.369591454192294e-05,reconstructed_shortest,STALLED
CASE_084,S4_SAFETY_RICH_NAVEEN12,3.0,2026-03-01 01:20:28,S4_SAFETY_RICH_NAVEEN12_L38,1.0,1,0,1,1,0,0,0.0,0.0,1.0,230.0,5233.0,,59.0,0.0,,,1.0,False,0.008437061160917,0.0019744705596623,0.008437061160917,0.0019744705596623,reconstructed_shortest,STALLED
CASE_084,S4_SAFETY_RICH_NAVEEN12,4.0,2026-03-01 01:20:29,S4_SAFETY_RICH_NAVEEN12_L38,1.0,1,0,1,1,0,0,0.0,0.0,1.0,228.5,5200.75,,59.0,0.0,,,1.0,False,0.0086770746798685,0.0005676062232234,0.0086770746798685,0.0005676062232234,reconstructed_shortest,STALLED
CASE_084,S4_SAFETY_RICH_NAVEEN12,5.0,2026-03-01 01:20:30,S4_SAFETY_RICH_NAVEEN12_L38,1.0,1,0,1,1,0,0,0.0,0.0,1.0,228.33333333333337,5195.666666666667,,59.0,0.0,,,1.0,False,0.0103718000419959,-0.0006689483162628,0.0103718000419959,-0.0006689483162628,reconstructed_shortest,STALLED
CASE_085,S1_LOW_SOC_STRESS,-15.0,2026-06-22 17:07:16,S1_LOW_SOC_STRESS_L565,94.0,1,0,1,1,0,0,0.2986476421356201,0.2990730702877044,0.0,267.0,,36310.0,26.0,,,,4.0,False,3.400927522564716,4.180417724834452,2.372634455137634,1.225034243826559,recorded,PROGRESS
CASE_085,S1_LOW_SOC_STRESS,-14.0,2026-06-22 17:07:17,S1_LOW_SOC_STRESS_L565,94.0,1,0,1,1,0,0,0.2986476421356201,0.2990730702877044,0.0,255.0,,36378.0,26.0,,,,4.0,False,2.937124528801696,1.3041884596476438,2.073730127896745,0.9499872600715932,recorded,PROGRESS
CASE_085,S1_LOW_SOC_STRESS,-13.0,2026-06-22 17:07:18,S1_LOW_SOC_STRESS_L565,94.0,1,0,1,0,1,1,0.2986476421356201,0.2990730702877044,0.0,255.0,,36378.0,26.0,,,,4.0,False,2.937124528801696,1.3041884596476438,2.073730127896745,0.9499872600715932,recorded,PROGRESS
CASE_085,S1_LOW_SOC_STRESS,-12.0,2026-06-22 17:07:19,S1_LOW_SOC_STRESS_L565,94.0,1,0,1,1,0,0,0.2969459295272827,0.2988178133964538,0.0,214.0,,36520.0,27.0,,,,4.0,False,2.793008552955681,1.067145531475059,1.8446257279673135,0.8660271291781307,reconstructed_shortest,PROGRESS
CASE_085,S1_LOW_SOC_STRESS,-11.0,2026-06-22 17:07:20,S1_LOW_SOC_STRESS_L565,94.0,1,0,1,0,1,1,0.2969459295272827,0.2985625565052032,0.0,214.0,,36520.0,27.0,,,,4.0,False,2.793008552955681,1.067145531475059,1.8446257279673135,0.8660271291781307,reconstructed_shortest,PROGRESS
CASE_085,S1_LOW_SOC_STRESS,-10.0,2026-06-22 17:07:21,S1_LOW_SOC_STRESS_L565,94.0,1,0,1,1,0,0,0.0,0.2686127066612244,0.1,215.0,,36590.0,27.0,,,,4.0,False,2.411240685186905,0.9896868373778114,1.8208736412013633,0.5517608139362706,recorded,PROGRESS
CASE_085,S1_LOW_SOC_STRESS,-9.0,2026-06-22 17:07:22,S1_LOW_SOC_STRESS_L565,94.0,1,0,1,1,0,0,0.0,0.2386628568172454,0.2,201.0,,36660.0,27.0,,,,4.0,False,2.41139004255442,0.5257344862472761,1.819679894980063,0.254050232916682,recorded,PROGRESS
CASE_085,S1_LOW_SOC_STRESS,-8.0,2026-06-22 17:07:23,S1_LOW_SOC_STRESS_L565,94.0,1,0,1,0,1,1,0.0,0.2087130069732666,0.3,201.0,,36660.0,27.0,,,,4.0,False,2.41139004255442,0.5257344862472761,1.819679894980063,0.254050232916682,recorded,PROGRESS
CASE_085,S1_LOW_SOC_STRESS,-7.0,2026-06-22 17:07:24,S1_LOW_SOC_STRESS_L565,94.0,1,0,1,1,0,0,0.0,0.1788482427597046,0.4,201.0,,36654.0,27.0,,,,4.0,False,2.4139716263180695,0.3790369266376117,1.8207116004425692,0.0239141275247445,recorded,PROGRESS
CASE_085,S1_LOW_SOC_STRESS,-6.0,2026-06-22 17:07:25,S1_LOW_SOC_STRESS_L565,94.0,1,0,1,1,0,0,0.0,0.1489834785461425,0.5,201.0,,36660.0,27.0,,,,4.0,False,2.4088090473784085,0.3841995055772726,1.8186513204712071,0.0259744074961065,recorded,PROGRESS
CASE_085,S1_LOW_SOC_STRESS,-5.0,2026-06-22 17:07:26,S1_LOW_SOC_STRESS_L565,94.0,1,0,1,0,1,1,0.0,0.1191187143325805,0.6,201.0,,36660.0,27.0,,,,4.0,False,2.4088090473784085,0.0024316378084963,1.8186513204712071,0.0022223207301561,recorded,STALLED
CASE_085,S1_LOW_SOC_STRESS,-4.0,2026-06-22 17:07:27,S1_LOW_SOC_STRESS_L565,94.0,1,0,1,1,0,0,0.0,0.0892539501190185,0.7,201.0,,36660.0,27.0,,,,4.0,False,2.4164090262936724,-0.0050189837392524,1.822938824495597,-0.003258929515534,recorded,STALLED
CASE_085,S1_LOW_SOC_STRESS,-3.0,2026-06-22 17:07:28,S1_LOW_SOC_STRESS_L565,94.0,1,0,1,0,1,1,0.0,0.0593891859054565,0.8,201.0,,36660.0,27.0,,,,4.0,False,2.4164090262936724,-0.0050189837392524,1.822938824495597,-0.003258929515534,recorded,STALLED
CASE_085,S1_LOW_SOC_STRESS,-2.0,2026-06-22 17:07:29,S1_LOW_SOC_STRESS_L565,94.0,1,0,1,1,0,0,0.0,0.0296945929527282,0.9,201.0,,36634.0,27.0,,,,4.0,False,2.41756863969526,-0.0035970133771905,1.8246496530533471,-0.0039380526107779,recorded,STALLED
CASE_085,S1_LOW_SOC_STRESS,-1.0,2026-06-22 17:07:30,S1_LOW_SOC_STRESS_L565,94.0,1,0,1,1,0,0,0.0,0.0,1.0,201.0,,36660.0,27.0,,,,4.0,False,2.4096780489508887,-0.0008690015724801,1.8227473067986295,-0.0040959863274225,recorded,STALLED
CASE_085,S1_LOW_SOC_STRESS,0.0,2026-06-22 17:07:31,S1_LOW_SOC_STRESS_L565,94.0,1,0,1,0,1,1,0.0,0.0,1.0,201.0,,36660.0,27.0,,,,4.0,False,2.4096780489508887,-0.0008690015724801,1.8227473067986295,-0.0040959863274225,recorded,STALLED
CASE_085,S1_LOW_SOC_STRESS,1.0,2026-06-22 17:07:32,S1_LOW_SOC_STRESS_L565,94.0,1,0,1,1,0,0,0.0,0.0,1.0,201.0,,36660.0,27.0,,,,4.0,False,2.4128381583404157,0.0035708679532566,1.8190019346346689,0.0039368898609284,recorded,STALLED
CASE_085,S1_LOW_SOC_STRESS,2.0,2026-06-22 17:07:33,S1_LOW_SOC_STRESS_L565,94.0,1,0,1,0,1,1,0.0,0.0,1.0,201.0,,36660.0,27.0,,,,4.0,False,2.4128381583404157,0.0035708679532566,1.8190019346346689,0.0039368898609284,recorded,STALLED
CASE_085,S1_LOW_SOC_STRESS,3.0,2026-06-22 17:07:34,S1_LOW_SOC_STRESS_L565,94.0,1,0,1,1,0,0,0.0,0.0,1.0,201.0,,36607.0,27.0,,,,4.0,False,2.4189939087304357,-0.0014252690351757,1.8239760973603465,0.0006735556930006,recorded,STALLED
CASE_085,S1_LOW_SOC_STRESS,4.0,2026-06-22 17:07:35,S1_LOW_SOC_STRESS_L565,94.0,1,0,1,1,0,0,0.0,0.0,1.0,201.0,,36646.0,27.0,,,,4.0,False,2.415261683113864,-0.0055836341629751,1.821228246004181,0.0015190607944484,recorded,STALLED
CASE_085,S1_LOW_SOC_STRESS,5.0,2026-06-22 17:07:36,S1_LOW_SOC_STRESS_L565,94.0,1,0,1,0,1,1,0.0,0.0,1.0,201.0,,36646.0,27.0,,,,4.0,False,2.415261683113864,-0.0055836341629751,1.821228246004181,0.0015190607944484,recorded,STALLED
CASE_086,S1_LOW_SOC_STRESS,-15.0,2026-06-22 15:36:59,S1_LOW_SOC_STRESS_L166,28.0,1,0,1,0,1,1,0.0,0.0,1.0,221.0,,43010.0,55.0,,,,6.0,False,14.701909368527808,-0.0117864074608,11.171565656579991,0.0119185805489756,recorded,STALLED
CASE_086,S1_LOW_SOC_STRESS,-14.0,2026-06-22 15:37:00,S1_LOW_SOC_STRESS_L166,28.0,1,0,1,0,1,2,0.0,0.0,1.0,221.0,,43010.0,55.0,,,,6.0,False,14.701909368527808,-0.022605580547701,11.171565656579991,0.0226129457696924,recorded,STALLED
CASE_086,S1_LOW_SOC_STRESS,-13.0,2026-06-22 15:37:01,S1_LOW_SOC_STRESS_L166,28.0,1,0,1,1,0,0,0.0,0.0,1.0,223.0,,43063.0,55.0,,,,6.0,False,14.720062212828664,-0.0407584248485566,11.15234348727158,0.041835115078106,recorded,STALLED
CASE_086,S1_LOW_SOC_STRESS,-12.0,2026-06-22 15:37:02,S1_LOW_SOC_STRESS_L166,28.0,1,0,1,0,1,1,0.0,0.0,1.0,223.0,,43063.0,55.0,,,,6.0,False,14.720062212828664,-0.0407584248485566,11.15234348727158,0.041835115078106,recorded,STALLED
CASE_086,S1_LOW_SOC_STRESS,-11.0,2026-06-22 15:37:03,S1_LOW_SOC_STRESS_L166,28.0,1,0,1,0,1,2,0.0,0.0,1.0,223.0,,43063.0,55.0,,,,6.0,False,14.720062212828664,-0.0181528443008556,11.15234348727158,0.0192221693084135,recorded,STALLED
CASE_086,S1_LOW_SOC_STRESS,-10.0,2026-06-22 15:37:04,S1_LOW_SOC_STRESS_L166,28.0,1,0,1,1,0,0,0.0,0.0,1.0,223.0,,43063.0,55.0,,,,6.0,False,14.746004787327344,-0.0440954187995359,11.122224330656564,0.0493413259234305,recorded,STALLED
CASE_086,S1_LOW_SOC_STRESS,-9.0,2026-06-22 15:37:05,S1_LOW_SOC_STRESS_L166,28.0,1,0,1,0,1,1,0.0,0.0,1.0,223.0,,43063.0,55.0,,,,6.0,False,14.746004787327344,-0.0440954187995359,11.122224330656564,0.0493413259234305,recorded,STALLED
CASE_086,S1_LOW_SOC_STRESS,-8.0,2026-06-22 15:37:06,S1_LOW_SOC_STRESS_L166,28.0,1,0,1,1,0,0,0.0,0.0,1.0,221.0,,43063.0,55.0,,,,6.0,False,14.738436035701806,-0.0183738228731424,11.132279455115116,0.0200640321564637,recorded,STALLED
CASE_086,S1_LOW_SOC_STRESS,-7.0,2026-06-22 15:37:07,S1_LOW_SOC_STRESS_L166,28.0,1,0,1,0,1,1,0.0,0.0,1.0,221.0,,43063.0,55.0,,,,6.0,False,14.738436035701806,-0.0183738228731424,11.132279455115116,0.0200640321564637,recorded,STALLED
CASE_086,S1_LOW_SOC_STRESS,-6.0,2026-06-22 15:37:08,S1_LOW_SOC_STRESS_L166,28.0,1,0,1,1,0,0,0.0,0.0,1.0,222.0,,43028.0,55.0,,,,6.0,False,14.680934435617136,0.0391277772115277,11.194341890381356,-0.0419984031097762,recorded,PROGRESS
CASE_086,S1_LOW_SOC_STRESS,-5.0,2026-06-22 15:37:09,S1_LOW_SOC_STRESS_L166,28.0,1,0,1,0,1,1,0.0,0.0,1.0,222.0,,43028.0,55.0,,,,6.0,False,14.680934435617136,0.065070351710208,11.194341890381356,-0.0721175597247931,recorded,PROGRESS
CASE_086,S1_LOW_SOC_STRESS,-4.0,2026-06-22 15:37:10,S1_LOW_SOC_STRESS_L166,28.0,1,0,1,1,0,0,0.0,0.0,1.0,223.0,,43063.0,55.0,,,,6.0,False,14.673349928420958,0.072654858906386,11.20136015811247,-0.0791358274559073,recorded,PROGRESS
CASE_086,S1_LOW_SOC_STRESS,-3.0,2026-06-22 15:37:11,S1_LOW_SOC_STRESS_L166,28.0,1,0,1,0,1,1,0.0,0.0,1.0,223.0,,43063.0,55.0,,,,6.0,False,14.673349928420958,0.0650861072808481,11.20136015811247,-0.0690807029973541,recorded,PROGRESS
CASE_086,S1_LOW_SOC_STRESS,-2.0,2026-06-22 15:37:12,S1_LOW_SOC_STRESS_L166,28.0,1,0,1,1,0,0,0.0,0.0,1.0,222.0,,43063.0,55.0,,,,6.0,False,14.718617964279725,0.0198180714220832,11.148421994139158,-0.0161425390240417,recorded,STALLED
CASE_086,S1_LOW_SOC_STRESS,-1.0,2026-06-22 15:37:13,S1_LOW_SOC_STRESS_L166,28.0,1,0,1,0,1,1,0.0,0.0,1.0,222.0,,43063.0,55.0,,,,6.0,False,14.718617964279725,-0.0376835286625869,11.148421994139158,0.0459198962421982,recorded,STALLED
CASE_086,S1_LOW_SOC_STRESS,0.0,2026-06-22 15:37:14,S1_LOW_SOC_STRESS_L166,28.0,1,0,1,0,1,2,0.0,0.0,1.0,222.0,,43063.0,55.0,,,,6.0,False,14.718617964279725,-0.0376835286625869,11.148421994139158,0.0459198962421982,recorded,STALLED
CASE_086,S1_LOW_SOC_STRESS,1.0,2026-06-22 15:37:15,S1_LOW_SOC_STRESS_L166,28.0,1,0,1,1,0,0,0.0,0.0,1.0,221.0,,43063.0,55.0,,,,6.0,False,14.745053328856072,-0.0717034004351155,11.127408934791504,0.0739512233209662,recorded,STALLED
CASE_086,S1_LOW_SOC_STRESS,2.0,2026-06-22 15:37:16,S1_LOW_SOC_STRESS_L166,28.0,1,0,1,0,1,1,0.0,0.0,1.0,221.0,,43063.0,55.0,,,,6.0,False,14.745053328856072,-0.0717034004351155,11.127408934791504,0.0739512233209662,recorded,STALLED
CASE_086,S1_LOW_SOC_STRESS,3.0,2026-06-22 15:37:17,S1_LOW_SOC_STRESS_L166,28.0,1,0,1,1,0,0,0.0,0.0,1.0,222.0,,43063.0,55.0,,,,6.0,False,14.776222265624016,-0.057604301344293,11.091990923454668,0.0564310706844892,recorded,STALLED
CASE_086,S1_LOW_SOC_STRESS,4.0,2026-06-22 15:37:18,S1_LOW_SOC_STRESS_L166,28.0,1,0,1,0,1,1,0.0,0.0,1.0,222.0,,43063.0,55.0,,,,6.0,False,14.776222265624016,-0.057604301344293,11.091990923454668,0.0564310706844892,recorded,STALLED
CASE_086,S1_LOW_SOC_STRESS,5.0,2026-06-22 15:37:19,S1_LOW_SOC_STRESS_L166,28.0,1,0,1,0,1,2,0.0,0.0,1.0,222.0,,43063.0,55.0,,,,6.0,False,14.776222265624016,-0.057604301344293,11.091990923454668,0.0564310706844892,recorded,STALLED
CASE_087,S1_LOW_SOC_STRESS,-15.0,2026-06-22 17:12:20,S1_LOW_SOC_STRESS_L581,96.0,1,0,1,1,0,0,0.297371357679367,0.2966056048870086,0.0,255.0,,35046.0,20.0,,,,2.0,False,23.144814294002085,-1.5239959867459092,17.38354756463613,1.5222153589009757,recorded,PROGRESS
CASE_087,S1_LOW_SOC_STRESS,-14.0,2026-06-22 17:12:21,S1_LOW_SOC_STRESS_L581,96.0,1,0,1,0,1,1,0.297371357679367,0.2971161127090453,0.0,255.0,,35046.0,20.0,,,,2.0,False,23.144814294002085,-1.0637844313507543,17.38354756463613,1.0627561782462962,recorded,PROGRESS
CASE_087,S1_LOW_SOC_STRESS,-13.0,2026-06-22 17:12:22,S1_LOW_SOC_STRESS_L581,96.0,1,0,1,1,0,0,0.2982222139835357,0.297711706161499,0.0,262.0,,35042.0,20.0,,,,2.0,False,23.611068635373716,-1.530038772722385,16.918349498635756,1.527954244246672,recorded,PROGRESS
CASE_087,S1_LOW_SOC_STRESS,-12.0,2026-06-22 17:12:23,S1_LOW_SOC_STRESS_L581,96.0,1,0,1,1,0,0,0.2990730702877044,0.2978393346071243,0.0,254.0,,35044.0,20.0,,,,2.0,False,16.973285085177793,5.57671173091617,16.45781797972032,1.5200360356133622,recorded,PROGRESS
CASE_087,S1_LOW_SOC_STRESS,-11.0,2026-06-22 17:12:24,S1_LOW_SOC_STRESS_L581,96.0,1,0,1,0,1,1,0.2990730702877044,0.2979669630527496,0.0,254.0,,35044.0,20.0,,,,2.0,False,16.973285085177793,5.57671173091617,16.45781797972032,1.5200360356133622,recorded,PROGRESS
CASE_087,S1_LOW_SOC_STRESS,-10.0,2026-06-22 17:12:25,S1_LOW_SOC_STRESS_L581,96.0,1,0,1,1,0,0,0.0,0.2682298272848128,0.1,213.0,,35308.0,21.0,,,,2.0,False,16.73340493716096,6.411409356841126,16.21511280125274,1.1684347633833916,recorded,PROGRESS
CASE_087,S1_LOW_SOC_STRESS,-9.0,2026-06-22 17:12:26,S1_LOW_SOC_STRESS_L581,96.0,1,0,1,0,1,1,0.0,0.2383225202560424,0.2,213.0,,35308.0,21.0,,,,2.0,False,16.73340493716096,6.411409356841126,16.21511280125274,1.1684347633833916,recorded,PROGRESS
CASE_087,S1_LOW_SOC_STRESS,-8.0,2026-06-22 17:12:27,S1_LOW_SOC_STRESS_L581,96.0,1,0,1,1,0,0,0.0,0.208415213227272,0.3,197.0,,35395.0,22.0,,,,2.0,False,16.7325473629621,6.878521272411614,16.21616974595415,0.7021797526816052,recorded,PROGRESS
CASE_087,S1_LOW_SOC_STRESS,-7.0,2026-06-22 17:12:28,S1_LOW_SOC_STRESS_L581,96.0,1,0,1,1,0,0,0.0,0.1787631601095199,0.4,197.0,,35395.0,22.0,,,,2.0,False,16.73127595975077,0.2420091254270211,16.214870810096325,0.2429471696239957,recorded,PROGRESS
CASE_087,S1_LOW_SOC_STRESS,-6.0,2026-06-22 17:12:29,S1_LOW_SOC_STRESS_L581,96.0,1,0,1,0,1,1,0.0,0.1491111069917678,0.5,197.0,,35395.0,22.0,,,,2.0,False,16.73127595975077,0.2420091254270211,16.214870810096325,0.2429471696239957,recorded,PROGRESS
CASE_087,S1_LOW_SOC_STRESS,-5.0,2026-06-22 17:12:30,S1_LOW_SOC_STRESS_L581,96.0,1,0,1,1,0,0,0.0,0.1193739712238311,0.6,197.0,,35395.0,22.0,,,,2.0,False,16.73127595975077,0.0021289774101873,16.214870810096325,0.0002419911564146,recorded,STALLED
CASE_087,S1_LOW_SOC_STRESS,-4.0,2026-06-22 17:12:31,S1_LOW_SOC_STRESS_L581,96.0,1,0,1,0,1,1,0.0,0.0896368354558944,0.7,197.0,,35395.0,22.0,,,,2.0,False,16.73127595975077,0.0021289774101873,16.214870810096325,0.0002419911564146,recorded,STALLED
CASE_087,S1_LOW_SOC_STRESS,-3.0,2026-06-22 17:12:32,S1_LOW_SOC_STRESS_L581,96.0,1,0,1,1,0,0,0.0,0.0598146140575408,0.8,197.0,,35395.0,22.0,,,,2.0,False,16.730005022767244,0.0025423401948572,16.213572350786784,0.002597395167367,recorded,STALLED
CASE_087,S1_LOW_SOC_STRESS,-2.0,2026-06-22 17:12:33,S1_LOW_SOC_STRESS_L581,96.0,1,0,1,1,0,0,0.0,0.0299073070287704,0.9,197.0,,35395.0,22.0,,,,2.0,False,16.73127595975077,0.0,16.214870810096325,0.0,recorded,STALLED
CASE_087,S1_LOW_SOC_STRESS,-1.0,2026-06-22 17:12:34,S1_LOW_SOC_STRESS_L581,96.0,1,0,1,0,1,1,0.0,0.0,1.0,197.0,,35395.0,22.0,,,,2.0,False,16.73127595975077,0.0,16.214870810096325,0.0,recorded,STALLED
CASE_087,S1_LOW_SOC_STRESS,0.0,2026-06-22 17:12:35,S1_LOW_SOC_STRESS_L581,96.0,1,0,1,1,0,0,0.0,0.0,1.0,197.0,,35395.0,22.0,,,,2.0,False,16.7325473629621,-0.0012714032113301,16.21616974595415,-0.0012989358578252,recorded,STALLED
CASE_087,S1_LOW_SOC_STRESS,1.0,2026-06-22 17:12:36,S1_LOW_SOC_STRESS_L581,96.0,1,0,1,0,1,1,0.0,0.0,1.0,197.0,,35395.0,22.0,,,,2.0,False,16.7325473629621,-0.0012714032113301,16.21616974595415,-0.0012989358578252,recorded,STALLED
CASE_087,S1_LOW_SOC_STRESS,2.0,2026-06-22 17:12:37,S1_LOW_SOC_STRESS_L581,96.0,1,0,1,1,0,0,0.0,0.0,1.0,197.0,,35395.0,22.0,,,,2.0,False,16.733818299945632,-0.0038132771783878,16.217468205711977,-0.0038958549251937,recorded,STALLED
CASE_087,S1_LOW_SOC_STRESS,3.0,2026-06-22 17:12:38,S1_LOW_SOC_STRESS_L581,96.0,1,0,1,0,1,1,0.0,0.0,1.0,197.0,,35395.0,22.0,,,,2.0,False,16.733818299945632,-0.0025423401948607,16.217468205711977,-0.0025973956156519,recorded,STALLED
CASE_087,S1_LOW_SOC_STRESS,4.0,2026-06-22 17:12:39,S1_LOW_SOC_STRESS_L581,96.0,1,0,1,1,0,0,0.0,0.0,1.0,197.0,,35395.0,22.0,,,,2.0,False,16.730005022767244,0.001270936983527,16.213572350786784,0.0012984593095417,recorded,STALLED
CASE_087,S1_LOW_SOC_STRESS,5.0,2026-06-22 17:12:40,S1_LOW_SOC_STRESS_L581,96.0,1,0,1,1,0,0,0.0,0.0,1.0,197.0,,35393.0,22.0,,,,2.0,False,16.730005022767244,0.0025423401948572,16.213572350786784,0.002597395167367,recorded,STALLED
CASE_088,S4_SAFETY_RICH_NAVEEN12,-15.0,2026-03-01 00:53:23,S4_SAFETY_RICH_NAVEEN12_L16,1.0,1,0,1,1,0,0,0.1921498499999999,0.286682591969697,0.0,278.5,6237.0,,62.0,192.08333333333337,,,33.0,False,17.71141944537434,-1.3393364235683265,17.060829430657666,-1.3352450879097866,reconstructed_shortest,PROGRESS
CASE_088,S4_SAFETY_RICH_NAVEEN12,-14.0,2026-03-01 00:53:24,S4_SAFETY_RICH_NAVEEN12_L16,1.0,1,0,1,1,0,0,0.1175330545454545,0.2687297028787878,0.0,283.0,6333.272727272727,,62.0,117.5,,,33.0,False,17.83010615646258,-1.2099281839523215,17.17041229062,-1.2014449560589495,reconstructed_shortest,PROGRESS
CASE_088,S4_SAFETY_RICH_NAVEEN12,-13.0,2026-03-01 00:53:25,S4_SAFETY_RICH_NAVEEN12_L16,1.0,1,0,1,1,0,0,0.1166822363636363,0.2507420074242424,0.0,285.1818181818182,6386.727272727273,,62.0,116.68181818181816,,,33.0,False,18.03462595796576,-1.1117281385096511,17.210367343607285,-0.9391756280382388,reconstructed_shortest,PROGRESS
CASE_088,S4_SAFETY_RICH_NAVEEN12,-12.0,2026-03-01 00:53:26,S4_SAFETY_RICH_NAVEEN12_L16,1.0,1,0,1,1,0,0,0.2375993,0.2446719774242423,0.0,297.5,6671.0,,62.0,237.5,,,33.0,False,18.278942484543357,-1.0645104910458123,17.24096827558197,-0.6822953395045737,reconstructed_shortest,PROGRESS
CASE_088,S4_SAFETY_RICH_NAVEEN12,-11.0,2026-03-01 00:53:27,S4_SAFETY_RICH_NAVEEN12_L16,1.0,1,0,1,1,0,0,0.2815146545454545,0.2431095119696969,0.0,299.54545454545456,6709.454545454545,,62.0,281.22727272727275,,,33.0,False,18.49454903019027,-0.990066448507406,17.253418316235116,-0.4044022572992283,reconstructed_shortest,PROGRESS
CASE_088,S4_SAFETY_RICH_NAVEEN12,-10.0,2026-03-01 00:53:28,S4_SAFETY_RICH_NAVEEN12_L16,1.0,1,0,1,1,0,0,0.2664314818181818,0.2400580701515151,0.0,291.1818181818182,6526.181818181818,,62.0,266.5,,,33.0,False,18.338730874702616,-0.6273114293282767,17.277122467148946,-0.2162930364912796,reconstructed_shortest,PROGRESS
CASE_088,S4_SAFETY_RICH_NAVEEN12,-9.0,2026-03-01 00:53:29,S4_SAFETY_RICH_NAVEEN12_L16,1.0,1,0,1,1,0,0,0.1209364509090909,0.2222621319090909,0.0,284.09090909090907,6360.363636363636,,62.0,120.9090909090909,,,33.0,False,18.17360567566879,-0.3434995192062082,17.273115041320935,-0.102702750700935,reconstructed_shortest,PROGRESS
CASE_088,S4_SAFETY_RICH_NAVEEN12,-8.0,2026-03-01 00:53:30,S4_SAFETY_RICH_NAVEEN12_L16,1.0,1,0,1,1,0,0,0.0940960527272727,0.2017431571818181,0.0,285.72727272727275,6399.636363636364,,62.0,93.9090909090909,,,33.0,False,18.059391837508343,-0.0247658795425849,17.220349360284896,-0.0099820166776112,reconstructed_shortest,PROGRESS
CASE_088,S4_SAFETY_RICH_NAVEEN12,-7.0,2026-03-01 00:53:31,S4_SAFETY_RICH_NAVEEN12_L16,1.0,1,0,1,1,0,0,0.1977512333333333,0.1916573832424242,0.0,292.8333333333333,6553.5,,62.0,197.75,,,33.0,False,17.951706457548426,0.3272360269949317,17.06892619647912,0.1720420791028516,reconstructed_shortest,PROGRESS
CASE_088,S4_SAFETY_RICH_NAVEEN12,-6.0,2026-03-01 00:53:32,S4_SAFETY_RICH_NAVEEN12_L16,1.0,1,0,1,1,0,0,0.2735121466666667,0.189820646090909,0.0,289.5,6486.833333333333,,63.0,273.375,,,33.0,False,17.689070332187065,0.8054786980032063,16.80822618814625,0.4451921280888662,reconstructed_shortest,PROGRESS
CASE_088,S4_SAFETY_RICH_NAVEEN12,-5.0,2026-03-01 00:53:33,S4_SAFETY_RICH_NAVEEN12_L16,1.0,1,0,1,1,0,0,0.0334538,0.1739510410909091,0.0,251.0,5599.090909090909,,63.0,33.40909090909091,,,33.0,False,17.477818723476886,0.8609121512257296,16.58075755980299,0.6963649073459557,reconstructed_shortest,PROGRESS
CASE_088,S4_SAFETY_RICH_NAVEEN12,-4.0,2026-03-01 00:53:34,S4_SAFETY_RICH_NAVEEN12_L16,1.0,1,0,1,1,0,0,0.0,0.1621977356363636,0.1,241.54545454545453,5383.363636363636,,63.0,0.0,,,33.0,False,17.470393390454564,0.7032122852142244,16.57456320633741,0.698551834983526,reconstructed_shortest,PROGRESS
CASE_088,S4_SAFETY_RICH_NAVEEN12,-3.0,2026-03-01 00:53:35,S4_SAFETY_RICH_NAVEEN12_L16,1.0,1,0,1,1,0,0,0.0498132727272727,0.1555108392727272,0.1,255.0,5695.909090909091,,62.0,49.81818181818181,,,33.0,False,17.461020547296805,0.5983712902115386,16.56717732329541,0.6531720369894849,reconstructed_shortest,PROGRESS
CASE_088,S4_SAFETY_RICH_NAVEEN12,-2.0,2026-03-01 00:53:36,S4_SAFETY_RICH_NAVEEN12_L16,1.0,1,0,1,1,0,0,0.26156485,0.1579073942727272,0.1,287.5,6439.5,,62.0,261.4166666666667,,,33.0,False,17.305588740546806,0.6461177170016192,16.41934477880691,0.6495814176722092,reconstructed_shortest,PROGRESS
CASE_088,S4_SAFETY_RICH_NAVEEN12,-1.0,2026-03-01 00:53:37,S4_SAFETY_RICH_NAVEEN12_L16,1.0,1,0,1,1,0,0,0.29635034,0.1593909628181818,0.1,292.3,6551.9,,62.0,296.2,,,33.0,False,17.032966474177496,0.656103858009569,16.186254193057703,0.621971995088547,reconstructed_shortest,PROGRESS
CASE_088,S4_SAFETY_RICH_NAVEEN12,0.0,2026-03-01 00:53:38,S4_SAFETY_RICH_NAVEEN12_L16,1.0,1,0,1,1,0,0,0.2977581,0.1625236246363636,0.1,292.90909090909093,6560.636363636364,,62.0,297.5909090909091,,,33.0,False,16.79114877357179,0.6866699499050952,15.94860784439298,0.6321497154100104,reconstructed_shortest,PROGRESS
CASE_088,S4_SAFETY_RICH_NAVEEN12,1.0,2026-03-01 00:53:39,S4_SAFETY_RICH_NAVEEN12_L16,1.0,1,0,1,1,0,0,0.2981513166666666,0.1802451112121212,0.1,292.6666666666667,6558.5,,62.0,297.91666666666663,,,33.0,False,16.479251077547676,0.991142312906888,15.642361357338906,0.9322018489985028,reconstructed_shortest,PROGRESS
CASE_088,S4_SAFETY_RICH_NAVEEN12,2.0,2026-03-01 00:53:40,S4_SAFETY_RICH_NAVEEN12_L16,1.0,1,0,1,1,0,0,0.2979515181818181,0.2006306577575757,0.1,291.0,6524.363636363636,,62.0,297.6818181818182,,,33.0,False,16.18458163546171,1.2764389118350934,15.355104511246736,1.2120728120486746,reconstructed_shortest,PROGRESS
CASE_088,S4_SAFETY_RICH_NAVEEN12,3.0,2026-03-01 00:53:41,S4_SAFETY_RICH_NAVEEN12_L16,1.0,1,0,1,1,0,0,0.2971941083333333,0.2105749452575757,0.1,291.1666666666667,6517.916666666667,,62.0,296.79166666666663,,,33.0,False,15.897357979212403,1.4082307613344032,15.076404516777144,1.3429402620297657,reconstructed_shortest,PROGRESS
CASE_088,S4_SAFETY_RICH_NAVEEN12,4.0,2026-03-01 00:53:42,S4_SAFETY_RICH_NAVEEN12_L16,1.0,1,0,1,1,0,0,0.2977581272727272,0.2129995433181818,0.1,293.54545454545456,6590.363636363636,,62.0,297.4545454545455,,,33.0,False,15.618077893545614,1.4148885806318816,14.812962242476042,1.3732919505816614,reconstructed_shortest,PROGRESS
CASE_088,S4_SAFETY_RICH_NAVEEN12,5.0,2026-03-01 00:53:43,S4_SAFETY_RICH_NAVEEN12_L16,1.0,1,0,1,1,0,0,0.2983768909090909,0.2394918524090909,0.1,293.0,6563.272727272727,,62.0,298.1818181818182,,,33.0,False,15.343120003771926,1.4480287697998655,14.538969264717055,1.4096385796759223,reconstructed_shortest,PROGRESS
CASE_089,S2_HIGH_SOC_CONTROL,-15.0,2026-06-18 11:20:00,S2_HIGH_SOC_CONTROL_L18,2.0,1,0,1,1,0,0,0.2990730702877044,0.2986901849508285,0.0,289.0,,48903.0,81.0,,,,1.0,False,5.380432373004274,1.0587035309684678,3.2062422478123387,-0.9614368943966896,recorded,PROGRESS
CASE_089,S2_HIGH_SOC_CONTROL,-14.0,2026-06-18 11:20:01,S2_HIGH_SOC_CONTROL_L18,2.0,1,0,1,1,0,0,0.1293288916349411,0.2817157670855522,0.0,285.0,,48973.0,81.0,,,,1.0,False,4.976372346142488,1.4627635578302538,3.797895199321994,-1.553089845906345,recorded,PROGRESS
CASE_089,S2_HIGH_SOC_CONTROL,-13.0,2026-06-18 11:20:02,S2_HIGH_SOC_CONTROL_L18,2.0,1,0,1,0,1,1,0.1293288916349411,0.2647413492202758,0.0,285.0,,48973.0,81.0,,,,1.0,False,4.976372346142488,0.8639186979351638,3.797895199321994,-1.0177274649858452,recorded,PROGRESS
CASE_089,S2_HIGH_SOC_CONTROL,-12.0,2026-06-18 11:20:03,S2_HIGH_SOC_CONTROL_L18,2.0,1,0,1,1,0,0,0.1148644685745239,0.2464055746793746,0.0,302.0,,48868.0,81.0,,,,1.0,False,4.6608656749257245,1.179425369151927,3.868341996802464,-1.088174262466315,recorded,PROGRESS
CASE_089,S2_HIGH_SOC_CONTROL,-11.0,2026-06-18 11:20:04,S2_HIGH_SOC_CONTROL_L18,2.0,1,0,1,0,1,1,0.1148644685745239,0.2280698001384734,0.0,302.0,,48868.0,81.0,,,,1.0,False,4.6608656749257245,1.179425369151927,3.868341996802464,-1.088174262466315,recorded,PROGRESS
CASE_089,S2_HIGH_SOC_CONTROL,-10.0,2026-06-18 11:20:05,S2_HIGH_SOC_CONTROL_L18,2.0,1,0,1,1,0,0,0.2948188185691833,0.2276869177818298,0.0,282.0,,48973.0,81.0,,,,1.0,False,4.839086075724432,0.5413462972798415,3.7850235502997256,-0.5787813024873869,recorded,PROGRESS
CASE_089,S2_HIGH_SOC_CONTROL,-9.0,2026-06-18 11:20:06,S2_HIGH_SOC_CONTROL_L18,2.0,1,0,1,0,1,1,0.2948188185691833,0.2273040354251861,0.0,282.0,,48973.0,81.0,,,,1.0,False,4.839086075724432,0.1372862704180555,3.7850235502997256,0.0128716490222684,recorded,PROGRESS
CASE_089,S2_HIGH_SOC_CONTROL,-8.0,2026-06-18 11:20:07,S2_HIGH_SOC_CONTROL_L18,2.0,1,0,1,1,0,0,0.131881445646286,0.2106274157762527,0.0,296.0,,48973.0,81.0,,,,1.0,False,3.988827446896373,0.9875448992461148,3.715732265739312,0.0821629335826821,recorded,PROGRESS
CASE_089,S2_HIGH_SOC_CONTROL,-7.0,2026-06-18 11:20:08,S2_HIGH_SOC_CONTROL_L18,2.0,1,0,1,0,1,1,0.131881445646286,0.1939507961273193,0.0,296.0,,48973.0,81.0,,,,1.0,False,3.988827446896373,0.6720382280293515,3.715732265739312,0.1526097310631522,recorded,PROGRESS
CASE_089,S2_HIGH_SOC_CONTROL,-6.0,2026-06-18 11:20:09,S2_HIGH_SOC_CONTROL_L18,2.0,1,0,1,1,0,0,0.1446441560983657,0.1785504475235939,0.0,308.0,,48849.0,81.0,,,,1.0,False,3.581652804296432,1.0792128706292925,3.562576908152976,0.3057650886494882,recorded,PROGRESS
CASE_089,S2_HIGH_SOC_CONTROL,-5.0,2026-06-18 11:20:10,S2_HIGH_SOC_CONTROL_L18,2.0,1,0,1,0,1,1,0.1446441560983657,0.16310755610466,0.0,308.0,,48849.0,81.0,,,,1.0,False,3.581652804296432,1.257433271428,3.562576908152976,0.2224466421467497,recorded,PROGRESS
CASE_089,S2_HIGH_SOC_CONTROL,-4.0,2026-06-18 11:20:11,S2_HIGH_SOC_CONTROL_L18,2.0,1,0,1,1,0,0,0.2901391386985779,0.1791885808110236,0.0,303.0,,48903.0,81.0,,,,1.0,False,3.820852439270625,1.018233636453807,3.203796558587103,0.5812269917126227,recorded,PROGRESS
CASE_089,S2_HIGH_SOC_CONTROL,-3.0,2026-06-18 11:20:12,S2_HIGH_SOC_CONTROL_L18,2.0,1,0,1,0,1,1,0.2901391386985779,0.1952696055173873,0.0,303.0,,48903.0,81.0,,,,1.0,False,3.820852439270625,0.1679750076257478,3.203796558587103,0.511935707152209,recorded,PROGRESS
CASE_089,S2_HIGH_SOC_CONTROL,-2.0,2026-06-18 11:20:13,S2_HIGH_SOC_CONTROL_L18,2.0,1,0,1,1,0,0,0.2986476421356201,0.2136479228734969,0.0,292.0,,48907.0,81.0,,,,1.0,False,4.391490336806707,-0.4026628899103341,2.630931763809725,1.0848005019295868,recorded,PROGRESS
CASE_089,S2_HIGH_SOC_CONTROL,-1.0,2026-06-18 11:20:14,S2_HIGH_SOC_CONTROL_L18,2.0,1,0,1,0,1,1,0.2986476421356201,0.2320262402296065,0.0,292.0,,48907.0,81.0,,,,1.0,False,4.391490336806707,-0.8098375325102749,2.630931763809725,0.9316451443432509,recorded,PROGRESS
CASE_089,S2_HIGH_SOC_CONTROL,0.0,2026-06-18 11:20:15,S2_HIGH_SOC_CONTROL_L18,2.0,1,0,1,1,0,0,0.2982222139835357,0.2323665797710418,0.0,301.0,,48903.0,81.0,,,,1.0,False,4.989052128877887,-1.407399324581455,2.0330328716016823,1.5295440365512936,recorded,PROGRESS
CASE_089,S2_HIGH_SOC_CONTROL,1.0,2026-06-18 11:20:16,S2_HIGH_SOC_CONTROL_L18,2.0,1,0,1,1,0,0,0.2977967858314514,0.2326643764972686,0.0,301.0,,48903.0,81.0,,,,1.0,False,1.5779644560319848,2.2428879832386404,1.564836313332808,1.6389602452542948,recorded,PROGRESS
CASE_089,S2_HIGH_SOC_CONTROL,2.0,2026-06-18 11:20:17,S2_HIGH_SOC_CONTROL_L18,2.0,1,0,1,0,1,1,0.2977967858314514,0.2492559105157851,0.0,301.0,,48903.0,81.0,,,,1.0,False,1.5779644560319848,2.2428879832386404,1.564836313332808,1.6389602452542948,recorded,PROGRESS
CASE_089,S2_HIGH_SOC_CONTROL,3.0,2026-06-18 11:20:18,S2_HIGH_SOC_CONTROL_L18,2.0,1,0,1,1,0,0,0.2994984984397888,0.2660176157951354,0.0,291.0,,48905.0,81.0,,,,1.0,False,24.94113007986255,-20.54963974305584,1.108730628442438,1.522201135367287,recorded,PROGRESS
CASE_089,S2_HIGH_SOC_CONTROL,4.0,2026-06-18 11:20:19,S2_HIGH_SOC_CONTROL_L18,2.0,1,0,1,0,1,1,0.2994984984397888,0.2815030500292778,0.0,291.0,,48905.0,81.0,,,,1.0,False,24.94113007986255,-20.54963974305584,1.108730628442438,1.522201135367287,recorded,PROGRESS
CASE_089,S2_HIGH_SOC_CONTROL,5.0,2026-06-18 11:20:20,S2_HIGH_SOC_CONTROL_L18,2.0,1,0,1,1,0,0,0.2994984984397888,0.2969884842634201,0.0,275.0,,48975.0,81.0,,,,1.0,False,24.32885974276043,-19.33980761388254,0.496460291340317,1.5365725802613652,recorded,PROGRESS
CASE_090,S4_SAFETY_RICH_NAVEEN12,-15.0,2026-03-01 00:40:41,S4_SAFETY_RICH_NAVEEN12_L8,1.0,1,0,1,1,0,0,0.0,0.0223328236136363,0.8,238.63636363636363,5264.727272727273,,65.0,0.0,,,35.0,False,2.8767431333253386,,2.283989987803143,,reconstructed_shortest,PROGRESS
CASE_090,S4_SAFETY_RICH_NAVEEN12,-14.0,2026-03-01 00:40:42,S4_SAFETY_RICH_NAVEEN12_L8,1.0,1,0,1,1,0,0,0.000283616,0.0081732969636363,0.9,268.3333333333333,5924.833333333333,,65.0,0.3333333333333321,,,35.0,False,2.875873945429472,,2.281747470869281,,reconstructed_shortest,PROGRESS
CASE_090,S4_SAFETY_RICH_NAVEEN12,-13.0,2026-03-01 00:40:43,S4_SAFETY_RICH_NAVEEN12_L8,1.0,1,0,1,1,0,0,0.000425424,7.0904e-05,1.0,275.54545454545456,6099.363636363636,,65.0,0.5,,,35.0,False,2.880065309747316,,2.2750513782018476,,reconstructed_shortest,PROGRESS
CASE_090,S4_SAFETY_RICH_NAVEEN12,-12.0,2026-03-01 00:40:44,S4_SAFETY_RICH_NAVEEN12_L8,1.0,1,0,1,1,0,0,0.000425424,0.0001134464,1.0,276.09090909090907,6113.0,,65.0,0.5,,,35.0,False,2.878505767278531,,2.2727354740232775,,reconstructed_shortest,PROGRESS
CASE_090,S4_SAFETY_RICH_NAVEEN12,-11.0,2026-03-01 00:40:45,S4_SAFETY_RICH_NAVEEN12_L8,1.0,1,0,1,1,0,0,0.000425424,0.0001559888,1.0,276.90909090909093,6131.0,,65.0,0.5,,,35.0,False,2.8769931144719036,,2.2693036172162766,,reconstructed_shortest,PROGRESS
CASE_090,S4_SAFETY_RICH_NAVEEN12,-10.0,2026-03-01 00:40:46,S4_SAFETY_RICH_NAVEEN12_L8,1.0,1,0,1,1,0,0,0.000425424,0.0001985312,1.0,277.6363636363636,6141.909090909091,,65.0,0.5,,,35.0,False,2.8625834979550184,0.0141596353703201,2.270296936715992,0.0136930510871509,reconstructed_shortest,STALLED
CASE_090,S4_SAFETY_RICH_NAVEEN12,-9.0,2026-03-01 00:40:47,S4_SAFETY_RICH_NAVEEN12_L8,1.0,1,0,1,1,0,0,0.000425424,0.0002410736,1.0,276.3333333333333,6114.666666666667,,65.0,0.5,,,35.0,False,2.8517830148333987,0.0240909305960732,2.2611452781469015,0.0206021927223796,reconstructed_shortest,STALLED
CASE_090,S4_SAFETY_RICH_NAVEEN12,-8.0,2026-03-01 00:40:48,S4_SAFETY_RICH_NAVEEN12_L8,1.0,1,0,1,1,0,0,0.000319068,0.0002729803999999,1.0,269.5,5963.583333333333,,65.0,0.375,,,35.0,False,2.7869532424728245,0.0931120672744914,2.205288481259847,0.0697628969420005,reconstructed_shortest,PROGRESS
CASE_090,S4_SAFETY_RICH_NAVEEN12,-7.0,2026-03-01 00:40:49,S4_SAFETY_RICH_NAVEEN12_L8,1.0,1,0,1,1,0,0,0.0,0.0002729803999999,1.0,248.72727272727272,5491.454545454545,,65.0,0.0,,,35.0,False,2.74974833679807,0.1287574304804608,2.1592004194008334,0.113535054622444,reconstructed_shortest,PROGRESS
CASE_090,S4_SAFETY_RICH_NAVEEN12,-6.0,2026-03-01 00:40:50,S4_SAFETY_RICH_NAVEEN12_L8,1.0,1,0,1,1,0,0,0.0014696463636363,0.0004199450363636,1.0,247.1818181818182,5455.181818181818,,65.0,1.4545454545454546,,,35.0,False,2.745885728734998,0.1311073857369056,2.1559757397744015,0.1133278774418751,reconstructed_shortest,PROGRESS
CASE_090,S4_SAFETY_RICH_NAVEEN12,-5.0,2026-03-01 00:40:51,S4_SAFETY_RICH_NAVEEN12_L8,1.0,1,0,1,1,0,0,0.037947821,0.0042147271363636,0.9,273.6,6053.0,,65.0,38.0,,,35.0,False,2.740429214835479,0.1221542831195394,2.1497149196905574,0.1205820170254345,reconstructed_shortest,PROGRESS
CASE_090,S4_SAFETY_RICH_NAVEEN12,-4.0,2026-03-01 00:40:52,S4_SAFETY_RICH_NAVEEN12_L8,1.0,1,0,1,1,0,0,0.126776335,0.0168639990363636,0.8,287.0,6356.5,,65.0,126.5,,,35.0,False,2.7228490095512763,0.1289340052821224,2.0807029552707665,0.1804423228761349,reconstructed_shortest,PROGRESS
CASE_090,S4_SAFETY_RICH_NAVEEN12,-3.0,2026-03-01 00:40:53,S4_SAFETY_RICH_NAVEEN12_L8,1.0,1,0,1,1,0,0,0.2066013272727272,0.0374815893636363,0.7,290.72727272727275,6441.636363636364,,64.0,206.3181818181818,,,35.0,False,2.603811185769957,0.1831420567028674,1.9229827293378048,0.2823057519220422,reconstructed_shortest,PROGRESS
CASE_090,S4_SAFETY_RICH_NAVEEN12,-2.0,2026-03-01 00:40:54,S4_SAFETY_RICH_NAVEEN12_L8,1.0,1,0,1,1,0,0,0.020343,0.0394733469636363,0.7,246.36363636363637,5430.909090909091,,65.0,20.31818181818182,,,35.0,False,2.3850481709795943,0.3647001658184758,1.8260277843805532,0.3331726350202801,reconstructed_shortest,PROGRESS
CASE_090,S4_SAFETY_RICH_NAVEEN12,-1.0,2026-03-01 00:40:55,S4_SAFETY_RICH_NAVEEN12_L8,1.0,1,0,1,1,0,0,0.0,0.0394308045636363,0.7,244.16666666666663,5386.333333333333,,65.0,0.0,,,35.0,False,2.243975559634448,0.5019101691005501,1.844388692250844,0.3115870475235576,reconstructed_shortest,PROGRESS
CASE_090,S4_SAFETY_RICH_NAVEEN12,0.0,2026-03-01 00:40:56,S4_SAFETY_RICH_NAVEEN12_L8,1.0,1,0,1,1,0,0,0.0,0.0393882621636363,0.7,233.45454545454547,5149.363636363636,,65.0,0.0,,,35.0,False,2.3207088874315183,0.4197203274039607,1.908278038314769,0.2414368813757883,reconstructed_shortest,PROGRESS
CASE_090,S4_SAFETY_RICH_NAVEEN12,1.0,2026-03-01 00:40:57,S4_SAFETY_RICH_NAVEEN12_L8,1.0,1,0,1,1,0,0,0.0,0.0393457197636363,0.7,231.0909090909091,5094.454545454545,,66.0,0.0,,,35.0,False,2.3672821294090785,0.3555668801421978,1.9462937210690503,0.1344092342017162,reconstructed_shortest,PROGRESS
CASE_090,S4_SAFETY_RICH_NAVEEN12,2.0,2026-03-01 00:40:58,S4_SAFETY_RICH_NAVEEN12_L8,1.0,1,0,1,1,0,0,0.0,0.0393138129636363,0.7,231.0,5085.5,,66.0,0.0,,,35.0,False,2.3742744324921956,0.2295367532777614,1.9520898775135345,-0.0291071481757296,reconstructed_shortest,PROGRESS
CASE_090,S4_SAFETY_RICH_NAVEEN12,3.0,2026-03-01 00:40:59,S4_SAFETY_RICH_NAVEEN12_L8,1.0,1,0,1,1,0,0,0.0,0.0393138129636363,0.7,231.66666666666663,5101.916666666667,,66.0,0.0,,,35.0,False,2.3778033875054954,0.0072447834740989,1.954006911845804,-0.1279791274652506,reconstructed_shortest,STALLED
CASE_090,S4_SAFETY_RICH_NAVEEN12,4.0,2026-03-01 00:41:00,S4_SAFETY_RICH_NAVEEN12_L8,1.0,1,0,1,1,0,0,0.0,0.0391668483272727,0.7,231.36363636363637,5094.454545454545,,65.0,0.0,,,35.0,False,2.377332142034726,-0.1333565824002782,1.9537392428653009,-0.1093505506144567,reconstructed_shortest,STALLED
CASE_090,S4_SAFETY_RICH_NAVEEN12,5.0,2026-03-01 00:41:01,S4_SAFETY_RICH_NAVEEN12_L8,1.0,1,0,1,1,0,0,0.0,0.0353720662272727,0.8,231.54545454545453,5097.454545454545,,65.0,0.0,,,35.0,False,2.374798791047998,-0.0540899036164796,1.9521556977875525,-0.0438776594727832,reconstructed_shortest,STALLED
CASE_091,S3_MEDIUM_SOC_WHOLETESTING,-15.0,2026-03-01 00:38:59,S3_MEDIUM_SOC_WHOLETESTING_L60,1.0,1,0,1,1,0,0,0.0082603158333333,0.000419945110606,1.0,259.5833333333333,6532.166666666667,,41.0,8.25,,,1.0,False,5.388254263669017,-0.0069243093204169,4.1754655421402616,-0.0278229903075057,reconstructed_shortest,STALLED
CASE_091,S3_MEDIUM_SOC_WHOLETESTING,-14.0,2026-03-01 00:39:00,S3_MEDIUM_SOC_WHOLETESTING_L60,1.0,1,0,1,1,0,0,0.1915181727272727,0.0196143047833333,0.9,271.09090909090907,6835.636363636364,,40.0,191.5,,,1.0,False,5.339968164257546,0.058053317747758,4.152997410812545,0.0317259480477938,reconstructed_shortest,PROGRESS
CASE_091,S3_MEDIUM_SOC_WHOLETESTING,-13.0,2026-03-01 00:39:01,S3_MEDIUM_SOC_WHOLETESTING_L60,1.0,1,0,1,1,0,0,0.2962014583333333,0.0492769930166666,0.8,283.0833333333333,7151.666666666667,,40.0,296.08333333333337,,,1.0,False,5.074027166296009,0.3316551827871654,4.0489810913184625,0.141942803306601,reconstructed_shortest,RECOVERING
CASE_091,S3_MEDIUM_SOC_WHOLETESTING,-12.0,2026-03-01 00:39:02,S3_MEDIUM_SOC_WHOLETESTING_L60,1.0,1,0,1,1,0,0,0.2991117272727273,0.0792307081439394,0.7,280.3636363636364,7070.090909090909,,40.0,298.77272727272725,,,1.0,False,4.816327692517587,0.5794112258425113,3.9639465024068974,0.217485072313778,reconstructed_shortest,RECOVERING
CASE_091,S3_MEDIUM_SOC_WHOLETESTING,-11.0,2026-03-01 00:39:03,S3_MEDIUM_SOC_WHOLETESTING_L60,1.0,1,0,1,1,0,0,0.2985316090909091,0.1091264114530303,0.6,277.09090909090907,6994.090909090909,,40.0,298.3636363636364,,,1.0,False,4.504021015144781,0.8900503246879437,3.881094362586963,0.2998442302958395,reconstructed_shortest,RECOVERING
CASE_091,S3_MEDIUM_SOC_WHOLETESTING,-10.0,2026-03-01 00:39:04,S3_MEDIUM_SOC_WHOLETESTING_L60,1.0,1,0,1,1,0,0,0.298541275,0.1390230813530303,0.5,276.75,6994.0,,40.0,298.375,,,1.0,False,4.222709253104598,1.1655450105644194,3.820294088534084,0.3551714536061774,reconstructed_shortest,RECOVERING
CASE_091,S3_MEDIUM_SOC_WHOLETESTING,-9.0,2026-03-01 00:39:05,S3_MEDIUM_SOC_WHOLETESTING_L60,1.0,1,0,1,1,0,0,0.2667794909090908,0.1657435728439394,0.4,277.54545454545456,7013.363636363636,,40.0,266.5,,,1.0,False,3.92718654204815,1.4127816222093958,3.786939316292362,0.366058094520183,reconstructed_shortest,PROGRESS
CASE_091,S3_MEDIUM_SOC_WHOLETESTING,-8.0,2026-03-01 00:39:06,S3_MEDIUM_SOC_WHOLETESTING_L60,1.0,1,0,1,1,0,0,0.1224512233333333,0.1780312375772727,0.3,272.3333333333333,6867.333333333333,,40.0,122.41666666666669,,,1.0,False,3.846069822012031,1.2279573442839782,3.755467620999639,0.2935134703188233,reconstructed_shortest,PROGRESS
CASE_091,S3_MEDIUM_SOC_WHOLETESTING,-7.0,2026-03-01 00:39:07,S3_MEDIUM_SOC_WHOLETESTING_L60,1.0,1,0,1,1,0,0,0.0994428533333333,0.188018065310606,0.2,269.8333333333333,6808.083333333333,,40.0,99.625,,,1.0,False,3.6967387448002262,1.1195889477173604,3.689922216208025,0.2740242861988724,reconstructed_shortest,PROGRESS
CASE_091,S3_MEDIUM_SOC_WHOLETESTING,-6.0,2026-03-01 00:39:08,S3_MEDIUM_SOC_WHOLETESTING_L60,1.0,1,0,1,1,0,0,0.147970209090909,0.2028808334924242,0.1,281.27272727272725,7100.636363636364,,40.0,147.8181818181818,,,1.0,False,3.59181378165921,0.9122072334855712,3.5824482712707257,0.2986460913162374,reconstructed_shortest,PROGRESS
CASE_091,S3_MEDIUM_SOC_WHOLETESTING,-5.0,2026-03-01 00:39:09,S3_MEDIUM_SOC_WHOLETESTING_L60,1.0,1,0,1,1,0,0,0.2673983272727273,0.2287946346363636,0.0,283.0,7146.545454545455,,40.0,267.22727272727275,,,1.0,False,3.389330523069996,0.8333787300346018,3.35654697994672,0.4637471085873641,reconstructed_shortest,PROGRESS
CASE_091,S3_MEDIUM_SOC_WHOLETESTING,-4.0,2026-03-01 00:39:10,S3_MEDIUM_SOC_WHOLETESTING_L60,1.0,1,0,1,1,0,0,0.2946254363636363,0.239105361,0.0,279.54545454545456,7060.0,,40.0,294.3181818181818,,,1.0,False,3.1306289346073517,0.7965576074407985,3.103568193466254,0.6833711228261081,reconstructed_shortest,PROGRESS
CASE_091,S3_MEDIUM_SOC_WHOLETESTING,-3.0,2026-03-01 00:39:11,S3_MEDIUM_SOC_WHOLETESTING_L60,1.0,1,0,1,1,0,0,0.2973004666666667,0.2392152618333333,0.0,275.6666666666667,6958.666666666667,,40.0,297.08333333333337,,,1.0,False,2.835932654800563,1.010137167211468,2.8184178392683967,0.9370497817312424,reconstructed_shortest,PROGRESS
CASE_091,S3_MEDIUM_SOC_WHOLETESTING,-2.0,2026-03-01 00:39:12,S3_MEDIUM_SOC_WHOLETESTING_L60,1.0,1,0,1,1,0,0,0.2966365181818182,0.2389677409242424,0.0,277.54545454545456,7005.727272727273,,40.0,296.5,,,1.0,False,2.562488413286554,1.1342503315136725,2.5538069846137343,1.1361152315942906,reconstructed_shortest,PROGRESS
CASE_091,S3_MEDIUM_SOC_WHOLETESTING,-1.0,2026-03-01 00:39:13,S3_MEDIUM_SOC_WHOLETESTING_L60,1.0,1,0,1,1,0,0,0.296733225,0.2387879025151515,0.0,278.75,7043.5,,40.0,296.5,,,1.0,False,2.260835958439834,1.330977823219376,2.2607935190052877,1.321654752265438,reconstructed_shortest,PROGRESS
CASE_091,S3_MEDIUM_SOC_WHOLETESTING,0.0,2026-03-01 00:39:14,S3_MEDIUM_SOC_WHOLETESTING_L60,1.0,1,0,1,1,0,0,0.29857675,0.2387914500151515,0.0,277.6666666666667,7009.5,,40.0,298.41666666666663,,,1.0,False,1.969653136650731,1.4196773864192649,1.9690761455353525,1.3874708344113675,reconstructed_shortest,PROGRESS
CASE_091,S3_MEDIUM_SOC_WHOLETESTING,1.0,2026-03-01 00:39:15,S3_MEDIUM_SOC_WHOLETESTING_L60,1.0,1,0,1,1,0,0,0.2986862818181818,0.2419821291060606,0.0,278.3636363636364,7033.090909090909,,40.0,298.5454545454545,,,1.0,False,1.696193270190537,1.4344356644168148,1.696193270190537,1.407374923275717,reconstructed_shortest,PROGRESS
CASE_091,S3_MEDIUM_SOC_WHOLETESTING,2.0,2026-03-01 00:39:16,S3_MEDIUM_SOC_WHOLETESTING_L60,1.0,1,0,1,1,0,0,0.2993051363636363,0.2596675204090909,0.0,276.0,6972.363636363636,,40.0,299.0,,,1.0,False,1.4189982528629443,1.4169344019376184,1.4189982528629443,1.3994195864054524,reconstructed_shortest,PROGRESS
CASE_091,S3_MEDIUM_SOC_WHOLETESTING,3.0,2026-03-01 00:39:17,S3_MEDIUM_SOC_WHOLETESTING_L60,1.0,1,0,1,1,0,0,0.2988023363636363,0.2796034687121212,0.0,277.45454545454544,7013.272727272727,,40.0,298.4545454545455,,,1.0,False,1.1432700625216023,1.4192183507649516,1.1432700625216023,1.410536922092132,reconstructed_shortest,PROGRESS
CASE_091,S3_MEDIUM_SOC_WHOLETESTING,4.0,2026-03-01 00:39:18,S3_MEDIUM_SOC_WHOLETESTING_L60,1.0,1,0,1,1,0,0,0.2992858,0.2947350278030303,0.0,277.9166666666667,7021.083333333333,,40.0,299.0,,,1.0,False,0.8275785223540866,1.4332574360857473,0.8275785223540866,1.4332149966512011,reconstructed_shortest,PROGRESS
CASE_091,S3_MEDIUM_SOC_WHOLETESTING,5.0,2026-03-01 00:39:19,S3_MEDIUM_SOC_WHOLETESTING_L60,1.0,1,0,1,1,0,0,0.29873269,0.2978684640757575,0.0,277.5,7021.1,,40.0,298.8,,,1.0,False,0.5542412702208682,1.4154118664298627,0.5542412702208681,1.4148348753144844,reconstructed_shortest,PROGRESS
CASE_092,S1_LOW_SOC_STRESS,-15.0,2026-06-22 17:03:45,S1_LOW_SOC_STRESS_L551,92.0,1,0,1,0,1,1,0.0,,,203.0,,37365.0,30.0,,,,5.0,False,2.8638196466012333,,2.141741133440582,,recorded,PROGRESS
CASE_092,S1_LOW_SOC_STRESS,-14.0,2026-06-22 17:03:46,S1_LOW_SOC_STRESS_L551,92.0,1,0,1,0,1,2,0.0,0.0,1.0,203.0,,37365.0,30.0,,,,5.0,False,2.8638196466012333,,2.141741133440582,,recorded,PROGRESS
CASE_092,S1_LOW_SOC_STRESS,-13.0,2026-06-22 17:03:47,S1_LOW_SOC_STRESS_L551,92.0,1,0,1,1,0,0,0.0,0.0,1.0,203.0,,37310.0,30.0,,,,5.0,False,2.8651477961820913,,2.142688104708165,,recorded,PROGRESS
CASE_092,S1_LOW_SOC_STRESS,-12.0,2026-06-22 17:03:48,S1_LOW_SOC_STRESS_L551,92.0,1,0,1,0,1,1,0.0,0.0,1.0,203.0,,37310.0,30.0,,,,5.0,False,2.8651477961820913,,2.142688104708165,,recorded,PROGRESS
CASE_092,S1_LOW_SOC_STRESS,-11.0,2026-06-22 17:03:49,S1_LOW_SOC_STRESS_L551,92.0,1,0,1,0,1,2,0.0,0.0,1.0,203.0,,37310.0,30.0,,,,5.0,False,2.8651477961820913,-0.0013281495808579,2.142688104708165,-0.0009469712675835,recorded,STALLED
CASE_092,S1_LOW_SOC_STRESS,-10.0,2026-06-22 17:03:50,S1_LOW_SOC_STRESS_L551,92.0,1,0,1,1,0,0,0.0,0.0,1.0,203.0,,37312.0,30.0,,,,5.0,False,2.8638196466012333,0.0,2.141741133440582,0.0,recorded,STALLED
CASE_092,S1_LOW_SOC_STRESS,-9.0,2026-06-22 17:03:51,S1_LOW_SOC_STRESS_L551,92.0,1,0,1,0,1,1,0.0,0.0,1.0,203.0,,37312.0,30.0,,,,5.0,False,2.8638196466012333,0.0,2.141741133440582,0.0,recorded,STALLED
CASE_092,S1_LOW_SOC_STRESS,-8.0,2026-06-22 17:03:52,S1_LOW_SOC_STRESS_L551,92.0,1,0,1,0,1,2,0.0,0.0,1.0,203.0,,37312.0,30.0,,,,5.0,False,2.8638196466012333,0.0013281495808579,2.141741133440582,0.0009469712675835,recorded,STALLED
CASE_092,S1_LOW_SOC_STRESS,-7.0,2026-06-22 17:03:53,S1_LOW_SOC_STRESS_L551,92.0,1,0,1,1,0,0,0.0,0.0,1.0,203.0,,37295.0,30.0,,,,5.0,False,2.8651477961820913,0.0,2.142688104708165,0.0,recorded,STALLED
CASE_092,S1_LOW_SOC_STRESS,-6.0,2026-06-22 17:03:54,S1_LOW_SOC_STRESS_L551,92.0,1,0,1,0,1,1,0.0,0.0,1.0,203.0,,37295.0,30.0,,,,5.0,False,2.8651477961820913,0.0,2.142688104708165,0.0,recorded,STALLED
CASE_092,S1_LOW_SOC_STRESS,-5.0,2026-06-22 17:03:55,S1_LOW_SOC_STRESS_L551,92.0,1,0,1,1,0,0,0.0,0.0,1.0,203.0,,37293.0,30.0,,,,5.0,False,2.8638196466012333,0.0,2.141741133440582,0.0,recorded,STALLED
CASE_092,S1_LOW_SOC_STRESS,-4.0,2026-06-22 17:03:56,S1_LOW_SOC_STRESS_L551,92.0,1,0,1,0,1,1,0.0,0.0,1.0,203.0,,37293.0,30.0,,,,5.0,False,2.8638196466012333,0.0,2.141741133440582,0.0,recorded,STALLED
CASE_092,S1_LOW_SOC_STRESS,-3.0,2026-06-22 17:03:57,S1_LOW_SOC_STRESS_L551,92.0,1,0,1,0,1,2,0.0,0.0,1.0,203.0,,37293.0,30.0,,,,5.0,False,2.8638196466012333,0.0,2.141741133440582,0.0,recorded,STALLED
CASE_092,S1_LOW_SOC_STRESS,-2.0,2026-06-22 17:03:58,S1_LOW_SOC_STRESS_L551,92.0,1,0,1,1,0,0,0.0,0.0,1.0,203.0,,37293.0,30.0,,,,5.0,False,2.8651477961820913,0.0,2.142688104708165,0.0,recorded,STALLED
CASE_092,S1_LOW_SOC_STRESS,-1.0,2026-06-22 17:03:59,S1_LOW_SOC_STRESS_L551,92.0,1,0,1,0,1,1,0.0,0.0,1.0,203.0,,37293.0,30.0,,,,5.0,False,2.8651477961820913,0.0,2.142688104708165,0.0,recorded,STALLED
CASE_092,S1_LOW_SOC_STRESS,0.0,2026-06-22 17:04:00,S1_LOW_SOC_STRESS_L551,92.0,1,0,1,1,0,0,0.0,0.0,1.0,203.0,,37293.0,30.0,,,,5.0,False,2.8638196466012333,0.0,2.141741133440582,0.0,recorded,STALLED
CASE_092,S1_LOW_SOC_STRESS,1.0,2026-06-22 17:04:01,S1_LOW_SOC_STRESS_L551,92.0,1,0,1,0,1,1,0.0,0.0,1.0,203.0,,37293.0,30.0,,,,5.0,False,2.8638196466012333,0.0,2.141741133440582,0.0,recorded,STALLED
CASE_092,S1_LOW_SOC_STRESS,2.0,2026-06-22 17:04:02,S1_LOW_SOC_STRESS_L551,92.0,1,0,1,0,1,2,0.0,0.0,1.0,203.0,,37293.0,30.0,,,,5.0,False,2.8638196466012333,0.0,2.141741133440582,0.0,recorded,STALLED
CASE_092,S1_LOW_SOC_STRESS,3.0,2026-06-22 17:04:03,S1_LOW_SOC_STRESS_L551,92.0,1,0,1,1,0,0,0.0,0.0,1.0,203.0,,37293.0,30.0,,,,5.0,False,2.8638196466012333,0.0013281495808579,2.141741133440582,0.0009469712675835,recorded,STALLED
CASE_092,S1_LOW_SOC_STRESS,4.0,2026-06-22 17:04:04,S1_LOW_SOC_STRESS_L551,92.0,1,0,1,0,1,1,0.0,0.0,1.0,203.0,,37293.0,30.0,,,,5.0,False,2.8638196466012333,0.0013281495808579,2.141741133440582,0.0009469712675835,recorded,STALLED
CASE_092,S1_LOW_SOC_STRESS,5.0,2026-06-22 17:04:05,S1_LOW_SOC_STRESS_L551,92.0,1,0,1,1,0,0,0.0,0.0,1.0,203.0,,37293.0,30.0,,,,5.0,False,2.8664761893707227,-0.0026565427694893,2.143635619644659,-0.0018944862040775,recorded,STALLED
CASE_093,S4_SAFETY_RICH_NAVEEN12,-15.0,2026-03-01 01:31:08,S4_SAFETY_RICH_NAVEEN12_L51,1.0,1,0,1,1,0,0,0.0754547436363636,0.2596665451969697,0.0,280.0,6458.090909090909,,57.0,75.63636363636363,,,14.0,False,9.197796374591457,1.0594573426202558,8.547596576438547,1.173072148067007,reconstructed_shortest,PROGRESS
CASE_093,S4_SAFETY_RICH_NAVEEN12,-14.0,2026-03-01 01:31:09,S4_SAFETY_RICH_NAVEEN12_L51,1.0,1,0,1,1,0,0,0.0745201083333333,0.2372267187575757,0.0,277.9166666666667,6412.333333333333,,57.0,74.625,,,14.0,False,9.129371758429787,0.8114246775357383,8.53696339539365,0.8672458421039178,reconstructed_shortest,PROGRESS
CASE_093,S4_SAFETY_RICH_NAVEEN12,-13.0,2026-03-01 01:31:10,S4_SAFETY_RICH_NAVEEN12_L51,1.0,1,0,1,1,0,0,0.1010575281818182,0.2175063843030302,0.0,262.0,6036.636363636364,,57.0,101.1818181818182,,,14.0,False,9.06154037540146,0.6164454878325216,8.56729424592046,0.5740936446301532,reconstructed_shortest,PROGRESS
CASE_093,S4_SAFETY_RICH_NAVEEN12,-12.0,2026-03-01 01:31:11,S4_SAFETY_RICH_NAVEEN12_L51,1.0,1,0,1,1,0,0,0.0,0.1877479801363636,0.1,236.16666666666663,5432.5,,57.0,0.0,,,14.0,False,9.046374748382744,0.3467780715348194,8.568297879419314,0.2881804155045966,reconstructed_shortest,PROGRESS
CASE_093,S4_SAFETY_RICH_NAVEEN12,-11.0,2026-03-01 01:31:12,S4_SAFETY_RICH_NAVEEN12_L51,1.0,1,0,1,1,0,0,0.0,0.1579895751363636,0.2,235.63636363636363,5415.636363636364,,58.0,0.0,,,14.0,False,9.035897381975316,0.257427160521555,8.559241690268571,0.09815730944368,reconstructed_shortest,PROGRESS
CASE_093,S4_SAFETY_RICH_NAVEEN12,-10.0,2026-03-01 01:31:13,S4_SAFETY_RICH_NAVEEN12_L51,1.0,1,0,1,1,0,0,0.0,0.1281177234696969,0.3,224.36363636363637,5143.454545454545,,57.0,0.0,,,14.0,False,9.035565157790936,0.1622312168005191,8.55900533142127,-0.0114087549827228,reconstructed_shortest,PROGRESS
CASE_093,S4_SAFETY_RICH_NAVEEN12,-9.0,2026-03-01 01:31:14,S4_SAFETY_RICH_NAVEEN12_L51,1.0,1,0,1,1,0,0,0.0,0.0982800298333333,0.4,228.0,5233.0,,57.0,0.0,,,14.0,False,9.03473459732998,0.094637161099806,8.55841443430417,-0.02145103891052,reconstructed_shortest,PROGRESS
CASE_093,S4_SAFETY_RICH_NAVEEN12,-8.0,2026-03-01 01:31:15,S4_SAFETY_RICH_NAVEEN12_L51,1.0,1,0,1,1,0,0,0.0,0.068419132560606,0.5,228.0,5233.0,,57.0,0.0,,,14.0,False,9.03549594441919,0.0260444309822709,8.558956089994782,0.0083381559256778,reconstructed_shortest,PROGRESS
CASE_093,S4_SAFETY_RICH_NAVEEN12,-7.0,2026-03-01 01:31:16,S4_SAFETY_RICH_NAVEEN12_L51,1.0,1,0,1,1,0,0,0.0,0.0414008443787878,0.6,228.0,5233.0,,58.0,0.0,,,14.0,False,9.022389165568528,0.0239855828142143,8.5546478944644,0.0136499849549132,reconstructed_shortest,STALLED
CASE_093,S4_SAFETY_RICH_NAVEEN12,-6.0,2026-03-01 01:31:17,S4_SAFETY_RICH_NAVEEN12_L51,1.0,1,0,1,1,0,0,0.0,0.0251032380151515,0.7,228.0,5229.181818181818,,58.0,0.0,,,14.0,False,9.029748267262786,0.0061491147125298,8.556987228045916,0.0022544622226554,reconstructed_shortest,STALLED
CASE_093,S4_SAFETY_RICH_NAVEEN12,-5.0,2026-03-01 01:31:18,S4_SAFETY_RICH_NAVEEN12_L51,1.0,1,0,1,1,0,0,0.0,0.0175577636515151,0.8,228.0,5230.090909090909,,58.0,0.0,,,14.0,False,9.031671788499894,0.0038933692910418,8.556264959479567,0.0027403719417034,reconstructed_shortest,STALLED
CASE_093,S4_SAFETY_RICH_NAVEEN12,-4.0,2026-03-01 01:31:19,S4_SAFETY_RICH_NAVEEN12_L51,1.0,1,0,1,1,0,0,0.0,0.0101057528181818,0.9,228.0,5231.666666666667,,58.0,0.0,,,14.0,False,9.035686164061168,-0.000951566731187,8.559120962796127,-0.0007065284919569,reconstructed_shortest,STALLED
CASE_093,S4_SAFETY_RICH_NAVEEN12,-3.0,2026-03-01 01:31:20,S4_SAFETY_RICH_NAVEEN12_L51,1.0,1,0,1,1,0,0,0.0,0.0,1.0,228.0,5233.0,,58.0,0.0,,,14.0,False,8.992425810771863,0.0430701336473262,8.509765359833068,0.0491907301617136,reconstructed_shortest,PROGRESS
CASE_093,S4_SAFETY_RICH_NAVEEN12,-2.0,2026-03-01 01:31:21,S4_SAFETY_RICH_NAVEEN12_L51,1.0,1,0,1,1,0,0,0.0,0.0,1.0,239.45454545454547,5503.0,,57.0,0.0,,,14.0,False,9.033016657553976,-0.0106274919854474,8.557210443479233,-0.0025625490148328,reconstructed_shortest,STALLED
CASE_093,S4_SAFETY_RICH_NAVEEN12,-1.0,2026-03-01 01:31:22,S4_SAFETY_RICH_NAVEEN12_L51,1.0,1,0,1,1,0,0,-0.0001933745454545,-1.9337454545460097e-05,1.0,266.54545454545456,6136.090909090909,,57.0,-0.2272727272727266,,,14.0,False,9.032091469990934,-0.0023432027281486,8.556814494054496,0.0001727339914197,reconstructed_shortest,STALLED
CASE_093,S4_SAFETY_RICH_NAVEEN12,0.0,2026-03-01 01:31:23,S4_SAFETY_RICH_NAVEEN12_L51,1.0,1,0,1,1,0,0,-0.000425424,-6.187985454546009e-05,1.0,271.3333333333333,6254.416666666667,,57.0,-0.5,,,14.0,False,9.031509648190422,0.000162140309472,8.556743577989355,-0.0004786185097884,reconstructed_shortest,STALLED
CASE_093,S4_SAFETY_RICH_NAVEEN12,1.0,2026-03-01 01:31:24,S4_SAFETY_RICH_NAVEEN12_L51,1.0,1,0,1,1,0,0,-0.000425424,-0.0001044222545454,1.0,270.8333333333333,6241.166666666667,,57.0,-0.5,,,14.0,False,9.000725131753745,0.0349610323074234,8.534886381866592,0.0242345809295354,reconstructed_shortest,PROGRESS
CASE_093,S4_SAFETY_RICH_NAVEEN12,2.0,2026-03-01 01:31:25,S4_SAFETY_RICH_NAVEEN12_L51,1.0,1,0,1,1,0,0,-0.000425424,-0.0001469646545454,1.0,271.45454545454544,6255.0,,57.0,-0.5,,,14.0,False,9.010529495729546,-0.0181036849576834,8.541446995402586,-0.0316816355695177,reconstructed_shortest,STALLED
CASE_093,S4_SAFETY_RICH_NAVEEN12,3.0,2026-03-01 01:31:26,S4_SAFETY_RICH_NAVEEN12_L51,1.0,1,0,1,1,0,0,-0.000425424,-0.0001895070545454,1.0,270.1818181818182,6231.181818181818,,57.0,-0.5,,,14.0,False,9.026024800827068,0.0069918567269073,8.55244571823316,0.0047647252460727,reconstructed_shortest,STALLED
CASE_093,S4_SAFETY_RICH_NAVEEN12,4.0,2026-03-01 01:31:27,S4_SAFETY_RICH_NAVEEN12_L51,1.0,1,0,1,1,0,0,-0.000425424,-0.0002320494545454,1.0,268.6666666666667,6194.833333333333,,57.0,-0.25,,,14.0,False,9.044618470314466,-0.0125270003235318,8.566045409878019,-0.0092309158235224,reconstructed_shortest,STALLED
CASE_093,S4_SAFETY_RICH_NAVEEN12,5.0,2026-03-01 01:31:28,S4_SAFETY_RICH_NAVEEN12_L51,1.0,1,0,1,1,0,0,-0.000425424,-0.0002745918545454,1.0,267.09090909090907,6150.545454545455,,57.0,-0.5,,,14.0,False,9.045370442245424,-0.0138607940550006,8.567176032215357,-0.0104324542260023,reconstructed_shortest,STALLED
CASE_094,S1_LOW_SOC_STRESS,-15.0,2026-06-22 17:14:11,S1_LOW_SOC_STRESS_L581,96.0,1,0,1,1,0,0,0.2705696821212768,0.185782666504383,0.0,258.0,,34550.0,18.0,,,,2.0,False,13.548866677740254,1.0055682708409286,12.584723107248902,0.7299225790077699,recorded,PROGRESS
CASE_094,S1_LOW_SOC_STRESS,-14.0,2026-06-22 17:14:12,S1_LOW_SOC_STRESS_L581,96.0,1,0,1,1,0,0,0.2918408513069153,0.185484866797924,0.0,259.0,,34479.0,18.0,,,,2.0,False,13.993947457403143,-0.253073803045563,12.133199110555127,1.134759920755,recorded,PROGRESS
CASE_094,S1_LOW_SOC_STRESS,-13.0,2026-06-22 17:14:13,S1_LOW_SOC_STRESS_L581,96.0,1,0,1,0,1,1,0.2918408513069153,0.1851870670914649,0.0,259.0,,34479.0,18.0,,,,2.0,False,13.993947457403143,-0.253073803045563,12.133199110555127,1.134759920755,recorded,PROGRESS
CASE_094,S1_LOW_SOC_STRESS,-12.0,2026-06-22 17:14:14,S1_LOW_SOC_STRESS_L581,96.0,1,0,1,1,0,0,0.2982222139835357,0.2059052161872387,0.0,249.0,,34550.0,18.0,,,,2.0,False,14.387792308492893,-1.0300803319623206,11.739251680299938,1.238052907296053,recorded,PROGRESS
CASE_094,S1_LOW_SOC_STRESS,-11.0,2026-06-22 17:14:15,S1_LOW_SOC_STRESS_L581,96.0,1,0,1,0,1,1,0.2982222139835357,0.2266233652830123,0.0,249.0,,34550.0,18.0,,,,2.0,False,14.387792308492893,-1.0300803319623206,11.739251680299938,1.238052907296053,recorded,PROGRESS
CASE_094,S1_LOW_SOC_STRESS,-10.0,2026-06-22 17:14:16,S1_LOW_SOC_STRESS_L581,96.0,1,0,1,1,0,0,0.2994984984397888,0.2392584592103958,0.0,257.0,,34414.0,18.0,,,,2.0,False,11.425098123471576,2.1237685542686773,11.072714168407238,1.5120089388416638,recorded,PROGRESS
CASE_094,S1_LOW_SOC_STRESS,-9.0,2026-06-22 17:14:17,S1_LOW_SOC_STRESS_L581,96.0,1,0,1,0,1,1,0.2994984984397888,0.2550416886806488,0.0,257.0,,34414.0,18.0,,,,2.0,False,11.425098123471576,2.568849333931569,11.072714168407238,1.0604849421478892,recorded,PROGRESS
CASE_094,S1_LOW_SOC_STRESS,-8.0,2026-06-22 17:14:18,S1_LOW_SOC_STRESS_L581,96.0,1,0,1,1,0,0,0.2994984984397888,0.2708249181509018,0.0,249.0,,34479.0,18.0,,,,2.0,False,11.03384022440072,2.960107233002425,10.678216009666556,1.4549831008885723,recorded,PROGRESS
CASE_094,S1_LOW_SOC_STRESS,-7.0,2026-06-22 17:14:19,S1_LOW_SOC_STRESS_L581,96.0,1,0,1,1,0,0,0.2982222139835357,0.2826942458748817,0.0,261.0,,34409.0,18.0,,,,2.0,False,10.566450025759336,3.8213422827335553,10.210819629199715,1.5284320511002214,recorded,PROGRESS
CASE_094,S1_LOW_SOC_STRESS,-6.0,2026-06-22 17:14:20,S1_LOW_SOC_STRESS_L581,96.0,1,0,1,0,1,1,0.2982222139835357,0.2945635735988616,0.0,261.0,,34409.0,18.0,,,,2.0,False,10.566450025759336,3.8213422827335553,10.210819629199715,1.5284320511002214,recorded,PROGRESS
CASE_094,S1_LOW_SOC_STRESS,-5.0,2026-06-22 17:14:21,S1_LOW_SOC_STRESS_L581,96.0,1,0,1,1,0,0,0.2365357428789138,0.2911601796746254,0.0,244.0,,34479.0,18.0,,,,2.0,False,10.135118472000237,1.2899796514713395,9.753720277632135,1.3189938907751009,recorded,PROGRESS
CASE_094,S1_LOW_SOC_STRESS,-4.0,2026-06-22 17:14:22,S1_LOW_SOC_STRESS_L581,96.0,1,0,1,0,1,1,0.2365357428789138,0.2856296688318252,0.0,244.0,,34479.0,18.0,,,,2.0,False,10.135118472000237,1.2899796514713395,9.753720277632135,1.3189938907751009,recorded,PROGRESS
CASE_094,S1_LOW_SOC_STRESS,-3.0,2026-06-22 17:14:23,S1_LOW_SOC_STRESS_L581,96.0,1,0,1,1,0,0,0.1237983852624893,0.2688254222273826,0.0,247.0,,34430.0,18.0,,,,2.0,False,10.333730883913574,0.7001093404871455,9.49890941954501,1.179306590121545,recorded,PROGRESS
CASE_094,S1_LOW_SOC_STRESS,-2.0,2026-06-22 17:14:24,S1_LOW_SOC_STRESS_L581,96.0,1,0,1,0,1,1,0.1237983852624893,0.2513830393552779,0.0,247.0,,34430.0,18.0,,,,2.0,False,10.333730883913574,0.2327191418457612,9.49890941954501,0.7119102096547074,recorded,PROGRESS
CASE_094,S1_LOW_SOC_STRESS,-1.0,2026-06-22 17:14:25,S1_LOW_SOC_STRESS_L581,96.0,1,0,1,1,0,0,0.1055051609873771,0.2321113340556621,0.0,252.0,,34409.0,18.0,,,,2.0,False,9.654054268402833,0.9123957573565048,9.482579259367432,0.7282403698322852,recorded,PROGRESS
CASE_094,S1_LOW_SOC_STRESS,0.0,2026-06-22 17:14:26,S1_LOW_SOC_STRESS_L581,96.0,1,0,1,0,1,1,0.1055051609873771,0.2127120003104209,0.0,252.0,,34409.0,18.0,,,,2.0,False,9.654054268402833,0.4810642035974055,9.482579259367432,0.2711410182647054,recorded,PROGRESS
CASE_094,S1_LOW_SOC_STRESS,1.0,2026-06-22 17:14:27,S1_LOW_SOC_STRESS_L581,96.0,1,0,1,1,0,0,0.1331577152013778,0.1960779219865798,0.0,261.0,,34339.0,17.0,,,,2.0,False,9.45050629138687,0.6846121806133674,9.345978395062316,0.4077418825698213,recorded,PROGRESS
CASE_094,S1_LOW_SOC_STRESS,2.0,2026-06-22 17:14:28,S1_LOW_SOC_STRESS_L581,96.0,1,0,1,0,1,1,0.1331577152013778,0.1794438436627387,0.0,261.0,,34339.0,17.0,,,,2.0,False,9.45050629138687,0.8832245925267053,9.345978395062316,0.1529310244826938,recorded,PROGRESS
CASE_094,S1_LOW_SOC_STRESS,3.0,2026-06-22 17:14:29,S1_LOW_SOC_STRESS_L581,96.0,1,0,1,0,1,2,0.1331577152013778,0.1629373937845229,0.0,261.0,,34339.0,17.0,,,,2.0,False,9.45050629138687,0.8832245925267053,9.345978395062316,0.1529310244826938,recorded,PROGRESS
CASE_094,S1_LOW_SOC_STRESS,4.0,2026-06-22 17:14:30,S1_LOW_SOC_STRESS_L581,96.0,1,0,1,1,0,0,0.2356849014759063,0.15668366253376,0.0,251.0,,34339.0,17.0,,,,2.0,False,9.393496308491136,0.2605579599116954,8.917081900983678,0.5654973583837535,recorded,PROGRESS
CASE_094,S1_LOW_SOC_STRESS,5.0,2026-06-22 17:14:31,S1_LOW_SOC_STRESS_L581,96.0,1,0,1,0,1,1,0.2356849014759063,0.1565985783934592,0.0,251.0,,34339.0,17.0,,,,2.0,False,9.393496308491136,0.2605579599116954,8.917081900983678,0.5654973583837535,recorded,PROGRESS
CASE_095,S1_LOW_SOC_STRESS,-15.0,2026-06-22 16:47:25,S1_LOW_SOC_STRESS_L518,86.0,1,0,1,1,0,0,0.2990730702877044,0.2984774708747863,0.0,264.0,,39260.0,39.0,,,,6.0,False,3.039090124815691,1.1476884224516777,2.149263898000103,1.1112354015706225,reconstructed_shortest,PROGRESS
CASE_095,S1_LOW_SOC_STRESS,-14.0,2026-06-22 16:47:26,S1_LOW_SOC_STRESS_L518,86.0,1,0,1,0,1,1,0.2990730702877044,0.2984774708747863,0.0,264.0,,39260.0,39.0,,,,6.0,False,3.039090124815691,1.1476884224516777,2.149263898000103,1.1112354015706225,reconstructed_shortest,PROGRESS
CASE_095,S1_LOW_SOC_STRESS,-13.0,2026-06-22 16:47:27,S1_LOW_SOC_STRESS_L518,86.0,1,0,1,1,0,0,0.2990730702877044,0.2984774708747864,0.0,267.0,,39202.0,38.0,,,,6.0,False,2.3810861393899754,1.4018156108421644,1.8440825518524069,1.0601560529952467,recorded,PROGRESS
CASE_095,S1_LOW_SOC_STRESS,-12.0,2026-06-22 16:47:28,S1_LOW_SOC_STRESS_L518,86.0,1,0,1,1,0,0,0.2994984984397888,0.2985200136899948,0.0,265.0,,39194.0,38.0,,,,6.0,False,1.774080333867659,1.533880030006566,1.5525706296200792,0.9553181291146168,recorded,PROGRESS
CASE_095,S1_LOW_SOC_STRESS,-11.0,2026-06-22 16:47:29,S1_LOW_SOC_STRESS_L518,86.0,1,0,1,0,1,1,0.2994984984397888,0.298732727766037,0.0,265.0,,39194.0,38.0,,,,6.0,False,1.774080333867659,1.533880030006566,1.5525706296200792,0.9553181291146168,recorded,PROGRESS
CASE_095,S1_LOW_SOC_STRESS,-10.0,2026-06-22 16:47:30,S1_LOW_SOC_STRESS_L518,86.0,1,0,1,1,0,0,0.2267509996891021,0.2915856063365936,0.0,222.0,,39404.0,39.0,,,,6.0,False,1.5998669380864654,1.4392231867292256,1.459417999560246,0.6898458984398572,recorded,PROGRESS
CASE_095,S1_LOW_SOC_STRESS,-9.0,2026-06-22 16:47:31,S1_LOW_SOC_STRESS_L518,86.0,1,0,1,0,1,1,0.2267509996891021,0.2844384849071502,0.0,222.0,,39404.0,39.0,,,,6.0,False,1.5998669380864654,1.4392231867292256,1.459417999560246,0.6898458984398572,recorded,PROGRESS
CASE_095,S1_LOW_SOC_STRESS,-8.0,2026-06-22 16:47:32,S1_LOW_SOC_STRESS_L518,86.0,1,0,1,1,0,0,0.0,0.2547013491392135,0.1,222.0,,39474.0,39.0,,,,6.0,False,1.585213847626295,0.7958722917636805,1.451130040826379,0.3929525110260279,recorded,PROGRESS
CASE_095,S1_LOW_SOC_STRESS,-7.0,2026-06-22 16:47:33,S1_LOW_SOC_STRESS_L518,86.0,1,0,1,1,0,0,0.0,0.2248365849256515,0.2,209.0,,39474.0,40.0,,,,6.0,False,1.585213847626295,0.188866486241364,1.451130040826379,0.1014405887937002,recorded,PROGRESS
CASE_095,S1_LOW_SOC_STRESS,-6.0,2026-06-22 16:47:34,S1_LOW_SOC_STRESS_L518,86.0,1,0,1,0,1,1,0.0,0.1949718207120895,0.3,209.0,,39474.0,40.0,,,,6.0,False,1.585213847626295,0.188866486241364,1.451130040826379,0.1014405887937002,recorded,PROGRESS
CASE_095,S1_LOW_SOC_STRESS,-5.0,2026-06-22 16:47:35,S1_LOW_SOC_STRESS_L518,86.0,1,0,1,1,0,0,0.0,0.165064513683319,0.4,209.0,,39474.0,40.0,,,,6.0,False,1.585213847626295,0.0146530904601704,1.451130040826379,0.0082879587338668,recorded,PROGRESS
CASE_095,S1_LOW_SOC_STRESS,-4.0,2026-06-22 16:47:36,S1_LOW_SOC_STRESS_L518,86.0,1,0,1,1,0,0,0.0,0.1351572066545486,0.5,209.0,,39474.0,40.0,,,,6.0,False,1.5846181905339454,0.01524874755252,1.4509504559412276,0.0084675436190182,recorded,PROGRESS
CASE_095,S1_LOW_SOC_STRESS,-3.0,2026-06-22 16:47:37,S1_LOW_SOC_STRESS_L518,86.0,1,0,1,0,1,1,0.0,0.1052498996257781,0.6,209.0,,39474.0,40.0,,,,6.0,False,1.5846181905339454,0.0005956570923495,1.4509504559412276,0.0001795848851513,recorded,STALLED
CASE_095,S1_LOW_SOC_STRESS,-2.0,2026-06-22 16:47:38,S1_LOW_SOC_STRESS_L518,86.0,1,0,1,1,0,0,0.0,0.0753000497817993,0.7,209.0,,39474.0,40.0,,,,6.0,False,1.5858094978910031,-0.0005956502647084,1.4513107658893978,-0.0001807250630188,recorded,STALLED
CASE_095,S1_LOW_SOC_STRESS,-1.0,2026-06-22 16:47:39,S1_LOW_SOC_STRESS_L518,86.0,1,0,1,0,1,1,0.0,0.0453501999378204,0.8,209.0,,39474.0,40.0,,,,6.0,False,1.5858094978910031,-0.0005956502647084,1.4513107658893978,-0.0001807250630188,recorded,STALLED
CASE_095,S1_LOW_SOC_STRESS,0.0,2026-06-22 16:47:40,S1_LOW_SOC_STRESS_L518,86.0,1,0,1,1,0,0,0.0,0.0226750999689102,0.9,209.0,,39474.0,40.0,,,,6.0,False,1.585213847626295,0.0,1.451130040826379,0.0,recorded,STALLED
CASE_095,S1_LOW_SOC_STRESS,1.0,2026-06-22 16:47:41,S1_LOW_SOC_STRESS_L518,86.0,1,0,1,1,0,0,0.0,0.0,1.0,209.0,,39474.0,40.0,,,,6.0,False,1.585213847626295,-0.0005956570923495,1.451130040826379,-0.0001795848851513,recorded,STALLED
CASE_095,S1_LOW_SOC_STRESS,2.0,2026-06-22 16:47:42,S1_LOW_SOC_STRESS_L518,86.0,1,0,1,0,1,1,0.0,0.0,1.0,209.0,,39474.0,40.0,,,,6.0,False,1.585213847626295,-0.0005956570923495,1.451130040826379,-0.0001795848851513,recorded,STALLED
CASE_095,S1_LOW_SOC_STRESS,3.0,2026-06-22 16:47:43,S1_LOW_SOC_STRESS_L518,86.0,1,0,1,1,0,0,0.0,0.0,1.0,209.0,,39474.0,40.0,,,,6.0,False,1.585213847626295,0.0005956502647084,1.451130040826379,0.0001807250630188,recorded,STALLED
CASE_095,S1_LOW_SOC_STRESS,4.0,2026-06-22 16:47:44,S1_LOW_SOC_STRESS_L518,86.0,1,0,1,0,1,1,0.0,0.0,1.0,209.0,,39474.0,40.0,,,,6.0,False,1.585213847626295,0.0005956502647084,1.451130040826379,0.0001807250630188,recorded,STALLED
CASE_095,S1_LOW_SOC_STRESS,5.0,2026-06-22 16:47:45,S1_LOW_SOC_STRESS_L518,86.0,1,0,1,1,0,0,0.0,0.0,1.0,209.0,,39474.0,40.0,,,,6.0,False,1.5858094978910031,-0.0005956502647084,1.4513107658893978,-0.0001807250630188,recorded,STALLED
CASE_096,S5_REAL_TMS_JULY10,-15.0,2026-07-10 10:26:10,S5_REAL_TMS_JULY10_L127,9.0,0,0,1,1,0,0,0.0,0.1989708021283149,0.2,229.0,,45125.0,64.0,,,,1.0,True,8.389038710191908,,1.1234793079524086,,recorded,INACTIVE
CASE_096,S5_REAL_TMS_JULY10,-14.0,2026-07-10 10:26:11,S5_REAL_TMS_JULY10_L127,9.0,0,0,1,0,1,1,0.0,0.1693187490105628,0.3,229.0,,45125.0,64.0,,,,1.0,True,8.389038710191908,,1.1234793079524086,,recorded,INACTIVE
CASE_096,S5_REAL_TMS_JULY10,-13.0,2026-07-10 10:26:12,S5_REAL_TMS_JULY10_L127,9.0,0,0,1,1,0,0,0.0,0.1393688991665839,0.4,247.0,,45034.0,64.0,,,,1.0,True,8.389038710191908,,1.1234793079524086,,recorded,INACTIVE
CASE_096,S5_REAL_TMS_JULY10,-12.0,2026-07-10 10:26:13,S5_REAL_TMS_JULY10_L127,9.0,0,0,1,0,1,1,0.0,0.1095041349530219,0.5,247.0,,45034.0,64.0,,,,1.0,True,8.389038710191908,,1.1234793079524086,,recorded,INACTIVE
CASE_096,S5_REAL_TMS_JULY10,-11.0,2026-07-10 10:26:14,S5_REAL_TMS_JULY10_L127,9.0,1,0,1,1,0,0,0.1327322870492935,0.0929125994443893,0.5,294.0,,44875.0,63.0,,,,1.0,False,8.393831187779256,-0.0065446942831304,1.123580687604219,-0.0001860539205975,recorded,PROGRESS
CASE_096,S5_REAL_TMS_JULY10,-10.0,2026-07-10 10:26:15,S5_REAL_TMS_JULY10_L127,9.0,1,0,1,0,1,1,0.1327322870492935,0.0762785211205482,0.5,294.0,,44875.0,63.0,,,,1.0,False,8.393831187779256,-0.0047924775873475,1.123580687604219,-0.0001013796518103,recorded,PROGRESS
CASE_096,S5_REAL_TMS_JULY10,-9.0,2026-07-10 10:26:16,S5_REAL_TMS_JULY10_L127,9.0,1,0,1,1,0,0,0.2990730702877044,0.0762785211205482,0.5,288.0,,44892.0,63.0,,,,1.0,False,9.004982239034717,-0.6159435288428092,1.2849293063194331,-0.1614499983670245,recorded,PROGRESS
CASE_096,S5_REAL_TMS_JULY10,-8.0,2026-07-10 10:26:17,S5_REAL_TMS_JULY10_L127,9.0,1,0,1,0,1,1,0.2990730702877044,0.0962734498083591,0.5,288.0,,44892.0,63.0,,,,1.0,False,9.004982239034717,-0.6159435288428092,1.2849293063194331,-0.1614499983670245,recorded,PROGRESS
CASE_096,S5_REAL_TMS_JULY10,-7.0,2026-07-10 10:26:18,S5_REAL_TMS_JULY10_L127,9.0,1,0,1,1,0,0,0.2994984984397888,0.1163109213113784,0.5,287.0,,44826.0,63.0,,,,1.0,False,9.408170864265989,-1.0191321540740803,1.5215274468727784,-0.3980481389203698,recorded,PROGRESS
CASE_096,S5_REAL_TMS_JULY10,-6.0,2026-07-10 10:26:19,S5_REAL_TMS_JULY10_L127,9.0,1,0,1,1,0,0,0.2986476421356201,0.1461756855249404,0.4,281.0,,44836.0,63.0,,,,1.0,False,10.055200369949588,-1.661369182170331,2.012375928709145,-0.8887952411049262,recorded,PROGRESS
CASE_096,S5_REAL_TMS_JULY10,-5.0,2026-07-10 10:26:20,S5_REAL_TMS_JULY10_L127,9.0,1,0,1,0,1,1,0.2986476421356201,0.1760404497385024,0.3,281.0,,44836.0,63.0,,,,1.0,False,10.055200369949588,-1.661369182170331,2.012375928709145,-0.8887952411049262,recorded,PROGRESS
CASE_096,S5_REAL_TMS_JULY10,-4.0,2026-07-10 10:26:21,S5_REAL_TMS_JULY10_L127,9.0,1,0,1,1,0,0,0.2982222139835357,0.205862671136856,0.2,282.0,,44892.0,63.0,,,,1.0,False,6.303429784132385,2.701552454902332,2.362109007059359,-1.077179700739926,recorded,PROGRESS
CASE_096,S5_REAL_TMS_JULY10,-3.0,2026-07-10 10:26:22,S5_REAL_TMS_JULY10_L127,9.0,1,0,1,0,1,1,0.2982222139835357,0.2356848925352096,0.1,282.0,,44892.0,63.0,,,,1.0,False,6.303429784132385,2.701552454902332,2.362109007059359,-1.077179700739926,recorded,PROGRESS
CASE_096,S5_REAL_TMS_JULY10,-2.0,2026-07-10 10:26:23,S5_REAL_TMS_JULY10_L127,9.0,1,0,1,1,0,0,0.2977967858314514,0.2654645711183547,0.0,294.0,,44821.0,63.0,,,,1.0,False,5.8322599723925475,3.5759108918734412,2.7844843480632955,-1.262956901190517,recorded,PROGRESS
CASE_096,S5_REAL_TMS_JULY10,-1.0,2026-07-10 10:26:24,S5_REAL_TMS_JULY10_L127,9.0,1,0,1,0,1,1,0.2977967858314514,0.2819710209965705,0.0,294.0,,44821.0,63.0,,,,1.0,False,5.8322599723925475,4.222940397557039,2.7844843480632955,-0.7721084193541503,recorded,PROGRESS
CASE_096,S5_REAL_TMS_JULY10,0.0,2026-07-10 10:26:25,S5_REAL_TMS_JULY10_L127,9.0,1,0,1,1,0,0,0.2965205013751983,0.298349842429161,0.0,278.0,,44838.0,63.0,,,,1.0,False,5.2440408412785775,4.811159528671009,3.330359675034093,-1.317983746324948,recorded,PROGRESS
CASE_096,S5_REAL_TMS_JULY10,1.0,2026-07-10 10:26:26,S5_REAL_TMS_JULY10_L127,9.0,1,0,1,0,1,1,0.2965205013751983,0.2980945855379104,0.0,278.0,,44838.0,63.0,,,,1.0,False,5.2440408412785775,1.0593889428538077,3.330359675034093,-0.968250667974734,recorded,PROGRESS
CASE_096,S5_REAL_TMS_JULY10,2.0,2026-07-10 10:26:27,S5_REAL_TMS_JULY10_L127,9.0,1,0,1,1,0,0,0.1527272015810012,0.2834599986672401,0.0,275.0,,44892.0,63.0,,,,1.0,False,4.911379787594884,1.3920499965375015,3.745406403439805,-1.383297396380446,recorded,PROGRESS
CASE_096,S5_REAL_TMS_JULY10,3.0,2026-07-10 10:26:28,S5_REAL_TMS_JULY10_L127,9.0,1,0,1,1,0,0,0.0948695391416549,0.2629971027374267,0.0,293.0,,44892.0,63.0,,,,1.0,False,4.7203981996485505,1.111861772743997,3.888177896885858,-1.103693548822562,recorded,PROGRESS
CASE_096,S5_REAL_TMS_JULY10,4.0,2026-07-10 10:26:29,S5_REAL_TMS_JULY10_L127,9.0,1,0,1,0,1,1,0.0948695391416549,0.2426192924380302,0.0,293.0,,44892.0,63.0,,,,1.0,False,4.7203981996485505,1.111861772743997,3.888177896885858,-1.103693548822562,recorded,PROGRESS
CASE_096,S5_REAL_TMS_JULY10,5.0,2026-07-10 10:26:30,S5_REAL_TMS_JULY10_L127,9.0,1,0,1,1,0,0,0.2552543878555298,0.2382799670100212,0.0,279.0,,44892.0,63.0,,,,1.0,False,4.731560316153884,0.5124805251246931,3.7717687585292254,-0.4414090834951323,recorded,PROGRESS
CASE_097,S4_SAFETY_RICH_NAVEEN12,-15.0,2026-03-01 01:19:36,S4_SAFETY_RICH_NAVEEN12_L37,1.0,1,0,1,1,0,0,0.0,0.1675470515378788,0.3,230.0,5233.0,,59.0,0.0,,,3.0,False,0.0176227597441483,0.325341516610993,0.0176227597441483,0.325341516610993,reconstructed_shortest,PROGRESS
CASE_097,S4_SAFETY_RICH_NAVEEN12,-14.0,2026-03-01 01:19:37,S4_SAFETY_RICH_NAVEEN12_L37,1.0,1,0,1,1,0,0,0.0,0.1428341705378787,0.4,230.0,5231.5,,59.0,0.0,,,3.0,False,0.0176227597441483,0.1198251808678504,0.0176227597441483,0.1198251808678504,reconstructed_shortest,PROGRESS
CASE_097,S4_SAFETY_RICH_NAVEEN12,-13.0,2026-03-01 01:19:38,S4_SAFETY_RICH_NAVEEN12_L37,1.0,1,0,1,1,0,0,0.0,0.1144815923560606,0.5,230.0,5233.0,,59.0,0.0,,,3.0,False,0.0176227597441483,0.0303570090319264,0.0176227597441483,0.0303570090319264,reconstructed_shortest,PROGRESS
CASE_097,S4_SAFETY_RICH_NAVEEN12,-12.0,2026-03-01 01:19:39,S4_SAFETY_RICH_NAVEEN12_L37,1.0,1,0,1,1,0,0,0.0,0.0846825759924242,0.6,230.0,5233.0,,59.0,0.0,,,3.0,False,0.0182519982132851,-0.001572920204528,0.0182519982132851,-0.001572920204528,reconstructed_shortest,STALLED
CASE_097,S4_SAFETY_RICH_NAVEEN12,-11.0,2026-03-01 01:19:40,S4_SAFETY_RICH_NAVEEN12_L38,1.0,1,0,1,1,0,0,0.0,0.0548851709924242,0.7,235.1818181818182,5354.090909090909,,59.0,0.0,,,1.0,False,5.387323575687926,,4.147932935427172,,reconstructed_shortest,PROGRESS
CASE_097,S4_SAFETY_RICH_NAVEEN12,-10.0,2026-03-01 01:19:41,S4_SAFETY_RICH_NAVEEN12_L38,1.0,1,0,1,1,0,0,0.0003093992727272,0.0253845975863636,0.8,264.8181818181818,6050.090909090909,,58.0,0.3636363636363597,,,1.0,False,5.384890451807616,,4.1477247716800605,,reconstructed_shortest,PROGRESS
CASE_097,S4_SAFETY_RICH_NAVEEN12,-9.0,2026-03-01 01:19:42,S4_SAFETY_RICH_NAVEEN12_L38,1.0,1,0,1,1,0,0,0.000425424,0.0120456220772727,0.9,272.0,6221.0,,58.0,0.5,,,1.0,False,5.358357541775833,,4.153063659554129,,reconstructed_shortest,PROGRESS
CASE_097,S4_SAFETY_RICH_NAVEEN12,-8.0,2026-03-01 01:19:43,S4_SAFETY_RICH_NAVEEN12_L38,1.0,1,0,1,1,0,0,0.000425424,0.0025976647272727,1.0,271.6363636363636,6212.090909090909,,58.0,0.5,,,1.0,False,5.367595548421531,,4.150292375328304,,reconstructed_shortest,PROGRESS
CASE_097,S4_SAFETY_RICH_NAVEEN12,-7.0,2026-03-01 01:19:44,S4_SAFETY_RICH_NAVEEN12_L38,1.0,1,0,1,1,0,0,0.000425424,0.0001585671272727,1.0,271.6363636363636,6212.090909090909,,58.0,0.5,,,1.0,False,5.3676853363098305,,4.148904861056027,,reconstructed_shortest,PROGRESS
CASE_097,S4_SAFETY_RICH_NAVEEN12,-6.0,2026-03-01 01:19:45,S4_SAFETY_RICH_NAVEEN12_L38,1.0,1,0,1,1,0,0,0.000425424,0.0002011095272727,1.0,272.3636363636364,6229.909090909091,,58.0,0.5,,,1.0,False,5.3733603432290185,0.0139632324589076,4.1518173008011825,-0.0038843653740103,reconstructed_shortest,STALLED
CASE_097,S4_SAFETY_RICH_NAVEEN12,-5.0,2026-03-01 01:19:46,S4_SAFETY_RICH_NAVEEN12_L38,1.0,1,0,1,1,0,0,0.000425424,0.0002436519272727,1.0,272.0,6221.0,,58.0,0.5,,,1.0,False,5.369873999591775,0.0150164522158409,4.152233576620291,-0.0045088049402304,reconstructed_shortest,STALLED
CASE_097,S4_SAFETY_RICH_NAVEEN12,-4.0,2026-03-01 01:19:47,S4_SAFETY_RICH_NAVEEN12_L38,1.0,1,0,1,1,0,0,0.000425424,0.0002861943272727,1.0,272.6666666666667,6241.666666666667,,58.0,0.5,,,1.0,False,5.371421789764423,-0.0130642479885905,4.156407982764969,-0.0033443232108396,reconstructed_shortest,STALLED
CASE_097,S4_SAFETY_RICH_NAVEEN12,-3.0,2026-03-01 01:19:48,S4_SAFETY_RICH_NAVEEN12_L38,1.0,1,0,1,1,0,0,0.0004254218181818,0.0003287365090908,1.0,270.54545454545456,6191.818181818182,,58.0,0.5,,,1.0,False,5.392810697672639,-0.0252151492511076,4.174731736419533,-0.024439361091229,reconstructed_shortest,STALLED
CASE_097,S4_SAFETY_RICH_NAVEEN12,-2.0,2026-03-01 01:19:49,S4_SAFETY_RICH_NAVEEN12_L38,1.0,1,0,1,1,0,0,0.000425424,0.0003712789090908,1.0,268.1818181818182,6126.909090909091,,58.0,0.5,,,1.0,False,5.390522543024189,-0.0228372067143585,4.161390650764805,-0.0124857897087773,reconstructed_shortest,STALLED
CASE_097,S4_SAFETY_RICH_NAVEEN12,-1.0,2026-03-01 01:19:50,S4_SAFETY_RICH_NAVEEN12_L38,1.0,1,0,1,1,0,0,0.0004254231666666,0.0004138212257575,1.0,267.6666666666667,6114.333333333333,,58.0,0.5,,,1.0,False,5.3986777299702045,-0.025317386741186,4.154314642957636,-0.0024973421564533,reconstructed_shortest,STALLED
CASE_097,S4_SAFETY_RICH_NAVEEN12,0.0,2026-03-01 01:19:51,S4_SAFETY_RICH_NAVEEN12_L38,1.0,1,0,1,1,0,0,0.0303598036363636,0.0034188616621212,0.9,270.27272727272725,6173.818181818182,,58.0,30.5,,,1.0,False,5.380477422854922,-0.0106034232631468,4.145363128661065,0.0068704479592263,reconstructed_shortest,STALLED
CASE_097,S4_SAFETY_RICH_NAVEEN12,1.0,2026-03-01 01:19:52,S4_SAFETY_RICH_NAVEEN12_L38,1.0,1,0,1,1,0,0,0.2457017,0.0279464892621212,0.8,288.8181818181818,6623.454545454545,,58.0,245.95454545454544,,,1.0,False,5.269977134950386,0.1014446548140375,4.104262778613244,0.0521452041517243,reconstructed_shortest,RECOVERING
CASE_097,S4_SAFETY_RICH_NAVEEN12,2.0,2026-03-01 01:19:53,S4_SAFETY_RICH_NAVEEN12_L38,1.0,1,0,1,1,0,0,0.2978741,0.0576913568621212,0.7,290.54545454545456,6665.909090909091,,58.0,297.5909090909091,,,1.0,False,4.959939640920302,0.4328710567523366,3.992263559817414,0.1824681766021187,reconstructed_shortest,RECOVERING
CASE_097,S4_SAFETY_RICH_NAVEEN12,3.0,2026-03-01 01:19:54,S4_SAFETY_RICH_NAVEEN12_L38,1.0,1,0,1,1,0,0,0.2982608636363636,0.0874749008257575,0.6,288.54545454545456,6611.181818181818,,58.0,298.0454545454545,,,1.0,False,4.695234385207579,0.6952881578166101,3.919308836816945,0.2420818139478595,reconstructed_shortest,RECOVERING
CASE_097,S4_SAFETY_RICH_NAVEEN12,4.0,2026-03-01 01:19:55,S4_SAFETY_RICH_NAVEEN12_L38,1.0,1,0,1,1,0,0,0.2991439833333333,0.1173467567590909,0.5,285.8333333333333,6539.166666666667,,58.0,298.91666666666663,,,1.0,False,4.399024925906639,0.9996528040635652,3.848238853924681,0.3060757890329548,reconstructed_shortest,RECOVERING
CASE_097,S4_SAFETY_RICH_NAVEEN12,5.0,2026-03-01 01:19:56,S4_SAFETY_RICH_NAVEEN12_L38,1.0,1,0,1,1,0,0,0.2986122,0.1471654343590909,0.4,287.1666666666667,6578.916666666667,,58.0,298.375,,,1.0,False,4.127674753577819,1.252802669277103,3.802275038049164,0.3430880906119005,reconstructed_shortest,RECOVERING
