session,onset_timestamp,relative_time_s,timestamp,temporal_segment_id,mission_leg_id,target_node,target_reached,active_mission,external_hold,telemetry_available,telemetry_fresh,speed_mps,state_speed_mean_10s,state_stop_share_10s,state_cartesian_displacement_10s_m,euclidean_remaining_m,graph_remaining_m,route_completion,degradation_candidate,current_degraded,event_onset,mission_state,route_source
S4_SAFETY_RICH_NAVEEN12,2026-03-01 00:36:47,-15.0,2026-03-01 00:36:32,1.0,S4_SAFETY_RICH_NAVEEN12_L3,5.0,False,1,0,1,1,0.0,0.08357119474242423,0.6,0.7440604640905024,2.044185079327372,3.1162771705036216,0.2780786703799487,0.0,0.0,0,STALLED,reconstructed_shortest
S4_SAFETY_RICH_NAVEEN12,2026-03-01 00:36:47,-14.0,2026-03-01 00:36:33,1.0,S4_SAFETY_RICH_NAVEEN12_L3,5.0,False,1,0,1,1,0.0449885925,0.05958082565909091,0.6,0.46461298392558514,2.046217673047003,3.1066736056457405,0.28030344626860093,0.0,0.0,0,STALLED,reconstructed_shortest
S4_SAFETY_RICH_NAVEEN12,2026-03-01 00:36:47,-13.0,2026-03-01 00:36:34,1.0,S4_SAFETY_RICH_NAVEEN12_L3,5.0,False,1,0,1,1,0.08373764,0.04111884165909091,0.6,0.29374536028966597,2.0710456493775298,3.1189911410304516,0.27744994799613,0.0,0.0,0,STALLED,reconstructed_shortest
S4_SAFETY_RICH_NAVEEN12,2026-03-01 00:36:47,-12.0,2026-03-01 00:36:35,1.0,S4_SAFETY_RICH_NAVEEN12_L3,5.0,False,1,0,1,1,0.0,0.018377996204545454,0.7,0.18745403746747163,2.1162906024838244,3.1906944183008306,0.2608390618544517,0.0,0.0,0,STALLED,reconstructed_shortest
S4_SAFETY_RICH_NAVEEN12,2026-03-01 00:36:47,-11.0,2026-03-01 00:36:36,1.0,S4_SAFETY_RICH_NAVEEN12_L3,5.0,False,1,0,1,1,0.0,0.018377996204545454,0.7,0.2331369650281935,2.164192478673924,3.2564276006640127,0.24561121663549879,0.0,0.0,0,STALLED,reconstructed_shortest
S4_SAFETY_RICH_NAVEEN12,2026-03-01 00:36:47,-10.0,2026-03-01 00:36:37,1.0,S4_SAFETY_RICH_NAVEEN12_L3,5.0,False,1,0,1,1,0.0,0.018377996204545454,0.7,0.25752805290998254,2.1888109408374428,3.2770560756632636,0.24083239392985145,0.0,0.0,0,STALLED,reconstructed_shortest
S4_SAFETY_RICH_NAVEEN12,2026-03-01 00:36:47,-9.0,2026-03-01 00:36:38,1.0,S4_SAFETY_RICH_NAVEEN12_L3,5.0,False,1,0,1,1,0.0,0.018377996204545454,0.7,0.24734413043466424,2.1851410963381945,3.2740620311856166,0.24152599865497126,0.0,0.0,0,STALLED,reconstructed_shortest
S4_SAFETY_RICH_NAVEEN12,2026-03-01 00:36:47,-8.0,2026-03-01 00:36:39,1.0,S4_SAFETY_RICH_NAVEEN12_L3,5.0,False,1,0,1,1,0.0,0.013719603704545455,0.8,0.2198181874289683,2.1880332194181116,3.2761287535141874,0.24104721873593216,0.0,0.0,0,STALLED,reconstructed_shortest
S4_SAFETY_RICH_NAVEEN12,2026-03-01 00:36:47,-7.0,2026-03-01 00:36:40,1.0,S4_SAFETY_RICH_NAVEEN12_L3,5.0,False,1,0,1,1,0.0,0.012872623250000001,0.8,0.15565170473148635,2.1882766772444935,3.275799523907026,0.2411234885485155,0.0,0.0,0,STALLED,reconstructed_shortest
S4_SAFETY_RICH_NAVEEN12,2026-03-01 00:36:47,-6.0,2026-03-01 00:36:41,1.0,S4_SAFETY_RICH_NAVEEN12_L3,5.0,False,1,0,1,1,0.0,0.012872623250000001,0.8,0.14770851655098619,2.1877736076033223,3.2754977991208594,0.24119338655401723,0.0,0.0,0,STALLED,reconstructed_shortest
S4_SAFETY_RICH_NAVEEN12,2026-03-01 00:36:47,-5.0,2026-03-01 00:36:42,1.0,S4_SAFETY_RICH_NAVEEN12_L3,5.0,False,1,0,1,1,0.0,0.012872623250000001,0.8,0.15220434560052543,2.1885237623455662,3.276456215944963,0.24097135831001637,0.0,0.0,0,STALLED,reconstructed_shortest
S4_SAFETY_RICH_NAVEEN12,2026-03-01 00:36:47,-4.0,2026-03-01 00:36:43,1.0,S4_SAFETY_RICH_NAVEEN12_L3,5.0,False,1,0,1,1,0.0,0.008373764,0.9,0.14400073325103607,2.188378601611867,3.2767276390547915,0.24090848003519805,0.0,0.0,0,STALLED,reconstructed_shortest
S4_SAFETY_RICH_NAVEEN12,2026-03-01 00:36:47,-3.0,2026-03-01 00:36:44,1.0,S4_SAFETY_RICH_NAVEEN12_L3,5.0,False,1,0,1,1,0.0,0.0,1.0,0.08991303148937159,2.185863963548334,3.274988213860532,0.24131143782114217,0.0,0.0,0,STALLED,reconstructed_shortest
S4_SAFETY_RICH_NAVEEN12,2026-03-01 00:36:47,-2.0,2026-03-01 00:36:45,1.0,S4_SAFETY_RICH_NAVEEN12_L3,5.0,False,1,0,1,1,0.0,0.0,1.0,0.02188253651817319,2.183648757727261,3.2731473705841063,0.2417378902684142,1.0,0.0,0,STALLED,reconstructed_shortest
S4_SAFETY_RICH_NAVEEN12,2026-03-01 00:36:47,-1.0,2026-03-01 00:36:46,1.0,S4_SAFETY_RICH_NAVEEN12_L3,5.0,False,1,0,1,1,0.0,0.0,1.0,0.0017536501632506463,2.1905289731708852,3.278685910347773,0.24045482404176866,1.0,0.0,0,STALLED,reconstructed_shortest
S4_SAFETY_RICH_NAVEEN12,2026-03-01 00:36:47,0.0,2026-03-01 00:36:47,1.0,S4_SAFETY_RICH_NAVEEN12_L3,5.0,False,1,0,1,1,0.0,0.0,1.0,0.003225279265825336,2.188208769170138,3.2768896033220405,0.24087095915603163,1.0,1.0,1,STALLED,reconstructed_shortest
S4_SAFETY_RICH_NAVEEN12,2026-03-01 00:36:47,1.0,2026-03-01 00:36:48,1.0,S4_SAFETY_RICH_NAVEEN12_L3,5.0,False,1,0,1,1,0.0,0.0,1.0,0.054740382173756416,2.154267429181905,3.2379027769738626,0.24990270440043616,0.0,1.0,0,PROGRESS,reconstructed_shortest
S4_SAFETY_RICH_NAVEEN12,2026-03-01 00:36:47,2.0,2026-03-01 00:36:49,1.0,S4_SAFETY_RICH_NAVEEN12_L3,5.0,False,1,0,1,1,0.0,0.0,1.0,0.06909434791978462,2.1467238634937598,3.2302754088445167,0.251669671663027,0.0,1.0,0,PROGRESS,reconstructed_shortest
S4_SAFETY_RICH_NAVEEN12,2026-03-01 00:36:47,3.0,2026-03-01 00:36:50,1.0,S4_SAFETY_RICH_NAVEEN12_L3,5.0,False,1,0,1,1,0.0,0.0,1.0,0.03031528107193042,2.158034748348634,3.247387028389645,0.24770556883838157,0.0,1.0,0,STALLED,reconstructed_shortest
S4_SAFETY_RICH_NAVEEN12,2026-03-01 00:36:47,4.0,2026-03-01 00:36:51,1.0,S4_SAFETY_RICH_NAVEEN12_L3,5.0,False,1,0,1,1,0.0,0.0,1.0,0.16912909597558648,2.019495373587931,3.1004673373938267,0.28174119945397513,0.0,1.0,0,PROGRESS,reconstructed_shortest
S4_SAFETY_RICH_NAVEEN12,2026-03-01 00:36:47,5.0,2026-03-01 00:36:52,1.0,S4_SAFETY_RICH_NAVEEN12_L3,5.0,False,1,0,1,1,0.0,0.0,1.0,0.16892063881129551,2.019495373587931,3.1004673373938267,0.28174119945397513,0.0,1.0,0,PROGRESS,reconstructed_shortest
S4_SAFETY_RICH_NAVEEN12,2026-03-01 00:36:47,6.0,2026-03-01 00:36:53,1.0,S4_SAFETY_RICH_NAVEEN12_L3,5.0,False,1,0,1,1,0.0,0.0,1.0,0.166368758057482,2.019495373587931,3.1004673373938267,0.28174119945397513,0.0,1.0,0,PROGRESS,reconstructed_shortest
S4_SAFETY_RICH_NAVEEN12,2026-03-01 00:36:47,7.0,2026-03-01 00:36:54,1.0,S4_SAFETY_RICH_NAVEEN12_L3,5.0,False,1,0,1,1,0.0,0.0,1.0,0.16416392971606886,2.019495373587931,3.1004673373938267,0.28174119945397513,0.0,1.0,0,PROGRESS,reconstructed_shortest
S4_SAFETY_RICH_NAVEEN12,2026-03-01 00:36:47,8.0,2026-03-01 00:36:55,1.0,S4_SAFETY_RICH_NAVEEN12_L3,5.0,False,1,0,1,1,0.11514809166666667,0.011514809166666667,0.9,0.28407193982273754,1.9417984462994624,2.921629881340517,0.323170946230642,0.0,1.0,0,PROGRESS,reconstructed_shortest
S4_SAFETY_RICH_NAVEEN12,2026-03-01 00:36:47,9.0,2026-03-01 00:36:56,1.0,S4_SAFETY_RICH_NAVEEN12_L3,5.0,False,1,0,1,1,0.28614019,0.04012882816666667,0.8,0.5991997101448893,1.741859563336067,2.57517081849317,0.4034321597315105,0.0,1.0,0,PROGRESS,reconstructed_shortest
S4_SAFETY_RICH_NAVEEN12,2026-03-01 00:36:47,10.0,2026-03-01 00:36:57,1.0,S4_SAFETY_RICH_NAVEEN12_L3,5.0,False,1,0,1,1,0.29088365,0.06921719316666666,0.7,0.9872732178963668,1.5741056030704839,2.137900593682608,0.5047308199041174,0.0,0.0,0,PROGRESS,reconstructed_shortest
S4_SAFETY_RICH_NAVEEN12,2026-03-01 00:37:18,-15.0,2026-03-01 00:37:03,1.0,S4_SAFETY_RICH_NAVEEN12_L3,5.0,False,1,0,1,1,0.29595326666666666,0.19303491779545454,0.1,1.63024805479967,0.7151592599529649,0.7188576464015012,0.833468385671919,0.0,0.0,0,PROGRESS,reconstructed_shortest
S4_SAFETY_RICH_NAVEEN12,2026-03-01 00:37:18,-14.0,2026-03-01 00:37:04,1.0,S4_SAFETY_RICH_NAVEEN12_L3,5.0,False,1,0,1,1,0.29864762727272726,0.2228996805227273,0.0,1.6590230050484533,0.4330926734391683,0.4330926734391683,0.8996691174914399,0.0,0.0,0,PROGRESS,reconstructed_shortest
S4_SAFETY_RICH_NAVEEN12,2026-03-01 00:37:18,-13.0,2026-03-01 00:37:05,1.0,S4_SAFETY_RICH_NAVEEN12_L3,5.0,False,1,0,1,1,0.16197050181818182,0.2275819215378788,0.0,1.5978781480527602,0.18342768230074544,0.18342768230074546,0.9575068746936017,0.0,0.0,0,PROGRESS,reconstructed_shortest
S4_SAFETY_RICH_NAVEEN12,2026-03-01 00:37:18,-12.0,2026-03-01 00:37:06,1.0,S4_SAFETY_RICH_NAVEEN12_L3,5.0,False,1,0,1,1,0.09947185909090908,0.20891508844696965,0.0,1.5063289143076404,0.07500380373236021,0.07500380373236021,0.982624509068211,0.0,0.0,0,PROGRESS,reconstructed_shortest
S4_SAFETY_RICH_NAVEEN12,2026-03-01 00:37:18,-11.0,2026-03-01 00:37:07,1.0,S4_SAFETY_RICH_NAVEEN12_L3,5.0,False,1,0,1,1,0.039649512,0.1837916746469697,0.0,1.4930469835237072,0.0029250668163309772,0.0029250668163309772,0.9993223747408412,0.0,0.0,0,PROGRESS,reconstructed_shortest
S4_SAFETY_RICH_NAVEEN12,2026-03-01 00:37:18,-10.0,2026-03-01 00:37:08,1.0,S4_SAFETY_RICH_NAVEEN12_L3,5.0,False,1,0,1,1,0.0,0.16075496298030303,0.1,1.4352640431661878,0.006813909440218896,0.006813909440218896,0.9984214797677324,0.0,0.0,0,PROGRESS,reconstructed_shortest
S4_SAFETY_RICH_NAVEEN12,2026-03-01 00:37:18,-9.0,2026-03-01 00:37:09,1.0,S4_SAFETY_RICH_NAVEEN12_L3,5.0,False,1,0,1,1,0.0,0.1487615498969697,0.2,1.3673429638675092,0.006813909440218896,0.006813909440218896,0.9984214797677324,0.0,0.0,0,PROGRESS,reconstructed_shortest
S4_SAFETY_RICH_NAVEEN12,2026-03-01 00:37:18,-8.0,2026-03-01 00:37:10,1.0,S4_SAFETY_RICH_NAVEEN12_L3,5.0,False,1,0,1,1,0.0,0.1394331628969697,0.3,1.2301592004066386,0.007217473034241317,0.007217473034241317,0.9983279896349738,0.0,0.0,0,PROGRESS,reconstructed_shortest
S4_SAFETY_RICH_NAVEEN12,2026-03-01 00:37:18,-7.0,2026-03-01 00:37:11,1.0,S4_SAFETY_RICH_NAVEEN12_L3,5.0,False,1,0,1,1,0.0,0.11764371835151514,0.4,1.0124962048554733,0.007217473034241317,0.007217473034241317,0.9983279896349738,0.0,0.0,0,PROGRESS,reconstructed_shortest
S4_SAFETY_RICH_NAVEEN12,2026-03-01 00:37:18,-6.0,2026-03-01 00:37:12,1.0,S4_SAFETY_RICH_NAVEEN12_L3,5.0,False,1,0,1,1,0.0,0.08956927668484849,0.5,0.7217784982449988,0.007217473034241317,0.007217473034241317,0.9983279896349738,0.0,0.0,0,PROGRESS,reconstructed_shortest
S4_SAFETY_RICH_NAVEEN12,2026-03-01 00:37:18,-5.0,2026-03-01 00:37:13,1.0,S4_SAFETY_RICH_NAVEEN12_L3,5.0,False,1,0,1,1,0.0,0.05997395001818182,0.6,0.4397218224798024,0.007217473034241317,0.007217473034241317,0.9983279896349738,0.0,0.0,0,STALLED,reconstructed_shortest
S4_SAFETY_RICH_NAVEEN12,2026-03-01 00:37:18,-4.0,2026-03-01 00:37:14,1.0,S4_SAFETY_RICH_NAVEEN12_L3,5.0,False,1,0,1,1,0.0,0.03010918729090909,0.7,0.19006022918716517,0.007217473034241317,0.007217473034241317,0.9983279896349738,0.0,0.0,0,STALLED,reconstructed_shortest
S4_SAFETY_RICH_NAVEEN12,2026-03-01 00:37:18,-3.0,2026-03-01 00:37:15,1.0,S4_SAFETY_RICH_NAVEEN12_L3,5.0,False,1,0,1,1,0.0,0.013912137109090908,0.8,0.08164357250019837,0.007217473034241317,0.007217473034241317,0.9983279896349738,0.0,0.0,0,STALLED,reconstructed_shortest
S4_SAFETY_RICH_NAVEEN12,2026-03-01 00:37:18,-2.0,2026-03-01 00:37:16,1.0,S4_SAFETY_RICH_NAVEEN12_L3,5.0,False,1,0,1,1,0.0,0.0039649512,0.9,0.005934397263412995,0.007217473034241317,0.007217473034241317,0.9983279896349738,1.0,0.0,0,STALLED,reconstructed_shortest
S4_SAFETY_RICH_NAVEEN12,2026-03-01 00:37:18,-1.0,2026-03-01 00:37:17,1.0,S4_SAFETY_RICH_NAVEEN12_L3,5.0,False,1,0,1,1,0.0,0.0,1.0,0.0014176363636364542,0.007217473034241317,0.007217473034241317,0.9983279896349738,1.0,0.0,0,STALLED,reconstructed_shortest
S4_SAFETY_RICH_NAVEEN12,2026-03-01 00:37:18,0.0,2026-03-01 00:37:18,1.0,S4_SAFETY_RICH_NAVEEN12_L3,5.0,False,1,0,1,1,0.0,0.0,1.0,0.0014176363636364542,0.007217473034241317,0.007217473034241317,0.9983279896349738,1.0,1.0,1,STALLED,reconstructed_shortest
S4_SAFETY_RICH_NAVEEN12,2026-03-01 00:37:18,1.0,2026-03-01 00:37:19,1.0,S4_SAFETY_RICH_NAVEEN12_L3,5.0,False,1,0,1,1,0.0,0.0,1.0,0.0,0.007217473034241317,0.007217473034241317,0.9983279896349738,1.0,1.0,0,STALLED,reconstructed_shortest
S4_SAFETY_RICH_NAVEEN12,2026-03-01 00:37:18,2.0,2026-03-01 00:37:20,1.0,S4_SAFETY_RICH_NAVEEN12_L3,5.0,False,1,0,1,1,0.0,0.0,1.0,0.0,0.007217473034241317,0.007217473034241317,0.9983279896349738,1.0,1.0,0,STALLED,reconstructed_shortest
S4_SAFETY_RICH_NAVEEN12,2026-03-01 00:37:18,3.0,2026-03-01 00:37:21,1.0,S4_SAFETY_RICH_NAVEEN12_L3,5.0,False,1,0,1,1,0.0,0.0,1.0,0.0028747703666827744,0.006219623887142718,0.006219623887142718,0.9985591528286243,1.0,1.0,0,STALLED,reconstructed_shortest
S4_SAFETY_RICH_NAVEEN12,2026-03-01 00:37:18,4.0,2026-03-01 00:37:22,1.0,S4_SAFETY_RICH_NAVEEN12_L4,6.0,False,1,0,1,1,0.0,,,,1.470674498157223,4.093305602210185,0.0,,,0,PROGRESS,reconstructed_shortest
S4_SAFETY_RICH_NAVEEN12,2026-03-01 00:37:18,5.0,2026-03-01 00:37:23,1.0,S4_SAFETY_RICH_NAVEEN12_L4,6.0,False,1,0,1,1,0.00028361366666666664,,,,1.466068093152343,4.0985656040287815,0.0,,,0,PROGRESS,reconstructed_shortest
S4_SAFETY_RICH_NAVEEN12,2026-03-01 00:37:18,6.0,2026-03-01 00:37:24,1.0,S4_SAFETY_RICH_NAVEEN12_L4,6.0,False,1,0,1,1,0.000425424,,,,1.4570416600321927,4.104519905830897,0.0,,,0,PROGRESS,reconstructed_shortest
S4_SAFETY_RICH_NAVEEN12,2026-03-01 00:37:18,7.0,2026-03-01 00:37:25,1.0,S4_SAFETY_RICH_NAVEEN12_L4,6.0,False,1,0,1,1,0.00042542399999999993,0.00028361541666666664,1.0,,1.4533271610432388,4.107571938872446,0.0,,,0,PROGRESS,reconstructed_shortest
S4_SAFETY_RICH_NAVEEN12,2026-03-01 00:37:18,8.0,2026-03-01 00:37:26,1.0,S4_SAFETY_RICH_NAVEEN12_L4,6.0,False,1,0,1,1,0.000425424,0.0003119771333333333,1.0,,1.475511761693014,4.077176089686581,0.003940461351064073,,,0,PROGRESS,reconstructed_shortest
S4_SAFETY_RICH_NAVEEN12,2026-03-01 00:37:18,9.0,2026-03-01 00:37:27,1.0,S4_SAFETY_RICH_NAVEEN12_L4,6.0,False,1,0,1,1,0.000425424,0.0003308849444444444,1.0,,1.482615505000388,4.038530185730249,0.01338170706100228,,,0,PROGRESS,reconstructed_shortest
S4_SAFETY_RICH_NAVEEN12,2026-03-01 00:37:18,10.0,2026-03-01 00:37:28,1.0,S4_SAFETY_RICH_NAVEEN12_L4,6.0,False,1,0,1,1,0.000425424,0.0003443905238095238,1.0,0.05814447724944765,1.466191860351866,4.040168899394018,0.012981367134541677,,,0,PROGRESS,reconstructed_shortest
S4_SAFETY_RICH_NAVEEN12,2026-03-01 00:40:07,-15.0,2026-03-01 00:39:52,1.0,S4_SAFETY_RICH_NAVEEN12_L7,5.0,False,1,0,1,1,0.000425424,0.05736520645909091,0.4,0.4739947742130769,2.6320863736456532,2.9101217078782877,0.0,0.0,0.0,0,PROGRESS,reconstructed_shortest
S4_SAFETY_RICH_NAVEEN12,2026-03-01 00:40:07,-14.0,2026-03-01 00:39:53,1.0,S4_SAFETY_RICH_NAVEEN12_L7,5.0,False,1,0,1,1,0.000425424,0.05541212340454545,0.4,0.4536276793477097,2.624935643942171,2.9099464613717023,0.0,0.0,0.0,0,PROGRESS,reconstructed_shortest
S4_SAFETY_RICH_NAVEEN12,2026-03-01 00:40:07,-13.0,2026-03-01 00:39:54,1.0,S4_SAFETY_RICH_NAVEEN12_L7,5.0,False,1,0,1,1,0.000425424,0.0448268012590909,0.5,0.3832260658100639,2.6205920620223826,2.903106531060879,0.0,0.0,0.0,0,DEGRADING,reconstructed_shortest
S4_SAFETY_RICH_NAVEEN12,2026-03-01 00:40:07,-12.0,2026-03-01 00:39:55,1.0,S4_SAFETY_RICH_NAVEEN12_L7,5.0,False,1,0,1,1,0.000425424,0.03412545365909091,0.6,0.2881208572886201,2.6142838308612153,2.8976568266118106,0.0,0.0,0.0,0,STALLED,reconstructed_shortest
S4_SAFETY_RICH_NAVEEN12,2026-03-01 00:40:07,-11.0,2026-03-01 00:39:56,1.0,S4_SAFETY_RICH_NAVEEN12_L7,5.0,False,1,0,1,1,0.000425424,0.020667871225757577,0.7,0.2068513802658465,2.608065240941786,2.9175113841893463,0.0,0.0,0.0,0,STALLED,reconstructed_shortest
S4_SAFETY_RICH_NAVEEN12,2026-03-01 00:40:07,-10.0,2026-03-01 00:39:57,1.0,S4_SAFETY_RICH_NAVEEN12_L7,5.0,False,1,0,1,1,0.0,0.012127484725757575,0.8,0.15596263484067666,2.592885547287038,2.944504157130065,0.0,0.0,0.0,0,STALLED,reconstructed_shortest
S4_SAFETY_RICH_NAVEEN12,2026-03-01 00:40:07,-9.0,2026-03-01 00:39:58,1.0,S4_SAFETY_RICH_NAVEEN12_L7,5.0,False,1,0,1,1,0.0,0.004864336907575758,0.9,0.0971690982884479,2.5928855472870374,2.944504157130065,0.0,0.0,0.0,0,STALLED,reconstructed_shortest
S4_SAFETY_RICH_NAVEEN12,2026-03-01 00:40:07,-8.0,2026-03-01 00:39:59,1.0,S4_SAFETY_RICH_NAVEEN12_L7,5.0,False,1,0,1,1,0.0,0.0005636868166666667,1.0,0.06881775885728103,2.5928855472870374,2.944504157130065,0.0,0.0,0.0,0,STALLED,reconstructed_shortest
S4_SAFETY_RICH_NAVEEN12,2026-03-01 00:40:07,-7.0,2026-03-01 00:40:00,1.0,S4_SAFETY_RICH_NAVEEN12_L7,5.0,False,1,0,1,1,0.0,0.0002552544,1.0,0.056669014233725765,2.5928855472870374,2.944504157130065,0.0,0.0,0.0,0,STALLED,reconstructed_shortest
S4_SAFETY_RICH_NAVEEN12,2026-03-01 00:40:07,-6.0,2026-03-01 00:40:01,1.0,S4_SAFETY_RICH_NAVEEN12_L7,5.0,False,1,0,1,1,0.0,0.00021271199999999997,1.0,0.04584787673121113,2.5928855472870374,2.944504157130065,0.0,0.0,0.0,0,STALLED,reconstructed_shortest
S4_SAFETY_RICH_NAVEEN12,2026-03-01 00:40:07,-5.0,2026-03-01 00:40:02,1.0,S4_SAFETY_RICH_NAVEEN12_L7,5.0,False,1,0,1,1,0.0,0.0001701696,1.0,0.040600624389613246,2.593628775274133,2.9446886072597387,0.0,0.0,0.0,0,STALLED,reconstructed_shortest
S4_SAFETY_RICH_NAVEEN12,2026-03-01 00:40:07,-4.0,2026-03-01 00:40:03,1.0,S4_SAFETY_RICH_NAVEEN12_L7,5.0,False,1,0,1,1,0.0,0.0001276272,1.0,0.04355351541175777,2.5973466050818095,2.945708086219385,0.0,0.0,0.0,0,STALLED,reconstructed_shortest
S4_SAFETY_RICH_NAVEEN12,2026-03-01 00:40:07,-3.0,2026-03-01 00:40:04,1.0,S4_SAFETY_RICH_NAVEEN12_L7,5.0,False,1,0,1,1,0.0,8.50848e-05,1.0,0.04809965629273606,2.5973466050818095,2.945708086219385,0.0,0.0,0.0,0,STALLED,reconstructed_shortest
S4_SAFETY_RICH_NAVEEN12,2026-03-01 00:40:07,-2.0,2026-03-01 00:40:05,1.0,S4_SAFETY_RICH_NAVEEN12_L7,5.0,False,1,0,1,1,0.0,4.25424e-05,1.0,0.029299920583340796,2.600322890975273,2.946638411749841,0.0,1.0,0.0,0,STALLED,reconstructed_shortest
S4_SAFETY_RICH_NAVEEN12,2026-03-01 00:40:07,-1.0,2026-03-01 00:40:06,1.0,S4_SAFETY_RICH_NAVEEN12_L7,5.0,False,1,0,1,1,0.0,0.0,1.0,0.01387214939818711,2.604113480247046,2.947966176971108,0.0,1.0,0.0,0,STALLED,reconstructed_shortest
S4_SAFETY_RICH_NAVEEN12,2026-03-01 00:40:07,0.0,2026-03-01 00:40:07,1.0,S4_SAFETY_RICH_NAVEEN12_L7,5.0,False,1,0,1,1,0.0,0.0,1.0,0.016546298679765273,2.606280828715509,2.948795415732029,0.0,1.0,1.0,1,STALLED,reconstructed_shortest
S4_SAFETY_RICH_NAVEEN12,2026-03-01 00:40:07,1.0,2026-03-01 00:40:08,1.0,S4_SAFETY_RICH_NAVEEN12_L7,5.0,False,1,0,1,1,0.0,0.0,1.0,0.016546298679765273,2.606280828715509,2.948795415732029,0.0,1.0,1.0,0,STALLED,reconstructed_shortest
S4_SAFETY_RICH_NAVEEN12,2026-03-01 00:40:07,2.0,2026-03-01 00:40:09,1.0,S4_SAFETY_RICH_NAVEEN12_L7,5.0,False,1,0,1,1,0.0,0.0,1.0,0.017214836000159855,2.6068228129031232,2.9490105870041257,0.0,1.0,1.0,0,STALLED,reconstructed_shortest
S4_SAFETY_RICH_NAVEEN12,2026-03-01 00:40:07,3.0,2026-03-01 00:40:10,1.0,S4_SAFETY_RICH_NAVEEN12_L7,5.0,False,1,0,1,1,0.0,0.0,1.0,0.016556159560384125,2.608296030737959,2.944691279001809,0.0,1.0,1.0,0,STALLED,reconstructed_shortest
S4_SAFETY_RICH_NAVEEN12,2026-03-01 00:40:07,4.0,2026-03-01 00:40:11,1.0,S4_SAFETY_RICH_NAVEEN12_L7,5.0,False,1,0,1,1,0.0,0.0,1.0,0.021325627560548815,2.6123038408455996,2.9283608289473584,0.0,1.0,1.0,0,STALLED,reconstructed_shortest
S4_SAFETY_RICH_NAVEEN12,2026-03-01 00:40:07,5.0,2026-03-01 00:40:12,1.0,S4_SAFETY_RICH_NAVEEN12_L7,5.0,False,1,0,1,1,0.0,0.0,1.0,0.028190144821659175,2.620835550368757,2.9235915134813886,0.0,1.0,1.0,0,STALLED,reconstructed_shortest
S4_SAFETY_RICH_NAVEEN12,2026-03-01 00:40:07,6.0,2026-03-01 00:40:13,1.0,S4_SAFETY_RICH_NAVEEN12_L7,5.0,False,1,0,1,1,0.00023204945454545454,2.3204945454545454e-05,1.0,0.03680607576348551,2.6154694001721612,2.9092904311974057,0.0,0.0,1.0,0,PROGRESS,reconstructed_shortest
S4_SAFETY_RICH_NAVEEN12,2026-03-01 00:40:07,7.0,2026-03-01 00:40:14,1.0,S4_SAFETY_RICH_NAVEEN12_L7,5.0,False,1,0,1,1,0.0,2.3204945454545454e-05,1.0,0.02783803832293888,2.6170895619900914,2.9202296178293308,0.0,1.0,1.0,0,STALLED,reconstructed_shortest
S4_SAFETY_RICH_NAVEEN12,2026-03-01 00:40:07,8.0,2026-03-01 00:40:15,1.0,S4_SAFETY_RICH_NAVEEN12_L7,5.0,False,1,0,1,1,0.0,2.3204945454545454e-05,1.0,0.028450722670276388,2.617685612820438,2.9200525906067676,0.0,1.0,1.0,0,STALLED,reconstructed_shortest
S4_SAFETY_RICH_NAVEEN12,2026-03-01 00:40:07,9.0,2026-03-01 00:40:16,1.0,S4_SAFETY_RICH_NAVEEN12_L7,5.0,False,1,0,1,1,0.00011602472727272727,3.480741818181818e-05,1.0,0.03388751563202512,2.617614308056042,2.9149354513267163,0.0,0.0,1.0,0,STALLED,reconstructed_shortest
S4_SAFETY_RICH_NAVEEN12,2026-03-01 00:40:07,10.0,2026-03-01 00:40:17,1.0,S4_SAFETY_RICH_NAVEEN12_L7,5.0,False,1,0,1,1,0.000106356,4.544301818181818e-05,1.0,0.01774327899868017,2.610325272517896,2.93110794854758,0.0,1.0,1.0,0,STALLED,reconstructed_shortest
S4_SAFETY_RICH_NAVEEN12,2026-03-01 00:43:03,-15.0,2026-03-01 00:42:48,1.0,S4_SAFETY_RICH_NAVEEN12_L9,5.0,False,1,0,1,1,0.29857675833333336,0.19221140245454546,0.1,1.5952311383013305,0.7479363183752356,0.7529137005264388,0.747190676058614,0.0,0.0,0,PROGRESS,reconstructed_shortest
S4_SAFETY_RICH_NAVEEN12,2026-03-01 00:43:03,-14.0,2026-03-01 00:42:49,1.0,S4_SAFETY_RICH_NAVEEN12_L9,5.0,False,1,0,1,1,0.29854125000000004,0.22206552745454547,0.0,1.6385390198672662,0.44382011738914284,0.44382011738914284,0.8509764615117457,0.0,0.0,0,PROGRESS,reconstructed_shortest
S4_SAFETY_RICH_NAVEEN12,2026-03-01 00:43:03,-13.0,2026-03-01 00:42:50,1.0,S4_SAFETY_RICH_NAVEEN12_L9,5.0,False,1,0,1,1,0.15794828727272728,0.23103810254545457,0.0,1.6025347837318982,0.19224844136923686,0.19224844136923683,0.9354478495246411,0.0,0.0,0,PROGRESS,reconstructed_shortest
S4_SAFETY_RICH_NAVEEN12,2026-03-01 00:43:03,-12.0,2026-03-01 00:42:51,1.0,S4_SAFETY_RICH_NAVEEN12_L9,5.0,False,1,0,1,1,0.09939450818181818,0.21437791586363636,0.0,1.5211153703051543,0.08005367920845319,0.08005367920845319,0.9731200049812363,0.0,0.0,0,PROGRESS,reconstructed_shortest
S4_SAFETY_RICH_NAVEEN12,2026-03-01 00:43:03,-11.0,2026-03-01 00:42:52,1.0,S4_SAFETY_RICH_NAVEEN12_L9,5.0,False,1,0,1,1,0.0414788375,0.1891676796136364,0.0,1.483965218993548,0.008558537649298018,0.008558537649298018,0.9971262601337536,0.0,0.0,0,PROGRESS,reconstructed_shortest
S4_SAFETY_RICH_NAVEEN12,2026-03-01 00:43:03,-10.0,2026-03-01 00:42:53,1.0,S4_SAFETY_RICH_NAVEEN12_L9,5.0,False,1,0,1,1,0.0,0.16571263294696972,0.1,1.4350807205538465,0.005224620177582241,0.005224620177582241,0.9982457050601927,0.0,0.0,0,PROGRESS,reconstructed_shortest
S4_SAFETY_RICH_NAVEEN12,2026-03-01 00:43:03,-9.0,2026-03-01 00:42:54,1.0,S4_SAFETY_RICH_NAVEEN12_L9,5.0,False,1,0,1,1,0.0,0.1481461654469697,0.2,1.3688868947372366,0.0034046557828948712,0.0034046557828948712,0.998856802942854,0.0,0.0,0,PROGRESS,reconstructed_shortest
S4_SAFETY_RICH_NAVEEN12,2026-03-01 00:43:03,-8.0,2026-03-01 00:42:55,1.0,S4_SAFETY_RICH_NAVEEN12_L9,5.0,False,1,0,1,1,0.0,0.13672546362878787,0.3,1.2423469893375483,0.003381043625864591,0.003381043625864591,0.9988647313062925,0.0,0.0,0,PROGRESS,reconstructed_shortest
S4_SAFETY_RICH_NAVEEN12,2026-03-01 00:43:03,-7.0,2026-03-01 00:42:56,1.0,S4_SAFETY_RICH_NAVEEN12_L9,5.0,False,1,0,1,1,0.0,0.11892501412878789,0.4,1.0052195393995877,0.003381043625864591,0.003381043625864591,0.9988647313062925,0.0,0.0,0,PROGRESS,reconstructed_shortest
S4_SAFETY_RICH_NAVEEN12,2026-03-01 00:43:03,-6.0,2026-03-01 00:42:57,1.0,S4_SAFETY_RICH_NAVEEN12_L9,5.0,False,1,0,1,1,0.0,0.08959396412878788,0.5,0.7512939064241337,0.003458779553541914,0.0034587795535419145,0.998838629553451,0.0,0.0,0,PROGRESS,reconstructed_shortest
S4_SAFETY_RICH_NAVEEN12,2026-03-01 00:43:03,-5.0,2026-03-01 00:42:58,1.0,S4_SAFETY_RICH_NAVEEN12_L9,5.0,False,1,0,1,1,0.0,0.059736288295454555,0.6,0.44712957164709255,0.004316046338954238,0.004316046338954238,0.9985507811103879,0.0,0.0,0,STALLED,reconstructed_shortest
S4_SAFETY_RICH_NAVEEN12,2026-03-01 00:43:03,-4.0,2026-03-01 00:42:59,1.0,S4_SAFETY_RICH_NAVEEN12_L9,5.0,False,1,0,1,1,0.0,0.029882163295454546,0.7,0.1955389516466801,0.004316046338954238,0.004316046338954238,0.9985507811103879,0.0,0.0,0,STALLED,reconstructed_shortest
S4_SAFETY_RICH_NAVEEN12,2026-03-01 00:43:03,-3.0,2026-03-01 00:43:00,1.0,S4_SAFETY_RICH_NAVEEN12_L9,5.0,False,1,0,1,1,0.0,0.014087334568181818,0.8,0.08325729419691548,0.004316046338954238,0.004316046338954238,0.9985507811103879,0.0,0.0,0,STALLED,reconstructed_shortest
S4_SAFETY_RICH_NAVEEN12,2026-03-01 00:43:03,-2.0,2026-03-01 00:43:01,1.0,S4_SAFETY_RICH_NAVEEN12_L9,5.0,False,1,0,1,1,0.0,0.004147883749999999,0.9,0.010900427393507117,0.004316046338954238,0.004316046338954238,0.9985507811103879,1.0,0.0,0,STALLED,reconstructed_shortest
S4_SAFETY_RICH_NAVEEN12,2026-03-01 00:43:03,-1.0,2026-03-01 00:43:02,1.0,S4_SAFETY_RICH_NAVEEN12_L9,5.0,False,1,0,1,1,0.0,0.0,1.0,0.0012999999999998568,0.004316046338954238,0.004316046338954238,0.9985507811103879,1.0,0.0,0,STALLED,reconstructed_shortest
S4_SAFETY_RICH_NAVEEN12,2026-03-01 00:43:03,0.0,2026-03-01 00:43:03,1.0,S4_SAFETY_RICH_NAVEEN12_L9,5.0,False,1,0,1,1,0.0,0.0,1.0,0.002275000000000249,0.004316046338954238,0.004316046338954238,0.9985507811103879,1.0,1.0,1,STALLED,reconstructed_shortest
S4_SAFETY_RICH_NAVEEN12,2026-03-01 00:43:03,1.0,2026-03-01 00:43:04,1.0,S4_SAFETY_RICH_NAVEEN12_L10,30.0,False,1,0,1,1,0.0,,,,2.6497170241850356,2.8331751853591234,0.0,,,0,PROGRESS,reconstructed_shortest
S4_SAFETY_RICH_NAVEEN12,2026-03-01 00:43:03,2.0,2026-03-01 00:43:05,1.0,S4_SAFETY_RICH_NAVEEN12_L10,30.0,False,1,0,1,1,0.00031906599999999996,,,,2.6507758241246204,2.8330477860048764,4.496698788880593e-05,,,0,PROGRESS,reconstructed_shortest
S4_SAFETY_RICH_NAVEEN12,2026-03-01 00:43:03,3.0,2026-03-01 00:43:06,1.0,S4_SAFETY_RICH_NAVEEN12_L10,30.0,False,1,0,1,1,0.000425424,,,,2.652805427391669,2.8391920443244762,0.0,,,0,PROGRESS,reconstructed_shortest
S4_SAFETY_RICH_NAVEEN12,2026-03-01 00:43:03,4.0,2026-03-01 00:43:07,1.0,S4_SAFETY_RICH_NAVEEN12_L10,30.0,False,1,0,1,1,0.000425424,0.0002924785,1.0,,2.6511516587251025,2.839990312157128,0.0,,,0,PROGRESS,reconstructed_shortest
S4_SAFETY_RICH_NAVEEN12,2026-03-01 00:43:03,5.0,2026-03-01 00:43:08,1.0,S4_SAFETY_RICH_NAVEEN12_L10,30.0,False,1,0,1,1,0.000425424,0.0003190676,1.0,,2.649497789282039,2.8421199134201034,0.0,,,0,PROGRESS,reconstructed_shortest
S4_SAFETY_RICH_NAVEEN12,2026-03-01 00:43:03,6.0,2026-03-01 00:43:09,1.0,S4_SAFETY_RICH_NAVEEN12_L10,30.0,False,1,0,1,1,0.000425424,0.00033679366666666664,1.0,,2.6297336372222975,2.8264038682669375,0.002390010023798683,,,0,STALLED,reconstructed_shortest
S4_SAFETY_RICH_NAVEEN12,2026-03-01 00:43:03,7.0,2026-03-01 00:43:10,1.0,S4_SAFETY_RICH_NAVEEN12_L10,30.0,False,1,0,1,1,0.000425424,0.00034945514285714287,1.0,0.03886307196471638,2.614173900509656,2.822327498615306,0.00382880903372107,,,0,STALLED,reconstructed_shortest
S4_SAFETY_RICH_NAVEEN12,2026-03-01 00:43:03,8.0,2026-03-01 00:43:11,1.0,S4_SAFETY_RICH_NAVEEN12_L10,30.0,False,1,0,1,1,0.000425424,0.00035895124999999996,1.0,0.08976859477185814,2.563007956702303,2.7503024184232796,0.02925084455211302,,,0,PROGRESS,reconstructed_shortest
S4_SAFETY_RICH_NAVEEN12,2026-03-01 00:43:03,9.0,2026-03-01 00:43:12,1.0,S4_SAFETY_RICH_NAVEEN12_L10,30.0,False,1,0,1,1,7.734981818181818e-05,0.000327662202020202,1.0,0.11993846670578805,2.533062584380366,2.7200070029022783,0.03994394100359888,,,0,PROGRESS,reconstructed_shortest
S4_SAFETY_RICH_NAVEEN12,2026-03-01 00:43:03,10.0,2026-03-01 00:43:13,1.0,S4_SAFETY_RICH_NAVEEN12_L10,30.0,False,1,0,1,1,0.0,0.0002948959818181818,1.0,0.12733711342436652,2.5260178306249643,2.7138944544716335,0.042101431462442496,0.0,0.0,0,PROGRESS,reconstructed_shortest
S4_SAFETY_RICH_NAVEEN12,2026-03-01 00:44:43,-15.0,2026-03-01 00:44:28,1.0,S4_SAFETY_RICH_NAVEEN12_L11,32.0,False,1,0,1,1,0.0,0.0,1.0,0.07874836090357677,7.2551963036712515,7.268020675532672,0.0,0.0,0.0,0,STALLED,reconstructed_shortest
S4_SAFETY_RICH_NAVEEN12,2026-03-01 00:44:43,-14.0,2026-03-01 00:44:29,1.0,S4_SAFETY_RICH_NAVEEN12_L11,32.0,False,1,0,1,1,0.0,0.0,1.0,0.07874836090357677,7.2551963036712515,7.268020675532672,0.0,0.0,0.0,0,STALLED,reconstructed_shortest
S4_SAFETY_RICH_NAVEEN12,2026-03-01 00:44:43,-13.0,2026-03-01 00:44:30,1.0,S4_SAFETY_RICH_NAVEEN12_L11,32.0,False,1,0,1,1,0.0,0.0,1.0,0.07874836090357677,7.2551963036712515,7.268020675532672,0.0,0.0,0.0,0,STALLED,reconstructed_shortest
S4_SAFETY_RICH_NAVEEN12,2026-03-01 00:44:43,-12.0,2026-03-01 00:44:31,1.0,S4_SAFETY_RICH_NAVEEN12_L11,32.0,False,1,0,1,1,0.0,0.0,1.0,0.14804901201026724,7.337908601303869,7.3736606639065885,0.0,0.0,0.0,0,STALLED,reconstructed_shortest
S4_SAFETY_RICH_NAVEEN12,2026-03-01 00:44:43,-11.0,2026-03-01 00:44:32,1.0,S4_SAFETY_RICH_NAVEEN12_L11,32.0,False,1,0,1,1,0.0,0.0,1.0,0.18001790236492546,7.393892556416706,7.442906177209454,0.0,0.0,0.0,0,STALLED,reconstructed_shortest
S4_SAFETY_RICH_NAVEEN12,2026-03-01 00:44:43,-10.0,2026-03-01 00:44:33,1.0,S4_SAFETY_RICH_NAVEEN12_L11,32.0,False,1,0,1,1,0.0,0.0,1.0,0.1758283890531934,7.394953401283946,7.442796452951534,0.0,0.0,0.0,0,STALLED,reconstructed_shortest
S4_SAFETY_RICH_NAVEEN12,2026-03-01 00:44:43,-9.0,2026-03-01 00:44:34,1.0,S4_SAFETY_RICH_NAVEEN12_L11,32.0,False,1,0,1,1,0.0,0.0,1.0,0.17850323550618993,7.3964882472692866,7.44375522191194,0.0,0.0,0.0,0,STALLED,reconstructed_shortest
S4_SAFETY_RICH_NAVEEN12,2026-03-01 00:44:43,-8.0,2026-03-01 00:44:35,1.0,S4_SAFETY_RICH_NAVEEN12_L11,32.0,False,1,0,1,1,0.0,0.0,1.0,0.16731855817911612,7.393949486393317,7.441624699089281,0.0,0.0,0.0,0,STALLED,reconstructed_shortest
S4_SAFETY_RICH_NAVEEN12,2026-03-01 00:44:43,-7.0,2026-03-01 00:44:36,1.0,S4_SAFETY_RICH_NAVEEN12_L11,32.0,False,1,0,1,1,0.0,0.0,1.0,0.17300204696780358,7.394008514651362,7.44167416940943,0.0,0.0,0.0,0,STALLED,reconstructed_shortest
S4_SAFETY_RICH_NAVEEN12,2026-03-01 00:44:43,-6.0,2026-03-01 00:44:37,1.0,S4_SAFETY_RICH_NAVEEN12_L11,32.0,False,1,0,1,1,0.0,0.0,1.0,0.1771437656057928,7.394598797286841,7.442169046491474,0.0,0.0,0.0,0,STALLED,reconstructed_shortest
S4_SAFETY_RICH_NAVEEN12,2026-03-01 00:44:43,-5.0,2026-03-01 00:44:38,1.0,S4_SAFETY_RICH_NAVEEN12_L11,32.0,False,1,0,1,1,0.0,0.0,1.0,0.1767380976162967,7.392112187325578,7.441310444134548,0.0,0.0,0.0,0,STALLED,reconstructed_shortest
S4_SAFETY_RICH_NAVEEN12,2026-03-01 00:44:43,-4.0,2026-03-01 00:44:39,1.0,S4_SAFETY_RICH_NAVEEN12_L11,32.0,False,1,0,1,1,0.0,0.0,1.0,0.17738215295928494,7.394041865800514,7.442251153747952,0.0,0.0,0.0,0,STALLED,reconstructed_shortest
S4_SAFETY_RICH_NAVEEN12,2026-03-01 00:44:43,-3.0,2026-03-01 00:44:40,1.0,S4_SAFETY_RICH_NAVEEN12_L11,32.0,False,1,0,1,1,0.0,0.0,1.0,0.07033320331074375,7.396978682014998,7.443904439063429,0.0,0.0,0.0,0,STALLED,reconstructed_shortest
S4_SAFETY_RICH_NAVEEN12,2026-03-01 00:44:43,-2.0,2026-03-01 00:44:41,1.0,S4_SAFETY_RICH_NAVEEN12_L11,32.0,False,1,0,1,1,0.0,0.0,1.0,0.0011431721163489682,7.394984923539282,7.443671605575162,0.0,1.0,0.0,0,STALLED,reconstructed_shortest
S4_SAFETY_RICH_NAVEEN12,2026-03-01 00:44:43,-1.0,2026-03-01 00:44:42,1.0,S4_SAFETY_RICH_NAVEEN12_L11,32.0,False,1,0,1,1,0.0,0.0,1.0,0.0024356828839384,7.393253574065849,7.442226096806249,0.0,1.0,0.0,0,STALLED,reconstructed_shortest
S4_SAFETY_RICH_NAVEEN12,2026-03-01 00:44:43,0.0,2026-03-01 00:44:43,1.0,S4_SAFETY_RICH_NAVEEN12_L11,32.0,False,1,0,1,1,0.0,0.0,1.0,0.0036272535793534155,7.393804829395659,7.442686041665796,0.0,1.0,1.0,1,STALLED,reconstructed_shortest
S4_SAFETY_RICH_NAVEEN12,2026-03-01 00:44:43,1.0,2026-03-01 00:44:44,1.0,S4_SAFETY_RICH_NAVEEN12_L11,32.0,False,1,0,1,1,0.0,0.0,1.0,0.002986018848315621,7.392171155680959,7.441323792102246,0.0,1.0,1.0,0,STALLED,reconstructed_shortest
S4_SAFETY_RICH_NAVEEN12,2026-03-01 00:44:43,2.0,2026-03-01 00:44:45,1.0,S4_SAFETY_RICH_NAVEEN12_L11,32.0,False,1,0,1,1,0.0,0.0,1.0,0.0027687975375087176,7.395634179816782,7.444214380668551,0.0,1.0,1.0,0,STALLED,reconstructed_shortest
S4_SAFETY_RICH_NAVEEN12,2026-03-01 00:44:43,3.0,2026-03-01 00:44:46,1.0,S4_SAFETY_RICH_NAVEEN12_L11,32.0,False,1,0,1,1,0.0,0.0,1.0,0.0023433941196472846,7.394336076035767,7.443129557585949,0.0,1.0,1.0,0,STALLED,reconstructed_shortest
S4_SAFETY_RICH_NAVEEN12,2026-03-01 00:44:43,4.0,2026-03-01 00:44:47,1.0,S4_SAFETY_RICH_NAVEEN12_L11,32.0,False,1,0,1,1,0.0,0.0,1.0,0.020022473066324042,7.388110096533383,7.428090899814807,0.0,1.0,1.0,0,STALLED,reconstructed_shortest
S4_SAFETY_RICH_NAVEEN12,2026-03-01 00:44:43,5.0,2026-03-01 00:44:48,1.0,S4_SAFETY_RICH_NAVEEN12_L11,32.0,False,1,0,1,1,0.0,0.0,1.0,0.0018548304437893547,7.395629507785308,7.4431316156859815,0.0,1.0,1.0,0,STALLED,reconstructed_shortest
S4_SAFETY_RICH_NAVEEN12,2026-03-01 00:44:43,6.0,2026-03-01 00:44:49,1.0,S4_SAFETY_RICH_NAVEEN12_L11,32.0,False,1,0,1,1,0.0,0.0,1.0,0.001505518935442675,7.3956882862659965,7.443180949741373,0.0,1.0,1.0,0,STALLED,reconstructed_shortest
S4_SAFETY_RICH_NAVEEN12,2026-03-01 00:44:43,7.0,2026-03-01 00:44:50,1.0,S4_SAFETY_RICH_NAVEEN12_L11,32.0,False,1,0,1,1,-0.0003867485454545454,-3.867485454545454e-05,1.0,0.00582158561016901,7.395715379742544,7.441387591912464,0.0,1.0,1.0,0,STALLED,reconstructed_shortest
S4_SAFETY_RICH_NAVEEN12,2026-03-01 00:44:43,8.0,2026-03-01 00:44:51,1.0,S4_SAFETY_RICH_NAVEEN12_L11,32.0,False,1,0,1,1,-0.0005801225454545454,-9.668710909090908e-05,1.0,0.006546884125940549,7.39407204164032,7.439643395125652,0.0,1.0,1.0,0,STALLED,reconstructed_shortest
S4_SAFETY_RICH_NAVEEN12,2026-03-01 00:44:43,9.0,2026-03-01 00:44:52,1.0,S4_SAFETY_RICH_NAVEEN12_L11,32.0,False,1,0,1,1,-0.000425424,-0.00013922950909090907,1.0,0.02656295290056398,7.419144549377352,7.460904793700521,0.0,1.0,1.0,0,STALLED,reconstructed_shortest
S4_SAFETY_RICH_NAVEEN12,2026-03-01 00:44:43,10.0,2026-03-01 00:44:53,1.0,S4_SAFETY_RICH_NAVEEN12_L11,32.0,False,1,0,1,1,-0.00042542399999999993,-0.00018177190909090908,1.0,0.01811690927869678,7.409637413220317,7.454060736163215,0.0,1.0,1.0,0,STALLED,reconstructed_shortest
S4_SAFETY_RICH_NAVEEN12,2026-03-01 00:47:46,-15.0,2026-03-01 00:47:31,1.0,S4_SAFETY_RICH_NAVEEN12_L12,35.0,False,1,0,1,1,0.2184745818181818,0.1883481885930736,0.14285714285714285,1.0826505021852635,0.4191336338272109,0.41913363382721097,0.7047431678804468,,,0,PROGRESS,reconstructed_shortest
S4_SAFETY_RICH_NAVEEN12,2026-03-01 00:47:46,-14.0,2026-03-01 00:47:32,1.0,S4_SAFETY_RICH_NAVEEN12_L12,35.0,False,1,0,1,1,0.14772848166666666,0.18327072522727272,0.125,1.2443138129280022,0.21276355656921297,0.21276355656921297,0.85011965484733,,,0,PROGRESS,reconstructed_shortest
S4_SAFETY_RICH_NAVEEN12,2026-03-01 00:47:46,-13.0,2026-03-01 00:47:33,1.0,S4_SAFETY_RICH_NAVEEN12_L12,35.0,False,1,0,1,1,0.07955428499999999,0.1717466763131313,0.1111111111111111,1.3251479359621234,0.10471218112414665,0.10471218112414665,0.9262359677491546,,,0,PROGRESS,reconstructed_shortest
S4_SAFETY_RICH_NAVEEN12,2026-03-01 00:47:46,-12.0,2026-03-01 00:47:34,1.0,S4_SAFETY_RICH_NAVEEN12_L12,35.0,False,1,0,1,1,0.08036967833333335,0.16260897651515152,0.1,1.375978020996599,0.025648660052711377,0.025648660052711377,0.9819319150168777,0.0,0.0,0,PROGRESS,reconstructed_shortest
S4_SAFETY_RICH_NAVEEN12,2026-03-01 00:47:46,-11.0,2026-03-01 00:47:35,1.0,S4_SAFETY_RICH_NAVEEN12_L12,35.0,False,1,0,1,1,0.013400855000000001,0.16394906201515153,0.1,1.348367740156479,0.01395232200252792,0.01395232200252792,0.9901713485563971,0.0,0.0,0,PROGRESS,reconstructed_shortest
S4_SAFETY_RICH_NAVEEN12,2026-03-01 00:47:46,-10.0,2026-03-01 00:47:36,1.0,S4_SAFETY_RICH_NAVEEN12_L12,35.0,False,1,0,1,1,0.0,0.1484069056818182,0.2,1.1815728450118776,0.015195770688854703,0.015195770688854703,0.9892954066362137,0.0,0.0,0,PROGRESS,reconstructed_shortest
S4_SAFETY_RICH_NAVEEN12,2026-03-01 00:47:46,-9.0,2026-03-01 00:47:37,1.0,S4_SAFETY_RICH_NAVEEN12_L12,35.0,False,1,0,1,1,0.0,0.12284279204545454,0.3,1.00153937519218,0.01529818459553808,0.015298184595538078,0.9892232616132142,0.0,0.0,0,PROGRESS,reconstructed_shortest
S4_SAFETY_RICH_NAVEEN12,2026-03-01 00:47:46,-8.0,2026-03-01 00:47:38,1.0,S4_SAFETY_RICH_NAVEEN12_L12,35.0,False,1,0,1,1,0.0,0.09829969568181818,0.4,0.8065617482745653,0.015211599993061566,0.015211599993061566,0.9892842557529689,0.0,0.0,0,PROGRESS,reconstructed_shortest
S4_SAFETY_RICH_NAVEEN12,2026-03-01 00:47:46,-7.0,2026-03-01 00:47:39,1.0,S4_SAFETY_RICH_NAVEEN12_L12,35.0,False,1,0,1,1,0.0,0.07559268818181818,0.5,0.6171810973824302,0.015211599993061566,0.015211599993061566,0.9892842557529689,0.0,0.0,0,PROGRESS,reconstructed_shortest
S4_SAFETY_RICH_NAVEEN12,2026-03-01 00:47:46,-6.0,2026-03-01 00:47:40,1.0,S4_SAFETY_RICH_NAVEEN12_L12,35.0,False,1,0,1,1,0.0,0.05395278818181818,0.6,0.4321847779057851,0.015392450566692889,0.015392450566692887,0.9891568563673128,0.0,0.0,0,STALLED,reconstructed_shortest
S4_SAFETY_RICH_NAVEEN12,2026-03-01 00:47:46,-5.0,2026-03-01 00:47:41,1.0,S4_SAFETY_RICH_NAVEEN12_L12,35.0,False,1,0,1,1,0.0,0.03210533,0.7,0.22691786048749024,0.014961869279903185,0.014961869279903185,0.9894601774478632,0.0,0.0,0,STALLED,reconstructed_shortest
S4_SAFETY_RICH_NAVEEN12,2026-03-01 00:47:46,-4.0,2026-03-01 00:47:42,1.0,S4_SAFETY_RICH_NAVEEN12_L12,35.0,False,1,0,1,1,0.0,0.017332481833333333,0.8,0.11919110406506721,0.014961869279903185,0.014961869279903185,0.9894601774478632,0.0,0.0,0,STALLED,reconstructed_shortest
S4_SAFETY_RICH_NAVEEN12,2026-03-01 00:47:46,-3.0,2026-03-01 00:47:43,1.0,S4_SAFETY_RICH_NAVEEN12_L12,35.0,False,1,0,1,1,0.0,0.009377053333333335,0.9,0.03956301309718245,0.014961869279903185,0.014961869279903185,0.9894601774478632,0.0,0.0,0,STALLED,reconstructed_shortest
S4_SAFETY_RICH_NAVEEN12,2026-03-01 00:47:46,-2.0,2026-03-01 00:47:44,1.0,S4_SAFETY_RICH_NAVEEN12_L12,35.0,False,1,0,1,1,0.0,0.0013400855000000001,1.0,0.0014787466018409633,0.014961869279903185,0.014961869279903185,0.9894601774478632,1.0,0.0,0,STALLED,reconstructed_shortest
S4_SAFETY_RICH_NAVEEN12,2026-03-01 00:47:46,-1.0,2026-03-01 00:47:45,1.0,S4_SAFETY_RICH_NAVEEN12_L12,35.0,False,1,0,1,1,0.0,0.0,1.0,0.0002365454545456558,0.014961869279903185,0.014961869279903185,0.9894601774478632,1.0,0.0,0,STALLED,reconstructed_shortest
S4_SAFETY_RICH_NAVEEN12,2026-03-01 00:47:46,0.0,2026-03-01 00:47:46,1.0,S4_SAFETY_RICH_NAVEEN12_L12,35.0,False,1,0,1,1,0.0,0.0,1.0,0.0016545454545454572,0.014961869279903185,0.014961869279903185,0.9894601774478632,1.0,1.0,1,STALLED,reconstructed_shortest
S4_SAFETY_RICH_NAVEEN12,2026-03-01 00:47:46,1.0,2026-03-01 00:47:47,1.0,S4_SAFETY_RICH_NAVEEN12_L12,35.0,False,1,0,1,1,0.0,0.0,1.0,0.001299999999999999,0.014961869279903185,0.014961869279903185,0.9894601774478632,1.0,1.0,0,STALLED,reconstructed_shortest
S4_SAFETY_RICH_NAVEEN12,2026-03-01 00:47:46,2.0,2026-03-01 00:47:48,1.0,S4_SAFETY_RICH_NAVEEN12_L12,35.0,False,1,0,1,1,0.0,0.0,1.0,0.0013000000000000025,0.014961869279903185,0.014961869279903185,0.9894601774478632,1.0,1.0,0,STALLED,reconstructed_shortest
S4_SAFETY_RICH_NAVEEN12,2026-03-01 00:47:46,3.0,2026-03-01 00:47:49,1.0,S4_SAFETY_RICH_NAVEEN12_L13,30.0,False,1,0,1,1,0.0,,,,2.0540609196740856,2.1752673010438284,0.0,,,0,PROGRESS,reconstructed_shortest
S4_SAFETY_RICH_NAVEEN12,2026-03-01 00:47:46,4.0,2026-03-01 00:47:50,1.0,S4_SAFETY_RICH_NAVEEN12_L13,30.0,False,1,0,1,1,0.19973660000000001,,,,2.0825181432216167,2.2421078806710977,0.0,,,0,PROGRESS,reconstructed_shortest
S4_SAFETY_RICH_NAVEEN12,2026-03-01 00:47:46,5.0,2026-03-01 00:47:51,1.0,S4_SAFETY_RICH_NAVEEN12_L13,30.0,False,1,0,1,1,0.29508954545454547,,,,2.2320484065951396,2.5358870343093805,0.0,,,0,PROGRESS,reconstructed_shortest
S4_SAFETY_RICH_NAVEEN12,2026-03-01 00:47:46,6.0,2026-03-01 00:47:52,1.0,S4_SAFETY_RICH_NAVEEN12_L13,30.0,False,1,0,1,1,0.29872499999999996,0.19838778636363635,0.25,,2.390752469059898,2.7955747564098368,0.0,,,0,PROGRESS,reconstructed_shortest
S4_SAFETY_RICH_NAVEEN12,2026-03-01 00:47:46,7.0,2026-03-01 00:47:53,1.0,S4_SAFETY_RICH_NAVEEN12_L13,30.0,False,1,0,1,1,0.29854125000000004,0.2184184790909091,0.2,,2.5918057704778934,3.091972840902007,0.0,,,0,PROGRESS,reconstructed_shortest
S4_SAFETY_RICH_NAVEEN12,2026-03-01 00:47:46,8.0,2026-03-01 00:47:54,1.0,S4_SAFETY_RICH_NAVEEN12_L13,30.0,False,1,0,1,1,0.2981448727272727,0.23170621136363637,0.16666666666666666,,2.7869773717179624,3.4161690128760624,0.0,,,0,PROGRESS,reconstructed_shortest
S4_SAFETY_RICH_NAVEEN12,2026-03-01 00:47:46,9.0,2026-03-01 00:47:55,1.0,S4_SAFETY_RICH_NAVEEN12_L13,30.0,False,1,0,1,1,0.19673929454545452,0.22671093753246754,0.14285714285714285,1.4576522084657948,2.9960018993183164,3.7047248790389466,0.0,,,0,PROGRESS,reconstructed_shortest
S4_SAFETY_RICH_NAVEEN12,2026-03-01 00:47:46,10.0,2026-03-01 00:47:56,1.0,S4_SAFETY_RICH_NAVEEN12_L13,30.0,False,1,0,1,1,0.09947830499999999,0.21080685846590907,0.125,1.5872061043932713,3.100037626272408,3.8439541268775583,0.0,,,0,PROGRESS,reconstructed_shortest
S4_SAFETY_RICH_NAVEEN12,2026-03-01 00:51:47,-15.0,2026-03-01 00:51:32,1.0,S4_SAFETY_RICH_NAVEEN12_L14,26.0,False,1,0,1,1,0.29932125,0.29895163165151517,0.0,2.576860077088103,0.5991485903000248,0.5991485903000248,0.6140392943191673,0.0,0.0,0,PROGRESS,reconstructed_shortest
S4_SAFETY_RICH_NAVEEN12,2026-03-01 00:51:47,-14.0,2026-03-01 00:51:33,1.0,S4_SAFETY_RICH_NAVEEN12_L14,26.0,False,1,0,1,1,0.29843495,0.2989261076515151,0.0,2.5744387530216586,0.2916980848587288,0.2916980848587288,0.8120933596431468,0.0,0.0,0,PROGRESS,reconstructed_shortest
S4_SAFETY_RICH_NAVEEN12,2026-03-01 00:51:47,-13.0,2026-03-01 00:51:34,1.0,S4_SAFETY_RICH_NAVEEN12_L14,26.0,False,1,0,1,1,0.11901233750000001,0.28093937231060606,0.0,2.455397829354427,0.12934776268160217,0.12934776268160217,0.9166765063440624,0.0,0.0,0,PROGRESS,reconstructed_shortest
S4_SAFETY_RICH_NAVEEN12,2026-03-01 00:51:47,-12.0,2026-03-01 00:51:35,1.0,S4_SAFETY_RICH_NAVEEN12_L14,26.0,False,1,0,1,1,0.09954921,0.2610333960378788,0.0,2.2881813545306895,0.02180710771099658,0.021807107710996584,0.9859522548875905,0.0,0.0,0,PROGRESS,reconstructed_shortest
S4_SAFETY_RICH_NAVEEN12,2026-03-01 00:51:47,-11.0,2026-03-01 00:51:36,1.0,S4_SAFETY_RICH_NAVEEN12_L14,26.0,False,1,0,1,1,0.018099856363636365,0.2329438098560606,0.1,2.0630486597160522,0.025996315383702714,0.02599631538370271,0.983253642930928,0.0,0.0,0,PROGRESS,reconstructed_shortest
S4_SAFETY_RICH_NAVEEN12,2026-03-01 00:51:47,-10.0,2026-03-01 00:51:37,1.0,S4_SAFETY_RICH_NAVEEN12_L14,26.0,False,1,0,1,1,0.0,0.20309322652272727,0.2,1.76329411080522,0.02745806120249587,0.02745806120249587,0.9823120126627755,0.0,0.0,0,PROGRESS,reconstructed_shortest
S4_SAFETY_RICH_NAVEEN12,2026-03-01 00:51:47,-9.0,2026-03-01 00:51:38,1.0,S4_SAFETY_RICH_NAVEEN12_L14,26.0,False,1,0,1,1,0.0,0.1731511110681818,0.3,1.462363289449735,0.02560085594272218,0.025600855942722177,0.9835083907637361,0.0,0.0,0,PROGRESS,reconstructed_shortest
S4_SAFETY_RICH_NAVEEN12,2026-03-01 00:51:47,-8.0,2026-03-01 00:51:39,1.0,S4_SAFETY_RICH_NAVEEN12_L14,26.0,False,1,0,1,1,0.0,0.1432331685681818,0.4,1.1937266449967856,0.026443383981725067,0.026443383981725067,0.982965649410833,0.0,0.0,0,PROGRESS,reconstructed_shortest
S4_SAFETY_RICH_NAVEEN12,2026-03-01 00:51:47,-7.0,2026-03-01 00:51:40,1.0,S4_SAFETY_RICH_NAVEEN12_L14,26.0,False,1,0,1,1,0.0,0.11331812675,0.5,0.9122122170189294,0.026940855488355477,0.026940855488355474,0.9826451872469163,0.0,0.0,0,PROGRESS,reconstructed_shortest
S4_SAFETY_RICH_NAVEEN12,2026-03-01 00:51:47,-6.0,2026-03-01 00:51:41,1.0,S4_SAFETY_RICH_NAVEEN12_L14,26.0,False,1,0,1,1,0.0,0.08344176038636361,0.6,0.6268389304898618,0.028703036860235075,0.028703036860235075,0.9815100218191086,0.0,0.0,0,STALLED,reconstructed_shortest
S4_SAFETY_RICH_NAVEEN12,2026-03-01 00:51:47,-5.0,2026-03-01 00:51:42,1.0,S4_SAFETY_RICH_NAVEEN12_L14,26.0,False,1,0,1,1,0.0,0.05350963538636362,0.7,0.31955330995004255,0.02891100372022938,0.02891100372022938,0.9813760533222431,0.0,0.0,0,STALLED,reconstructed_shortest
S4_SAFETY_RICH_NAVEEN12,2026-03-01 00:51:47,-4.0,2026-03-01 00:51:43,1.0,S4_SAFETY_RICH_NAVEEN12_L14,26.0,False,1,0,1,1,0.0,0.023666140386363627,0.8,0.15593591861294434,0.02751386752185186,0.02751386752185186,0.9822760632392955,0.0,0.0,0,STALLED,reconstructed_shortest
S4_SAFETY_RICH_NAVEEN12,2026-03-01 00:51:47,-3.0,2026-03-01 00:51:44,1.0,S4_SAFETY_RICH_NAVEEN12_L14,26.0,False,1,0,1,1,0.0,0.011764906636363625,0.9,0.04737945850792428,0.027561659116537213,0.027561659116537213,0.9822452767567618,0.0,0.0,0,STALLED,reconstructed_shortest
S4_SAFETY_RICH_NAVEEN12,2026-03-01 00:51:47,-2.0,2026-03-01 00:51:45,1.0,S4_SAFETY_RICH_NAVEEN12_L14,26.0,False,1,0,1,1,0.0,0.0018099856363636255,1.0,0.001967960846297997,0.027103707569260803,0.027103707569260803,0.9825402808763006,1.0,0.0,0,STALLED,reconstructed_shortest
S4_SAFETY_RICH_NAVEEN12,2026-03-01 00:51:47,-1.0,2026-03-01 00:51:46,1.0,S4_SAFETY_RICH_NAVEEN12_L14,26.0,False,1,0,1,1,0.0,0.0,1.0,0.0013010000000002186,0.027103707569260803,0.027103707569260803,0.9825402808763006,1.0,0.0,0,STALLED,reconstructed_shortest
S4_SAFETY_RICH_NAVEEN12,2026-03-01 00:51:47,0.0,2026-03-01 00:51:47,1.0,S4_SAFETY_RICH_NAVEEN12_L14,26.0,False,1,0,1,1,0.0,0.0,1.0,0.0023441631769141338,0.027103707569260803,0.027103707569260803,0.9825402808763006,1.0,1.0,1,STALLED,reconstructed_shortest
S4_SAFETY_RICH_NAVEEN12,2026-03-01 00:51:47,1.0,2026-03-01 00:51:48,1.0,S4_SAFETY_RICH_NAVEEN12_L14,26.0,False,1,0,1,1,0.0,0.0,1.0,0.0017510322585877886,0.02720861015887775,0.027208610158877745,0.982472704521834,1.0,1.0,0,STALLED,reconstructed_shortest
S4_SAFETY_RICH_NAVEEN12,2026-03-01 00:51:47,2.0,2026-03-01 00:51:49,1.0,S4_SAFETY_RICH_NAVEEN12_L14,26.0,False,1,0,1,1,0.0,0.0,1.0,0.0022548474695888274,0.02836424093819536,0.02836424093819536,0.981728268035939,1.0,1.0,0,STALLED,reconstructed_shortest
S4_SAFETY_RICH_NAVEEN12,2026-03-01 00:51:47,3.0,2026-03-01 00:51:50,1.0,S4_SAFETY_RICH_NAVEEN12_L14,26.0,False,1,0,1,1,0.0,0.0,1.0,0.003300562393155294,0.025429178944232394,0.025429178944232394,0.9836189819869469,1.0,1.0,0,STALLED,reconstructed_shortest
S4_SAFETY_RICH_NAVEEN12,2026-03-01 00:51:47,4.0,2026-03-01 00:51:51,1.0,S4_SAFETY_RICH_NAVEEN12_L14,26.0,False,1,0,1,1,0.0,0.0,1.0,0.0026807933307998666,0.026303550375322247,0.026303550375322247,0.9830557276957174,1.0,1.0,0,STALLED,reconstructed_shortest
S4_SAFETY_RICH_NAVEEN12,2026-03-01 00:51:47,5.0,2026-03-01 00:51:52,1.0,S4_SAFETY_RICH_NAVEEN12_L14,26.0,False,1,0,1,1,0.0,0.0,1.0,0.001479066300445026,0.026056225905614933,0.026056225905614933,0.9832150496542528,1.0,1.0,0,STALLED,reconstructed_shortest
S4_SAFETY_RICH_NAVEEN12,2026-03-01 00:51:47,6.0,2026-03-01 00:51:53,1.0,S4_SAFETY_RICH_NAVEEN12_L14,26.0,False,1,0,1,1,0.0,0.0,1.0,0.0007090909090907704,0.02687492367761616,0.026874923677616156,0.9826876593291538,1.0,1.0,0,STALLED,reconstructed_shortest
S4_SAFETY_RICH_NAVEEN12,2026-03-01 00:51:47,7.0,2026-03-01 00:51:54,1.0,S4_SAFETY_RICH_NAVEEN12_L14,26.0,False,1,0,1,1,0.0,0.0,1.0,0.0013000000000000789,0.028364240938195576,0.028364240938195576,0.9817282680359388,1.0,1.0,0,STALLED,reconstructed_shortest
S4_SAFETY_RICH_NAVEEN12,2026-03-01 00:51:47,8.0,2026-03-01 00:51:55,1.0,S4_SAFETY_RICH_NAVEEN12_L14,26.0,False,1,0,1,1,0.0,0.0,1.0,0.001418181818181763,0.028479010836313795,0.028479010836313795,0.9816543353394663,1.0,1.0,0,STALLED,reconstructed_shortest
S4_SAFETY_RICH_NAVEEN12,2026-03-01 00:51:47,9.0,2026-03-01 00:51:56,1.0,S4_SAFETY_RICH_NAVEEN12_L14,26.0,False,1,0,1,1,0.0,0.0,1.0,0.0,0.027103707569260803,0.027103707569260803,0.9825402808763006,1.0,1.0,0,STALLED,reconstructed_shortest
S4_SAFETY_RICH_NAVEEN12,2026-03-01 00:51:47,10.0,2026-03-01 00:51:57,1.0,S4_SAFETY_RICH_NAVEEN12_L14,26.0,False,1,0,1,1,0.0,0.0,1.0,0.00010833333333359896,0.027103707569260588,0.027103707569260588,0.9825402808763009,1.0,1.0,0,STALLED,reconstructed_shortest
S4_SAFETY_RICH_NAVEEN12,2026-03-01 00:55:02,-15.0,2026-03-01 00:54:47,1.0,S4_SAFETY_RICH_NAVEEN12_L16,33.0,False,1,0,1,1,0.05600126545454545,0.2580041910151515,0.0,2.2786204384054263,0.16338121582841772,0.16338121582841772,0.9396690201654183,0.0,0.0,0,PROGRESS,reconstructed_shortest
S4_SAFETY_RICH_NAVEEN12,2026-03-01 00:55:02,-14.0,2026-03-01 00:54:48,1.0,S4_SAFETY_RICH_NAVEEN12_L16,33.0,False,1,0,1,1,0.038217255,0.2318954028787879,0.0,2.026113915276333,0.12535454736914375,0.12535454736914375,0.9537109414252168,0.0,0.0,0,PROGRESS,reconstructed_shortest
S4_SAFETY_RICH_NAVEEN12,2026-03-01 00:55:02,-13.0,2026-03-01 00:54:49,1.0,S4_SAFETY_RICH_NAVEEN12_L16,33.0,False,1,0,1,1,0.03623838636363636,0.20558872787878787,0.0,1.7438148503789668,0.09360621530345761,0.09360621530345761,0.9654344922136261,0.0,0.0,0,PROGRESS,reconstructed_shortest
S4_SAFETY_RICH_NAVEEN12,2026-03-01 00:55:02,-12.0,2026-03-01 00:54:50,1.0,S4_SAFETY_RICH_NAVEEN12_L16,33.0,False,1,0,1,1,0.036075953,0.17927741136060607,0.0,1.477015997794066,0.05709915108416892,0.057099151084168916,0.9789152766726348,0.0,0.0,0,PROGRESS,reconstructed_shortest
S4_SAFETY_RICH_NAVEEN12,2026-03-01 00:55:02,-11.0,2026-03-01 00:54:51,1.0,S4_SAFETY_RICH_NAVEEN12_L16,33.0,False,1,0,1,1,0.03041781333333333,0.1524331601939394,0.0,1.19609739812355,0.02142613735785326,0.02142613735785326,0.9920880753989053,0.0,0.0,0,PROGRESS,reconstructed_shortest
S4_SAFETY_RICH_NAVEEN12,2026-03-01 00:55:02,-10.0,2026-03-01 00:54:52,1.0,S4_SAFETY_RICH_NAVEEN12_L16,33.0,False,1,0,1,1,0.0,0.12251425110303031,0.1,0.9516316479653959,0.008974217909448488,0.008974217909448488,0.996686134590315,0.0,0.0,0,PROGRESS,reconstructed_shortest
S4_SAFETY_RICH_NAVEEN12,2026-03-01 00:55:02,-9.0,2026-03-01 00:54:53,1.0,S4_SAFETY_RICH_NAVEEN12_L16,33.0,False,1,0,1,1,0.0,0.09262821276969699,0.2,0.6614959232581604,0.00927615305262565,0.00927615305262565,0.9965746404816317,0.0,0.0,0,PROGRESS,reconstructed_shortest
S4_SAFETY_RICH_NAVEEN12,2026-03-01 00:55:02,-8.0,2026-03-01 00:54:54,1.0,S4_SAFETY_RICH_NAVEEN12_L16,33.0,False,1,0,1,1,0.0,0.0631192554969697,0.3,0.45927758596466023,0.008901056937083611,0.008901056937083611,0.9967131503835691,0.0,0.0,0,PROGRESS,reconstructed_shortest
S4_SAFETY_RICH_NAVEEN12,2026-03-01 00:55:02,-7.0,2026-03-01 00:54:55,1.0,S4_SAFETY_RICH_NAVEEN12_L16,33.0,False,1,0,1,1,0.0,0.03766342913333334,0.4,0.24823838963953374,0.008901056937083962,0.008901056937083962,0.9967131503835689,0.0,0.0,0,PROGRESS,reconstructed_shortest
S4_SAFETY_RICH_NAVEEN12,2026-03-01 00:55:02,-6.0,2026-03-01 00:54:56,1.0,S4_SAFETY_RICH_NAVEEN12_L16,33.0,False,1,0,1,1,0.0,0.019695067315151527,0.5,0.15948648540739,0.008901056937083962,0.008901056937083962,0.9967131503835689,0.0,0.0,0,DEGRADING,reconstructed_shortest
S4_SAFETY_RICH_NAVEEN12,2026-03-01 00:55:02,-5.0,2026-03-01 00:54:57,1.0,S4_SAFETY_RICH_NAVEEN12_L16,33.0,False,1,0,1,1,0.0,0.014094940769696982,0.6,0.12080288328074378,0.008901056937083611,0.008901056937083611,0.9967131503835691,0.0,0.0,0,STALLED,reconstructed_shortest
S4_SAFETY_RICH_NAVEEN12,2026-03-01 00:55:02,-4.0,2026-03-01 00:54:58,1.0,S4_SAFETY_RICH_NAVEEN12_L16,33.0,False,1,0,1,1,0.0,0.010273215269696979,0.7,0.08911659323541224,0.008901056937083611,0.008901056937083611,0.9967131503835691,0.0,0.0,0,STALLED,reconstructed_shortest
S4_SAFETY_RICH_NAVEEN12,2026-03-01 00:55:02,-3.0,2026-03-01 00:54:59,1.0,S4_SAFETY_RICH_NAVEEN12_L16,33.0,False,1,0,1,1,0.0,0.006649376633333344,0.8,0.05317509839526615,0.008901056937083962,0.008901056937083962,0.9967131503835689,0.0,0.0,0,STALLED,reconstructed_shortest
S4_SAFETY_RICH_NAVEEN12,2026-03-01 00:55:02,-2.0,2026-03-01 00:55:00,1.0,S4_SAFETY_RICH_NAVEEN12_L16,33.0,False,1,0,1,1,0.0,0.0030417813333333443,0.9,0.018127481112854244,0.008901056937083611,0.008901056937083611,0.9967131503835691,1.0,0.0,0,STALLED,reconstructed_shortest
S4_SAFETY_RICH_NAVEEN12,2026-03-01 00:55:02,-1.0,2026-03-01 00:55:01,1.0,S4_SAFETY_RICH_NAVEEN12_L16,33.0,False,1,0,1,1,0.0,0.0,1.0,0.0012999995454545453,0.00983695712665965,0.00983695712665965,0.9963675551131569,1.0,0.0,0,STALLED,reconstructed_shortest
S4_SAFETY_RICH_NAVEEN12,2026-03-01 00:55:02,0.0,2026-03-01 00:55:02,1.0,S4_SAFETY_RICH_NAVEEN12_L16,33.0,False,1,0,1,1,0.0,0.0,1.0,0.0005909090909090912,0.009672826288003155,0.009672826288003155,0.9964281629025347,1.0,1.0,1,STALLED,reconstructed_shortest
S4_SAFETY_RICH_NAVEEN12,2026-03-01 00:55:02,1.0,2026-03-01 00:55:03,1.0,S4_SAFETY_RICH_NAVEEN12_L17,2.0,False,1,0,1,1,0.15129623636363637,,,,21.854902498239593,22.455891428445806,0.0,,,0,PROGRESS,reconstructed_shortest
S4_SAFETY_RICH_NAVEEN12,2026-03-01 00:55:02,2.0,2026-03-01 00:55:04,1.0,S4_SAFETY_RICH_NAVEEN12_L17,2.0,False,1,0,1,1,0.28449260000000004,,,,21.867564028239197,22.664823609005317,0.0,,,0,PROGRESS,reconstructed_shortest
S4_SAFETY_RICH_NAVEEN12,2026-03-01 00:55:02,3.0,2026-03-01 00:55:05,1.0,S4_SAFETY_RICH_NAVEEN12_L17,2.0,False,1,0,1,1,0.2980674818181818,,,,21.89445941490792,22.9708022769209,0.0,,,0,PROGRESS,reconstructed_shortest
S4_SAFETY_RICH_NAVEEN12,2026-03-01 00:55:02,4.0,2026-03-01 00:55:06,1.0,S4_SAFETY_RICH_NAVEEN12_L17,2.0,False,1,0,1,1,0.2911060454545455,0.2562405909090909,0.0,,21.923183668036813,23.312954000420337,0.0,,,0,PROGRESS,reconstructed_shortest
S4_SAFETY_RICH_NAVEEN12,2026-03-01 00:55:02,5.0,2026-03-01 00:55:07,1.0,S4_SAFETY_RICH_NAVEEN12_L17,2.0,False,1,0,1,1,0.1537198466666667,0.23573644206060607,0.0,,21.948507960581782,23.54016690667666,0.0,,,0,PROGRESS,reconstructed_shortest
S4_SAFETY_RICH_NAVEEN12,2026-03-01 00:55:02,6.0,2026-03-01 00:55:08,1.0,S4_SAFETY_RICH_NAVEEN12_L17,2.0,False,1,0,1,1,0.09243302454545455,0.21185253914141414,0.0,,21.960837901613218,23.653471489810734,0.0,,,0,PROGRESS,reconstructed_shortest
S4_SAFETY_RICH_NAVEEN12,2026-03-01 00:55:02,7.0,2026-03-01 00:55:09,1.0,S4_SAFETY_RICH_NAVEEN12_L17,2.0,False,1,0,1,1,0.010674272181818182,0.18311278671861472,0.14285714285714285,1.1777037868192672,21.96794310496988,23.718262790544557,0.0,,,0,PROGRESS,reconstructed_shortest
S4_SAFETY_RICH_NAVEEN12,2026-03-01 00:55:02,8.0,2026-03-01 00:55:10,1.0,S4_SAFETY_RICH_NAVEEN12_L17,2.0,False,1,0,1,1,0.000425424,0.16027686637878788,0.25,1.1848189958190989,21.982553299375564,23.737926084517557,0.0,,,0,PROGRESS,reconstructed_shortest
S4_SAFETY_RICH_NAVEEN12,2026-03-01 00:55:02,9.0,2026-03-01 00:55:11,1.0,S4_SAFETY_RICH_NAVEEN12_L17,2.0,False,1,0,1,1,0.000425424,0.14251559500336702,0.3333333333333333,1.1841237997634346,21.980773543906142,23.735614144963822,0.0,,,0,PROGRESS,reconstructed_shortest
S4_SAFETY_RICH_NAVEEN12,2026-03-01 00:55:02,10.0,2026-03-01 00:55:12,1.0,S4_SAFETY_RICH_NAVEEN12_L17,2.0,False,1,0,1,1,0.000425424,0.1283065779030303,0.4,1.1806629436224128,21.945348516152553,23.74418208046271,0.0,0.0,0.0,0,PROGRESS,reconstructed_shortest
S4_SAFETY_RICH_NAVEEN12,2026-03-01 00:59:03,-15.0,2026-03-01 00:58:48,1.0,S4_SAFETY_RICH_NAVEEN12_L18,6.0,False,1,0,1,1,0.29679120909090906,0.24541741722727273,0.0,1.6038750664952537,0.690289632722557,0.6963466487806543,0.9708599707366888,0.0,0.0,0,PROGRESS,reconstructed_shortest
S4_SAFETY_RICH_NAVEEN12,2026-03-01 00:59:03,-14.0,2026-03-01 00:58:49,1.0,S4_SAFETY_RICH_NAVEEN12_L18,6.0,False,1,0,1,1,0.2980095,0.24533813268181817,0.0,1.540383608564476,0.38787854695363577,0.38787854695363577,0.9837684402895721,0.0,0.0,0,PROGRESS,reconstructed_shortest
S4_SAFETY_RICH_NAVEEN12,2026-03-01 00:59:03,-13.0,2026-03-01 00:58:50,1.0,S4_SAFETY_RICH_NAVEEN12_L18,6.0,False,1,0,1,1,0.14193691909090908,0.2296361173181818,0.0,1.5313299865108307,0.17177053750698332,0.17177053750698332,0.992811915590758,0.0,0.0,0,PROGRESS,reconstructed_shortest
S4_SAFETY_RICH_NAVEEN12,2026-03-01 00:59:03,-12.0,2026-03-01 00:58:51,1.0,S4_SAFETY_RICH_NAVEEN12_L18,6.0,False,1,0,1,1,0.09869837,0.20967986795454543,0.0,1.5131654894562931,0.065940557949138,0.065940557949138,0.9972405844249532,0.0,0.0,0,PROGRESS,reconstructed_shortest
S4_SAFETY_RICH_NAVEEN12,2026-03-01 00:59:03,-11.0,2026-03-01 00:58:52,1.0,S4_SAFETY_RICH_NAVEEN12_L18,6.0,False,1,0,1,1,0.03589031636363636,0.18461659709090908,0.0,1.4763109392527465,0.008022702287349274,0.008022702287349274,0.9996642738500522,0.0,0.0,0,PROGRESS,reconstructed_shortest
S4_SAFETY_RICH_NAVEEN12,2026-03-01 00:59:03,-10.0,2026-03-01 00:58:53,1.0,S4_SAFETY_RICH_NAVEEN12_L18,6.0,False,1,0,1,1,0.0,0.1619685698181818,0.1,1.403143033349897,0.003485613743890646,0.003485613743890646,0.9998541374663389,0.0,0.0,0,PROGRESS,reconstructed_shortest
S4_SAFETY_RICH_NAVEEN12,2026-03-01 00:59:03,-9.0,2026-03-01 00:58:54,1.0,S4_SAFETY_RICH_NAVEEN12_L18,6.0,False,1,0,1,1,0.0,0.14585660436363634,0.2,1.3019829758769847,0.003485613743890646,0.003485613743890646,0.9998541374663389,0.0,0.0,0,PROGRESS,reconstructed_shortest
S4_SAFETY_RICH_NAVEEN12,2026-03-01 00:59:03,-8.0,2026-03-01 00:58:55,1.0,S4_SAFETY_RICH_NAVEEN12_L18,6.0,False,1,0,1,1,0.0,0.13596356418181815,0.3,1.2015697499066083,0.0017633781223831124,0.0017633781223831124,0.9999262078877259,0.0,0.0,0,PROGRESS,reconstructed_shortest
S4_SAFETY_RICH_NAVEEN12,2026-03-01 00:59:03,-7.0,2026-03-01 00:58:56,1.0,S4_SAFETY_RICH_NAVEEN12_L18,6.0,False,1,0,1,1,0.0,0.11524155054545453,0.4,0.9205967061548119,0.002932627692067221,0.002932627692067221,0.999877278282426,0.0,0.0,0,PROGRESS,reconstructed_shortest
S4_SAFETY_RICH_NAVEEN12,2026-03-01 00:59:03,-6.0,2026-03-01 00:58:57,1.0,S4_SAFETY_RICH_NAVEEN12_L18,6.0,False,1,0,1,1,0.0,0.08713263145454545,0.5,0.6871727343222601,0.004124385214566917,0.004124385214566917,0.9998274067864675,0.0,0.0,0,PROGRESS,reconstructed_shortest
S4_SAFETY_RICH_NAVEEN12,2026-03-01 00:59:03,-5.0,2026-03-01 00:58:58,1.0,S4_SAFETY_RICH_NAVEEN12_L18,6.0,False,1,0,1,1,0.0,0.057453510545454535,0.6,0.38479596616166023,0.003474229756723361,0.003474229756723361,0.9998546138522305,0.0,0.0,0,STALLED,reconstructed_shortest
S4_SAFETY_RICH_NAVEEN12,2026-03-01 00:59:03,-4.0,2026-03-01 00:58:59,1.0,S4_SAFETY_RICH_NAVEEN12_L18,6.0,False,1,0,1,1,0.0,0.02765256054545453,0.7,0.16875078263129153,0.003025001769964307,0.003025001769964307,0.9998734127029222,0.0,0.0,0,STALLED,reconstructed_shortest
S4_SAFETY_RICH_NAVEEN12,2026-03-01 00:59:03,-3.0,2026-03-01 00:59:00,1.0,S4_SAFETY_RICH_NAVEEN12_L18,6.0,False,1,0,1,1,0.0,0.013458868636363624,0.8,0.06287162263246367,0.003474229756723361,0.003474229756723361,0.9998546138522305,0.0,0.0,0,STALLED,reconstructed_shortest
S4_SAFETY_RICH_NAVEEN12,2026-03-01 00:59:03,-2.0,2026-03-01 00:59:01,1.0,S4_SAFETY_RICH_NAVEEN12_L18,6.0,False,1,0,1,1,0.0,0.0035890316363636253,0.9,0.004710591369160246,0.003474229756723361,0.003474229756723361,0.9998546138522305,1.0,0.0,0,STALLED,reconstructed_shortest
S4_SAFETY_RICH_NAVEEN12,2026-03-01 00:59:03,-1.0,2026-03-01 00:59:02,1.0,S4_SAFETY_RICH_NAVEEN12_L18,6.0,False,1,0,1,1,0.0,0.0,1.0,0.0015409108233081052,0.001948817316073152,0.001948817316073152,0.9999184478108444,1.0,0.0,0,STALLED,reconstructed_shortest
S4_SAFETY_RICH_NAVEEN12,2026-03-01 00:59:03,0.0,2026-03-01 00:59:03,1.0,S4_SAFETY_RICH_NAVEEN12_L18,6.0,False,1,0,1,1,0.0,0.0,1.0,0.0013179417455048896,0.0022904767000802065,0.0022904767000802065,0.9999041503851793,1.0,1.0,1,STALLED,reconstructed_shortest
S4_SAFETY_RICH_NAVEEN12,2026-03-01 00:59:03,1.0,2026-03-01 00:59:04,1.0,S4_SAFETY_RICH_NAVEEN12_L19,2.0,False,1,0,1,1,0.0001546981818181818,,,,21.967747779018318,23.724733828266924,0.0,,,0,PROGRESS,reconstructed_shortest
S4_SAFETY_RICH_NAVEEN12,2026-03-01 00:59:03,2.0,2026-03-01 00:59:05,1.0,S4_SAFETY_RICH_NAVEEN12_L19,2.0,False,1,0,1,1,0.0006574710909090909,,,,21.977234159001306,23.732523489665663,0.0,,,0,PROGRESS,reconstructed_shortest
S4_SAFETY_RICH_NAVEEN12,2026-03-01 00:59:03,3.0,2026-03-01 00:59:06,1.0,S4_SAFETY_RICH_NAVEEN12_L19,2.0,False,1,0,1,1,0.000425424,,,,21.98012386291717,23.73542940009945,0.0,,,0,PROGRESS,reconstructed_shortest
S4_SAFETY_RICH_NAVEEN12,2026-03-01 00:59:03,4.0,2026-03-01 00:59:07,1.0,S4_SAFETY_RICH_NAVEEN12_L19,2.0,False,1,0,1,1,0.000425424,0.0004157543181818182,1.0,,21.94306979478228,23.750623034648555,0.0,,,0,PROGRESS,reconstructed_shortest
S4_SAFETY_RICH_NAVEEN12,2026-03-01 00:59:03,5.0,2026-03-01 00:59:08,1.0,S4_SAFETY_RICH_NAVEEN12_L19,2.0,False,1,0,1,1,0.000425424,0.00041768825454545453,1.0,,21.941315035502033,23.74485816301259,0.0,,,0,PROGRESS,reconstructed_shortest
S4_SAFETY_RICH_NAVEEN12,2026-03-01 00:59:03,6.0,2026-03-01 00:59:09,1.0,S4_SAFETY_RICH_NAVEEN12_L19,2.0,False,1,0,1,1,0.000425424,0.0004189775454545455,1.0,,21.949377963360575,23.70956201733569,0.0006394934097494476,,,0,STALLED,reconstructed_shortest
S4_SAFETY_RICH_NAVEEN12,2026-03-01 00:59:03,7.0,2026-03-01 00:59:10,1.0,S4_SAFETY_RICH_NAVEEN12_L19,2.0,False,1,0,1,1,0.00042542399999999993,0.0004198984675324675,1.0,0.051284042492993905,21.975518637474263,23.682769082342716,0.0017688184081631197,,,0,PROGRESS,reconstructed_shortest
S4_SAFETY_RICH_NAVEEN12,2026-03-01 00:59:03,8.0,2026-03-01 00:59:11,1.0,S4_SAFETY_RICH_NAVEEN12_L19,2.0,False,1,0,1,1,0.000425424,0.0004205891590909091,1.0,0.04503796108894817,21.977081020525418,23.690735009275684,0.0014330537588890246,,,0,PROGRESS,reconstructed_shortest
S4_SAFETY_RICH_NAVEEN12,2026-03-01 00:59:03,9.0,2026-03-01 00:59:12,1.0,S4_SAFETY_RICH_NAVEEN12_L19,2.0,False,1,0,1,1,0.000580124,0.00043831525252525255,1.0,0.015030302008981835,21.982754982597058,23.738053813636586,0.0,,,0,STALLED,reconstructed_shortest
S4_SAFETY_RICH_NAVEEN12,2026-03-01 00:59:03,10.0,2026-03-01 00:59:13,1.0,S4_SAFETY_RICH_NAVEEN12_L19,2.0,False,1,0,1,1,0.0004963275,0.0004441164772727273,1.0,0.018878610817961914,21.983402938860987,23.729184883874666,0.0,1.0,0.0,0,STALLED,reconstructed_shortest
S4_SAFETY_RICH_NAVEEN12,2026-03-01 01:02:13,-15.0,2026-03-01 01:01:58,1.0,S4_SAFETY_RICH_NAVEEN12_L20,3.0,False,1,0,1,1,0.0,0.17423722306060604,0.3,1.5238765272904655,0.010598573677623409,0.010598573677623409,0.9983715678645408,0.0,0.0,0,PROGRESS,reconstructed_shortest
S4_SAFETY_RICH_NAVEEN12,2026-03-01 01:02:13,-14.0,2026-03-01 01:01:59,1.0,S4_SAFETY_RICH_NAVEEN12_L20,3.0,False,1,0,1,1,0.0,0.1446973276060606,0.4,1.2259129562501225,0.009852233255009439,0.009852233255009437,0.9984862403445504,0.0,0.0,0,PROGRESS,reconstructed_shortest
S4_SAFETY_RICH_NAVEEN12,2026-03-01 01:02:13,-13.0,2026-03-01 01:02:00,1.0,S4_SAFETY_RICH_NAVEEN12_L20,3.0,False,1,0,1,1,0.0,0.11497179396969695,0.5,0.9701972538463532,0.009788757020173811,0.009788757020173811,0.998495993236193,0.0,0.0,0,PROGRESS,reconstructed_shortest
S4_SAFETY_RICH_NAVEEN12,2026-03-01 01:02:13,-12.0,2026-03-01 01:02:01,1.0,S4_SAFETY_RICH_NAVEEN12_L20,3.0,False,1,0,1,1,0.0,0.08529492396969696,0.6,0.6682716571999263,0.009788757020173811,0.009788757020173811,0.998495993236193,0.0,0.0,0,STALLED,reconstructed_shortest
S4_SAFETY_RICH_NAVEEN12,2026-03-01 01:02:13,-11.0,2026-03-01 01:02:02,1.0,S4_SAFETY_RICH_NAVEEN12_L21,2.0,False,1,0,1,1,0.0,,,,4.748347298765013,6.728444372632859,0.0,,,0,PROGRESS,reconstructed_shortest
S4_SAFETY_RICH_NAVEEN12,2026-03-01 01:02:13,-10.0,2026-03-01 01:02:03,1.0,S4_SAFETY_RICH_NAVEEN12_L21,2.0,False,1,0,1,1,0.0002977968,,,,4.748147798549661,6.7176342192643705,0.0016066348727586943,,,0,PROGRESS,reconstructed_shortest
S4_SAFETY_RICH_NAVEEN12,2026-03-01 01:02:13,-9.0,2026-03-01 01:02:04,1.0,S4_SAFETY_RICH_NAVEEN12_L21,2.0,False,1,0,1,1,0.000425424,,,,4.747038829028571,6.713463375353603,0.002226517222939317,,,0,PROGRESS,reconstructed_shortest
S4_SAFETY_RICH_NAVEEN12,2026-03-01 01:02:13,-8.0,2026-03-01 01:02:05,1.0,S4_SAFETY_RICH_NAVEEN12_L21,2.0,False,1,0,1,1,0.000425424,0.0002871612,1.0,,4.7464682211039175,6.714256250734681,0.0021086778923055105,,,0,PROGRESS,reconstructed_shortest
S4_SAFETY_RICH_NAVEEN12,2026-03-01 01:02:13,-7.0,2026-03-01 01:02:06,1.0,S4_SAFETY_RICH_NAVEEN12_L21,2.0,False,1,0,1,1,0.000425424,0.00031481376,1.0,,4.747335215000273,6.71604960476828,0.0018421446590231039,,,0,PROGRESS,reconstructed_shortest
S4_SAFETY_RICH_NAVEEN12,2026-03-01 01:02:13,-6.0,2026-03-01 01:02:07,1.0,S4_SAFETY_RICH_NAVEEN12_L21,2.0,False,1,0,1,1,0.000425424,0.0003332488,1.0,,4.7479131820512555,6.717045926540687,0.0016940685633864971,,,0,STALLED,reconstructed_shortest
S4_SAFETY_RICH_NAVEEN12,2026-03-01 01:02:13,-5.0,2026-03-01 01:02:08,1.0,S4_SAFETY_RICH_NAVEEN12_L21,2.0,False,1,0,1,1,0.000425424,0.0003464166857142857,1.0,0.023108856821647636,4.752320765351052,6.72228583913048,0.0009152982712361535,,,0,STALLED,reconstructed_shortest
S4_SAFETY_RICH_NAVEEN12,2026-03-01 01:02:13,-4.0,2026-03-01 01:02:09,1.0,S4_SAFETY_RICH_NAVEEN12_L21,2.0,False,1,0,1,1,0.000425424,0.0003562926,1.0,0.02110375598468853,4.7548865182149616,6.726388401154691,0.00030556416376581463,,,0,STALLED,reconstructed_shortest
S4_SAFETY_RICH_NAVEEN12,2026-03-01 01:02:13,-3.0,2026-03-01 01:02:10,1.0,S4_SAFETY_RICH_NAVEEN12_L21,2.0,False,1,0,1,1,0.000425424,0.0003639738666666667,1.0,0.024520547405443016,4.771203795219354,6.741037141335873,0.0,,,0,STALLED,reconstructed_shortest
S4_SAFETY_RICH_NAVEEN12,2026-03-01 01:02:13,-2.0,2026-03-01 01:02:11,1.0,S4_SAFETY_RICH_NAVEEN12_L21,2.0,False,1,0,1,1,0.000425424,0.00037011888,1.0,0.013509291087774116,4.761259083029724,6.733001110359261,0.0,1.0,0.0,0,STALLED,reconstructed_shortest
S4_SAFETY_RICH_NAVEEN12,2026-03-01 01:02:13,-1.0,2026-03-01 01:02:12,1.0,S4_SAFETY_RICH_NAVEEN12_L21,2.0,False,1,0,1,1,0.00035451899999999997,0.00040557078,1.0,0.01052467073251177,4.750304069197398,6.723347896864735,0.0007574523152563684,1.0,0.0,0,STALLED,reconstructed_shortest
S4_SAFETY_RICH_NAVEEN12,2026-03-01 01:02:13,0.0,2026-03-01 01:02:13,1.0,S4_SAFETY_RICH_NAVEEN12_L21,2.0,False,1,0,1,1,0.09084736363636364,0.009460527463636365,0.9,0.01327462533128497,4.733842291594297,6.694696581266664,0.005015690031333397,1.0,1.0,1,STALLED,reconstructed_shortest
S4_SAFETY_RICH_NAVEEN12,2026-03-01 01:02:13,1.0,2026-03-01 01:02:14,1.0,S4_SAFETY_RICH_NAVEEN12_L21,2.0,False,1,0,1,1,0.2982996,0.039247945063636366,0.8,0.22653697109674092,4.6107377994557925,6.485709837281282,0.036075877559287206,0.0,1.0,0,RECOVERING,reconstructed_shortest
S4_SAFETY_RICH_NAVEEN12,2026-03-01 01:02:13,2.0,2026-03-01 01:02:15,1.0,S4_SAFETY_RICH_NAVEEN12_L21,2.0,False,1,0,1,1,0.29868305833333336,0.0690737084969697,0.7,0.46127472904399924,4.4860850567368615,6.259748563117249,0.06965886667978927,0.0,1.0,0,RECOVERING,reconstructed_shortest
S4_SAFETY_RICH_NAVEEN12,2026-03-01 01:02:13,3.0,2026-03-01 01:02:16,1.0,S4_SAFETY_RICH_NAVEEN12_L21,2.0,False,1,0,1,1,0.2984929090909091,0.0988804570060606,0.6,0.7786799949097164,4.31886846748372,5.933906686585943,0.11808638699289886,0.0,1.0,0,RECOVERING,reconstructed_shortest
S4_SAFETY_RICH_NAVEEN12,2026-03-01 01:02:13,4.0,2026-03-01 01:02:17,1.0,S4_SAFETY_RICH_NAVEEN12_L21,2.0,False,1,0,1,1,0.2990730833333333,0.12874522293939394,0.5,1.035176677870667,4.196802041504436,5.676121107385121,0.1563991922899648,0.0,1.0,0,RECOVERING,reconstructed_shortest
S4_SAFETY_RICH_NAVEEN12,2026-03-01 01:02:13,5.0,2026-03-01 01:02:18,1.0,S4_SAFETY_RICH_NAVEEN12_L21,2.0,False,1,0,1,1,0.29907307499999997,0.15860998803939394,0.4,1.3358145135797042,4.074574815602269,5.379192702801902,0.2005295124856612,0.0,1.0,0,RECOVERING,reconstructed_shortest
S4_SAFETY_RICH_NAVEEN12,2026-03-01 01:02:13,6.0,2026-03-01 01:02:19,1.0,S4_SAFETY_RICH_NAVEEN12_L21,2.0,False,1,0,1,1,0.29887969090909094,0.18845541473030303,0.3,1.637434714376916,3.9804023305324585,5.103063433922429,0.24156860764450583,0.0,1.0,0,PROGRESS,reconstructed_shortest
S4_SAFETY_RICH_NAVEEN12,2026-03-01 01:02:13,7.0,2026-03-01 01:02:20,1.0,S4_SAFETY_RICH_NAVEEN12_L21,2.0,False,1,0,1,1,0.29886035,0.21829890733030305,0.2,1.9390984608608464,3.8985223699676292,4.793306099207731,0.2876055988953511,0.0,1.0,0,PROGRESS,reconstructed_shortest
S4_SAFETY_RICH_NAVEEN12,2026-03-01 01:02:13,8.0,2026-03-01 01:02:21,1.0,S4_SAFETY_RICH_NAVEEN12_L21,2.0,False,1,0,1,1,0.2984349,0.24809985493030307,0.1,2.180645870646854,3.844279261416574,4.553020117279272,0.3233175656771222,0.0,1.0,0,PROGRESS,reconstructed_shortest
S4_SAFETY_RICH_NAVEEN12,2026-03-01 01:02:13,9.0,2026-03-01 01:02:22,1.0,S4_SAFETY_RICH_NAVEEN12_L21,2.0,False,1,0,1,1,0.29886035,0.27795043803030306,0.0,2.450241264136087,3.80376263296361,4.243482633705554,0.36932188204372907,0.0,1.0,0,PROGRESS,reconstructed_shortest
S4_SAFETY_RICH_NAVEEN12,2026-03-01 01:02:13,10.0,2026-03-01 01:02:23,1.0,S4_SAFETY_RICH_NAVEEN12_L21,2.0,False,1,0,1,1,0.14646188181818182,0.28351188984848485,0.0,2.470895618415892,3.769800975175931,4.049331027483108,0.39817723039321296,0.0,0.0,0,PROGRESS,reconstructed_shortest
S4_SAFETY_RICH_NAVEEN12,2026-03-01 01:10:08,-15.0,2026-03-01 01:09:53,1.0,S4_SAFETY_RICH_NAVEEN12_L27,2.0,False,1,0,1,1,0.29806750909090907,0.29859897454545453,0.0,2.5524223841558196,0.8061098191499453,0.8061098191499452,0.9641342452817816,0.0,0.0,0,PROGRESS,reconstructed_shortest
S4_SAFETY_RICH_NAVEEN12,2026-03-01 01:10:08,-14.0,2026-03-01 01:09:54,1.0,S4_SAFETY_RICH_NAVEEN12_L27,2.0,False,1,0,1,1,0.298364,0.2985048609090909,0.0,2.567364547214438,0.49406437989946606,0.49406437989946606,0.9780178935381671,0.0,0.0,0,PROGRESS,reconstructed_shortest
S4_SAFETY_RICH_NAVEEN12,2026-03-01 01:10:08,-13.0,2026-03-01 01:09:55,1.0,S4_SAFETY_RICH_NAVEEN12_L27,2.0,False,1,0,1,1,0.24311048181818184,0.29304009545454546,0.0,2.5211456087756505,0.2506260888666036,0.2506260888666036,0.9888490456067699,0.0,0.0,0,PROGRESS,reconstructed_shortest
S4_SAFETY_RICH_NAVEEN12,2026-03-01 01:10:08,-12.0,2026-03-01 01:09:56,1.0,S4_SAFETY_RICH_NAVEEN12_L27,2.0,False,1,0,1,1,0.10040006181818181,0.2731960016363636,0.0,2.3861420883307227,0.1079908482440558,0.1079908482440558,0.9951952287604957,0.0,0.0,0,PROGRESS,reconstructed_shortest
S4_SAFETY_RICH_NAVEEN12,2026-03-01 01:10:08,-11.0,2026-03-01 01:09:57,1.0,S4_SAFETY_RICH_NAVEEN12_L27,2.0,False,1,0,1,1,0.08239044499999999,0.25158962068181817,0.0,2.2207975733518324,0.02124934645008195,0.02124934645008195,0.9990545657308768,0.0,0.0,0,PROGRESS,reconstructed_shortest
S4_SAFETY_RICH_NAVEEN12,2026-03-01 01:10:08,-10.0,2026-03-01 01:09:58,1.0,S4_SAFETY_RICH_NAVEEN12_L27,2.0,False,1,0,1,1,0.0,0.22178512568181818,0.1,1.9313625409928732,0.006794939587663992,0.006794939587663993,0.9996976768787741,0.0,0.0,0,PROGRESS,reconstructed_shortest
S4_SAFETY_RICH_NAVEEN12,2026-03-01 01:10:08,-9.0,2026-03-01 01:09:59,1.0,S4_SAFETY_RICH_NAVEEN12_L27,2.0,False,1,0,1,1,0.0,0.1918778206818182,0.2,1.625794472934328,0.006714584892679145,0.006714584892679145,0.9997012520514271,0.0,0.0,0,PROGRESS,reconstructed_shortest
S4_SAFETY_RICH_NAVEEN12,2026-03-01 01:10:08,-8.0,2026-03-01 01:10:00,1.0,S4_SAFETY_RICH_NAVEEN12_L27,2.0,False,1,0,1,1,0.0,0.1620091925,0.3,1.3777584107219893,0.00670238316653964,0.00670238316653964,0.9997017949354194,0.0,0.0,0,PROGRESS,reconstructed_shortest
S4_SAFETY_RICH_NAVEEN12,2026-03-01 01:10:08,-7.0,2026-03-01 01:10:01,1.0,S4_SAFETY_RICH_NAVEEN12_L27,2.0,False,1,0,1,1,0.0,0.1321018825,0.4,1.0876091869744613,0.006760001273900902,0.006760001273900902,0.999699231367954,0.0,0.0,0,PROGRESS,reconstructed_shortest
S4_SAFETY_RICH_NAVEEN12,2026-03-01 01:10:08,-6.0,2026-03-01 01:10:02,1.0,S4_SAFETY_RICH_NAVEEN12_L27,2.0,False,1,0,1,1,0.0,0.10223324977272727,0.5,0.8074893955424765,0.006879654674796439,0.006879654674796439,0.9996939077018409,0.0,0.0,0,PROGRESS,reconstructed_shortest
S4_SAFETY_RICH_NAVEEN12,2026-03-01 01:10:08,-5.0,2026-03-01 01:10:03,1.0,S4_SAFETY_RICH_NAVEEN12_L27,2.0,False,1,0,1,1,0.0,0.07242649886363636,0.6,0.5008679397859709,0.009669421078843827,0.009669421078843827,0.9995697843191556,0.0,0.0,0,STALLED,reconstructed_shortest
S4_SAFETY_RICH_NAVEEN12,2026-03-01 01:10:08,-4.0,2026-03-01 01:10:04,1.0,S4_SAFETY_RICH_NAVEEN12_L27,2.0,False,1,0,1,1,0.0,0.042590098863636364,0.7,0.2530952294844338,0.007209235172236199,0.007209235172236198,0.9996792438768876,0.0,0.0,0,STALLED,reconstructed_shortest
S4_SAFETY_RICH_NAVEEN12,2026-03-01 01:10:08,-3.0,2026-03-01 01:10:05,1.0,S4_SAFETY_RICH_NAVEEN12_L27,2.0,False,1,0,1,1,0.0,0.018279050681818183,0.8,0.10555897859282921,0.007032332756632564,0.007032332756632564,0.9996871146886509,0.0,0.0,0,STALLED,reconstructed_shortest
S4_SAFETY_RICH_NAVEEN12,2026-03-01 01:10:08,-2.0,2026-03-01 01:10:06,1.0,S4_SAFETY_RICH_NAVEEN12_L27,2.0,False,1,0,1,1,0.0,0.008239044499999999,0.9,0.01726016234291572,0.007301798535377636,0.007301798535377636,0.9996751255113753,1.0,0.0,0,STALLED,reconstructed_shortest
S4_SAFETY_RICH_NAVEEN12,2026-03-01 01:10:08,-1.0,2026-03-01 01:10:07,1.0,S4_SAFETY_RICH_NAVEEN12_L27,2.0,False,1,0,1,1,0.0,0.0,1.0,0.0,0.006794939587663992,0.006794939587663993,0.9996976768787741,1.0,0.0,0,STALLED,reconstructed_shortest
S4_SAFETY_RICH_NAVEEN12,2026-03-01 01:10:08,0.0,2026-03-01 01:10:08,1.0,S4_SAFETY_RICH_NAVEEN12_L27,2.0,False,1,0,1,1,0.0,0.0,1.0,0.00011818181818057383,0.006708389766270458,0.006708389766270458,0.9997015276874248,1.0,1.0,1,STALLED,reconstructed_shortest
S4_SAFETY_RICH_NAVEEN12,2026-03-01 01:10:08,1.0,2026-03-01 01:10:09,1.0,S4_SAFETY_RICH_NAVEEN12_L27,2.0,False,1,0,1,1,0.0,0.0,1.0,0.00036833333333419205,0.006716427919661146,0.006716427919661146,0.9997011700507467,1.0,1.0,0,STALLED,reconstructed_shortest
S4_SAFETY_RICH_NAVEEN12,2026-03-01 01:10:08,2.0,2026-03-01 01:10:10,1.0,S4_SAFETY_RICH_NAVEEN12_L27,2.0,False,1,0,1,1,0.0,0.0,1.0,0.00019696969696880728,0.006737085060403644,0.006737085060403644,0.9997002509651265,1.0,1.0,0,STALLED,reconstructed_shortest
S4_SAFETY_RICH_NAVEEN12,2026-03-01 01:10:08,3.0,2026-03-01 01:10:11,1.0,S4_SAFETY_RICH_NAVEEN12_L27,2.0,False,1,0,1,1,0.0,0.0,1.0,0.001142424242424056,0.006714584892679145,0.006714584892679145,0.9997012520514271,1.0,1.0,0,STALLED,reconstructed_shortest
S4_SAFETY_RICH_NAVEEN12,2026-03-01 01:10:08,4.0,2026-03-01 01:10:12,1.0,S4_SAFETY_RICH_NAVEEN12_L27,2.0,False,1,0,1,1,0.0,0.0,1.0,0.004431818181817704,0.007166531304763069,0.007166531304763069,0.9996811438741335,1.0,1.0,0,STALLED,reconstructed_shortest
S4_SAFETY_RICH_NAVEEN12,2026-03-01 01:10:08,5.0,2026-03-01 01:10:13,1.0,S4_SAFETY_RICH_NAVEEN12_L27,2.0,False,1,0,1,1,0.0,0.0,1.0,0.0017429700330962117,0.008790462230294149,0.008790462230294147,0.9996088913015053,1.0,1.0,0,STALLED,reconstructed_shortest
S4_SAFETY_RICH_NAVEEN12,2026-03-01 01:10:08,6.0,2026-03-01 01:10:14,1.0,S4_SAFETY_RICH_NAVEEN12_L28,12.0,False,1,0,1,1,0.0,,,,4.119336061924616,4.12835774621385,0.0,,,0,PROGRESS,reconstructed_shortest
S4_SAFETY_RICH_NAVEEN12,2026-03-01 01:10:08,7.0,2026-03-01 01:10:15,1.0,S4_SAFETY_RICH_NAVEEN12_L28,12.0,False,1,0,1,1,0.00023204945454545454,,,,4.122938827280908,4.128014269899913,8.319926107458464e-05,,,0,PROGRESS,reconstructed_shortest
S4_SAFETY_RICH_NAVEEN12,2026-03-01 01:10:08,8.0,2026-03-01 01:10:16,1.0,S4_SAFETY_RICH_NAVEEN12_L28,12.0,False,1,0,1,1,0.0006574718181818182,,,,4.134017902107918,4.1341755012718995,0.0,,,0,PROGRESS,reconstructed_shortest
S4_SAFETY_RICH_NAVEEN12,2026-03-01 01:10:08,9.0,2026-03-01 01:10:17,1.0,S4_SAFETY_RICH_NAVEEN12_L28,12.0,False,1,0,1,1,0.000425424,0.0003287363181818182,1.0,,4.128607640754819,4.135441347269867,0.0,,,0,PROGRESS,reconstructed_shortest
S4_SAFETY_RICH_NAVEEN12,2026-03-01 01:10:08,10.0,2026-03-01 01:10:18,1.0,S4_SAFETY_RICH_NAVEEN12_L28,12.0,False,1,0,1,1,0.000425424,0.00034807385454545454,1.0,,4.111712045534513,4.116386434686486,0.0028997757130768687,,,0,PROGRESS,reconstructed_shortest
S4_SAFETY_RICH_NAVEEN12,2026-03-01 01:13:26,-15.0,2026-03-01 01:13:11,1.0,S4_SAFETY_RICH_NAVEEN12_L32,4.0,False,1,0,1,1,0.2986862818181818,0.2974090665909091,0.0,2.5283987057884842,12.73689517481758,15.407666978419591,0.0,0.0,0.0,0,PROGRESS,reconstructed_shortest
S4_SAFETY_RICH_NAVEEN12,2026-03-01 01:13:26,-14.0,2026-03-01 01:13:12,1.0,S4_SAFETY_RICH_NAVEEN12_L32,4.0,False,1,0,1,1,0.2983769363636364,0.29765852189393943,0.0,2.541297134639193,12.996728184075605,15.673348941822242,0.0,0.0,0.0,0,PROGRESS,reconstructed_shortest
S4_SAFETY_RICH_NAVEEN12,2026-03-01 01:13:26,-13.0,2026-03-01 01:13:13,1.0,S4_SAFETY_RICH_NAVEEN12_L32,4.0,False,1,0,1,1,0.29797405,0.2980127187121212,0.0,2.5499085814152913,13.293496471344753,15.96997832819669,0.0,0.0,0.0,0,PROGRESS,reconstructed_shortest
S4_SAFETY_RICH_NAVEEN12,2026-03-01 01:13:26,-12.0,2026-03-01 01:13:14,1.0,S4_SAFETY_RICH_NAVEEN12_L32,4.0,False,1,0,1,1,0.21824252363636362,0.29029127607575755,0.0,2.521669189266025,13.54427746383431,16.2234983639152,0.0,0.0,0.0,0,PROGRESS,reconstructed_shortest
S4_SAFETY_RICH_NAVEEN12,2026-03-01 01:13:26,-11.0,2026-03-01 01:13:15,1.0,S4_SAFETY_RICH_NAVEEN12_L32,4.0,False,1,0,1,1,0.012833623333333334,0.2618800484090909,0.1,2.376708568390509,13.674207884093882,16.352413462556083,0.0,0.0,0.0,0,PROGRESS,reconstructed_shortest
S4_SAFETY_RICH_NAVEEN12,2026-03-01 01:13:26,-10.0,2026-03-01 01:13:16,1.0,S4_SAFETY_RICH_NAVEEN12_L32,4.0,False,1,0,1,1,0.0,0.23213227424242425,0.2,2.122892403158905,13.682013578474223,16.35956157161563,0.0,0.0,0.0,0,PROGRESS,reconstructed_shortest
S4_SAFETY_RICH_NAVEEN12,2026-03-01 01:13:26,-9.0,2026-03-01 01:13:17,1.0,S4_SAFETY_RICH_NAVEEN12_L32,4.0,False,1,0,1,1,0.0,0.2023293906060606,0.3,1.8081040011086749,13.681779806994905,16.359330466936918,0.0,0.0,0.0,0,PROGRESS,reconstructed_shortest
S4_SAFETY_RICH_NAVEEN12,2026-03-01 01:13:26,-8.0,2026-03-01 01:13:18,1.0,S4_SAFETY_RICH_NAVEEN12_L32,4.0,False,1,0,1,1,0.0,0.1724104806060606,0.4,1.5204869127532357,13.68115641681887,16.35871418779368,0.0,0.0,0.0,0,PROGRESS,reconstructed_shortest
S4_SAFETY_RICH_NAVEEN12,2026-03-01 01:13:26,-7.0,2026-03-01 01:13:19,1.0,S4_SAFETY_RICH_NAVEEN12_L32,4.0,False,1,0,1,1,0.0,0.1424761015151515,0.5,1.2484315605763987,13.680299256361225,16.357866803971735,0.0,0.0,0.0,0,PROGRESS,reconstructed_shortest
S4_SAFETY_RICH_NAVEEN12,2026-03-01 01:13:26,-6.0,2026-03-01 01:13:20,1.0,S4_SAFETY_RICH_NAVEEN12_L32,4.0,False,1,0,1,1,0.0,0.11261134151515151,0.6,0.9515367441654752,13.680084966433983,16.357654958016248,0.0,0.0,0.0,0,STALLED,reconstructed_shortest
S4_SAFETY_RICH_NAVEEN12,2026-03-01 01:13:26,-5.0,2026-03-01 01:13:21,1.0,S4_SAFETY_RICH_NAVEEN12_L32,4.0,False,1,0,1,1,0.0,0.08274271333333333,0.7,0.690549453953334,13.68072783644032,16.358290495882706,0.0,0.0,0.0,0,STALLED,reconstructed_shortest
S4_SAFETY_RICH_NAVEEN12,2026-03-01 01:13:26,-4.0,2026-03-01 01:13:22,1.0,S4_SAFETY_RICH_NAVEEN12_L32,4.0,False,1,0,1,1,0.0,0.05290501969696969,0.8,0.3978500351726944,13.684709351348147,16.38022192141521,0.0,0.0,0.0,0,STALLED,reconstructed_shortest
S4_SAFETY_RICH_NAVEEN12,2026-03-01 01:13:26,-3.0,2026-03-01 01:13:23,1.0,S4_SAFETY_RICH_NAVEEN12_L32,4.0,False,1,0,1,1,0.0,0.023107614696969696,0.9,0.14274666747401074,13.683492696518943,16.36877710489931,0.0,0.0,0.0,0,STALLED,reconstructed_shortest
S4_SAFETY_RICH_NAVEEN12,2026-03-01 01:13:26,-2.0,2026-03-01 01:13:24,1.0,S4_SAFETY_RICH_NAVEEN12_L32,4.0,False,1,0,1,1,0.0,0.0012833623333333333,1.0,0.008353303706093882,13.681215873125952,16.357782023289893,0.0,1.0,0.0,0,STALLED,reconstructed_shortest
S4_SAFETY_RICH_NAVEEN12,2026-03-01 01:13:26,-1.0,2026-03-01 01:13:25,1.0,S4_SAFETY_RICH_NAVEEN12_L32,4.0,False,1,0,1,1,0.0,0.0,1.0,0.003111677499276278,13.680280759957327,16.356815990870835,0.0,1.0,0.0,0,STALLED,reconstructed_shortest
S4_SAFETY_RICH_NAVEEN12,2026-03-01 01:13:26,0.0,2026-03-01 01:13:26,1.0,S4_SAFETY_RICH_NAVEEN12_L32,4.0,False,1,0,1,1,0.0,0.0,1.0,0.003417963610594205,13.679443055617682,16.35595058682876,0.0,1.0,1.0,1,STALLED,reconstructed_shortest
S4_SAFETY_RICH_NAVEEN12,2026-03-01 01:13:26,1.0,2026-03-01 01:13:27,1.0,S4_SAFETY_RICH_NAVEEN12_L32,4.0,False,1,0,1,1,0.0,0.0,1.0,0.0029157820563277988,13.67997879663361,16.35650404290218,0.0,1.0,1.0,0,STALLED,reconstructed_shortest
S4_SAFETY_RICH_NAVEEN12,2026-03-01 01:13:26,2.0,2026-03-01 01:13:28,1.0,S4_SAFETY_RICH_NAVEEN12_L32,4.0,False,1,0,1,1,0.0,0.0,1.0,0.0028833206165421827,13.680514538116213,16.3570574989756,0.0,1.0,1.0,0,STALLED,reconstructed_shortest
S4_SAFETY_RICH_NAVEEN12,2026-03-01 01:13:26,3.0,2026-03-01 01:13:29,1.0,S4_SAFETY_RICH_NAVEEN12_L32,4.0,False,1,0,1,1,0.0,0.0,1.0,0.26335710669918705,13.420248233346207,16.10391110235136,0.0,0.0,1.0,0,PROGRESS,reconstructed_shortest
S4_SAFETY_RICH_NAVEEN12,2026-03-01 01:13:26,4.0,2026-03-01 01:13:30,1.0,S4_SAFETY_RICH_NAVEEN12_L32,4.0,False,1,0,1,1,0.0,0.0,1.0,0.16700975428099982,13.515312369912435,16.19316186579956,0.0,0.0,1.0,0,PROGRESS,reconstructed_shortest
S4_SAFETY_RICH_NAVEEN12,2026-03-01 01:13:26,5.0,2026-03-01 01:13:31,1.0,S4_SAFETY_RICH_NAVEEN12_L32,4.0,False,1,0,1,1,0.0,0.0,1.0,0.10556594905274447,13.584378151963298,16.261453298359303,0.0,0.0,1.0,0,PROGRESS,reconstructed_shortest
S4_SAFETY_RICH_NAVEEN12,2026-03-01 01:13:26,6.0,2026-03-01 01:13:32,1.0,S4_SAFETY_RICH_NAVEEN12_L32,4.0,False,1,0,1,1,0.0,0.0,1.0,0.023945857120459362,13.662685664819712,16.33887336572821,0.0,1.0,1.0,0,STALLED,reconstructed_shortest
S4_SAFETY_RICH_NAVEEN12,2026-03-01 01:13:26,7.0,2026-03-01 01:13:33,1.0,S4_SAFETY_RICH_NAVEEN12_L32,4.0,False,1,0,1,1,0.0,0.0,1.0,0.0010976969316336303,13.681796563112902,16.35776617321301,0.0,1.0,1.0,0,STALLED,reconstructed_shortest
S4_SAFETY_RICH_NAVEEN12,2026-03-01 01:13:26,8.0,2026-03-01 01:13:34,1.0,S4_SAFETY_RICH_NAVEEN12_L32,4.0,False,1,0,1,1,0.0,0.0,1.0,0.002663402062470491,13.682868037818405,16.358825402990448,0.0,1.0,1.0,0,STALLED,reconstructed_shortest
S4_SAFETY_RICH_NAVEEN12,2026-03-01 01:13:26,9.0,2026-03-01 01:13:35,1.0,S4_SAFETY_RICH_NAVEEN12_L32,4.0,False,1,0,1,1,0.0,0.0,1.0,0.011804552035420074,13.691247567634802,16.36777899998958,0.0,1.0,1.0,0,STALLED,reconstructed_shortest
S4_SAFETY_RICH_NAVEEN12,2026-03-01 01:13:26,10.0,2026-03-01 01:13:36,1.0,S4_SAFETY_RICH_NAVEEN12_L32,4.0,False,1,0,1,1,0.0,0.0,1.0,0.00231905213629166,13.680389996430458,16.357523884565484,0.0,1.0,1.0,0,STALLED,reconstructed_shortest
S4_SAFETY_RICH_NAVEEN12,2026-03-01 01:14:13,-15.0,2026-03-01 01:13:58,1.0,S4_SAFETY_RICH_NAVEEN12_L32,4.0,False,1,0,1,1,0.0,0.0,1.0,0.002166666666666206,13.682773121783246,16.361326537138964,0.0,1.0,1.0,0,STALLED,reconstructed_shortest
S4_SAFETY_RICH_NAVEEN12,2026-03-01 01:14:13,-14.0,2026-03-01 01:13:59,1.0,S4_SAFETY_RICH_NAVEEN12_L32,4.0,False,1,0,1,1,0.0,0.0,1.0,0.001309848484848164,13.682665977747666,16.36122061416122,0.0,1.0,1.0,0,STALLED,reconstructed_shortest
S4_SAFETY_RICH_NAVEEN12,2026-03-01 01:14:13,-13.0,2026-03-01 01:14:00,1.0,S4_SAFETY_RICH_NAVEEN12_L32,4.0,False,1,0,1,1,0.0,0.0,1.0,0.0010636363636367108,13.68148739459252,16.36005546140604,0.0,1.0,1.0,0,STALLED,reconstructed_shortest
S4_SAFETY_RICH_NAVEEN12,2026-03-01 01:14:13,-12.0,2026-03-01 01:14:01,1.0,S4_SAFETY_RICH_NAVEEN12_L32,4.0,False,1,0,1,1,0.0,0.0,1.0,0.0012999999999991907,13.68148739459252,16.36005546140604,0.0,1.0,1.0,0,STALLED,reconstructed_shortest
S4_SAFETY_RICH_NAVEEN12,2026-03-01 01:14:13,-11.0,2026-03-01 01:14:02,1.0,S4_SAFETY_RICH_NAVEEN12_L33,5.0,False,1,0,1,1,0.0,,,,2.7104034954954592,3.5899464050142287,0.0,,,0,PROGRESS,reconstructed_shortest
S4_SAFETY_RICH_NAVEEN12,2026-03-01 01:14:13,-10.0,2026-03-01 01:14:03,1.0,S4_SAFETY_RICH_NAVEEN12_L33,5.0,False,1,0,1,1,0.0,,,,2.7101041145122973,3.589591932513782,9.874033215406808e-05,,,0,PROGRESS,reconstructed_shortest
S4_SAFETY_RICH_NAVEEN12,2026-03-01 01:14:13,-9.0,2026-03-01 01:14:04,1.0,S4_SAFETY_RICH_NAVEEN12_L33,5.0,False,1,0,1,1,0.0,,,,2.709904534585592,3.589355617528782,0.00016456721599555912,,,0,PROGRESS,reconstructed_shortest
S4_SAFETY_RICH_NAVEEN12,2026-03-01 01:14:13,-8.0,2026-03-01 01:14:05,1.0,S4_SAFETY_RICH_NAVEEN12_L33,5.0,False,1,0,1,1,0.0,0.0,1.0,,2.711501339589195,3.591246137751205,0.0,,,0,PROGRESS,reconstructed_shortest
S4_SAFETY_RICH_NAVEEN12,2026-03-01 01:14:13,-7.0,2026-03-01 01:14:06,1.0,S4_SAFETY_RICH_NAVEEN12_L33,5.0,False,1,0,1,1,0.0,0.0,1.0,,2.711501339589195,3.591246137751205,0.0,,,0,PROGRESS,reconstructed_shortest
S4_SAFETY_RICH_NAVEEN12,2026-03-01 01:14:13,-6.0,2026-03-01 01:14:07,1.0,S4_SAFETY_RICH_NAVEEN12_L33,5.0,False,1,0,1,1,0.0,0.0,1.0,,2.711900599940194,3.591718767928967,0.0,,,0,STALLED,reconstructed_shortest
S4_SAFETY_RICH_NAVEEN12,2026-03-01 01:14:13,-5.0,2026-03-01 01:14:08,1.0,S4_SAFETY_RICH_NAVEEN12_L33,5.0,False,1,0,1,1,0.0,0.0,1.0,0.001300000000000523,2.709305830317796,3.5886466726472603,0.00036204784705229365,,,0,STALLED,reconstructed_shortest
S4_SAFETY_RICH_NAVEEN12,2026-03-01 01:14:13,-4.0,2026-03-01 01:14:09,1.0,S4_SAFETY_RICH_NAVEEN12_L33,5.0,False,1,0,1,1,0.0,0.0,1.0,0.001300000000000523,2.709305830317796,3.5886466726472603,0.00036204784705229365,,,0,STALLED,reconstructed_shortest
S4_SAFETY_RICH_NAVEEN12,2026-03-01 01:14:13,-3.0,2026-03-01 01:14:10,1.0,S4_SAFETY_RICH_NAVEEN12_L33,5.0,False,1,0,1,1,0.0,0.0,1.0,0.06844807543764946,2.6437231275739936,3.543446612128749,0.012952781919120415,,,0,PROGRESS,reconstructed_shortest
S4_SAFETY_RICH_NAVEEN12,2026-03-01 01:14:13,-2.0,2026-03-01 01:14:11,1.0,S4_SAFETY_RICH_NAVEEN12_L33,5.0,False,1,0,1,1,0.0,0.0,1.0,0.006315110846216791,2.7064824575838284,3.58941945913718,0.00014678377268040332,1.0,0.0,0,STALLED,reconstructed_shortest
S4_SAFETY_RICH_NAVEEN12,2026-03-01 01:14:13,-1.0,2026-03-01 01:14:12,1.0,S4_SAFETY_RICH_NAVEEN12_L33,5.0,False,1,0,1,1,0.0,0.0,1.0,0.005933581852055893,2.706671846433386,3.5894111139561753,0.00014910837033821345,1.0,0.0,0,STALLED,reconstructed_shortest
S4_SAFETY_RICH_NAVEEN12,2026-03-01 01:14:13,0.0,2026-03-01 01:14:13,1.0,S4_SAFETY_RICH_NAVEEN12_L33,5.0,False,1,0,1,1,0.0,0.0,1.0,0.004980551120389388,2.7071770455973136,3.5893891870942918,0.00015521622249248246,1.0,1.0,1,STALLED,reconstructed_shortest
S4_SAFETY_RICH_NAVEEN12,2026-03-01 01:14:13,1.0,2026-03-01 01:14:14,1.0,S4_SAFETY_RICH_NAVEEN12_L33,5.0,False,1,0,1,1,0.0,0.0,1.0,0.06899727537696292,2.6932612400032996,3.539273639725999,0.014115187128546758,0.0,1.0,0,PROGRESS,reconstructed_shortest
S4_SAFETY_RICH_NAVEEN12,2026-03-01 01:14:13,2.0,2026-03-01 01:14:15,1.0,S4_SAFETY_RICH_NAVEEN12_L33,5.0,False,1,0,1,1,0.0,0.0,1.0,0.10444430329127571,2.686980161731754,3.5147421113566413,0.020948583954497613,0.0,1.0,0,STALLED,reconstructed_shortest
S4_SAFETY_RICH_NAVEEN12,2026-03-01 01:14:13,3.0,2026-03-01 01:14:16,1.0,S4_SAFETY_RICH_NAVEEN12_L33,5.0,False,1,0,1,1,0.0,0.0,1.0,0.10479068919943443,2.686980161731754,3.514742111356642,0.02094858395449739,0.0,1.0,0,PROGRESS,reconstructed_shortest
S4_SAFETY_RICH_NAVEEN12,2026-03-01 01:14:13,4.0,2026-03-01 01:14:17,1.0,S4_SAFETY_RICH_NAVEEN12_L33,5.0,False,1,0,1,1,0.0,0.0,1.0,0.10255721958984666,2.686980161731754,3.5147421113566413,0.020948583954497613,0.0,1.0,0,PROGRESS,reconstructed_shortest
S4_SAFETY_RICH_NAVEEN12,2026-03-01 01:14:13,5.0,2026-03-01 01:14:18,1.0,S4_SAFETY_RICH_NAVEEN12_L33,5.0,False,1,0,1,1,0.0,0.0,1.0,0.10255721958984666,2.686980161731754,3.5147421113566413,0.020948583954497613,0.0,1.0,0,PROGRESS,reconstructed_shortest
S4_SAFETY_RICH_NAVEEN12,2026-03-01 01:14:13,6.0,2026-03-01 01:14:19,1.0,S4_SAFETY_RICH_NAVEEN12_L33,5.0,False,1,0,1,1,0.02467459333333333,0.002467459333333333,1.0,0.0766850800783182,2.697858729521804,3.5577165809331204,0.008977800904239608,0.0,1.0,0,STALLED,reconstructed_shortest
S4_SAFETY_RICH_NAVEEN12,2026-03-01 01:14:13,7.0,2026-03-01 01:14:20,1.0,S4_SAFETY_RICH_NAVEEN12_L33,5.0,False,1,0,1,1,0.2532819781818182,0.027795657151515153,0.9,0.14060120214509034,2.593319716291984,3.4488994296209343,0.039289437635138036,0.0,1.0,0,RECOVERING,reconstructed_shortest
S4_SAFETY_RICH_NAVEEN12,2026-03-01 01:14:13,8.0,2026-03-01 01:14:21,1.0,S4_SAFETY_RICH_NAVEEN12_L33,5.0,False,1,0,1,1,0.29829954545454546,0.05762561169696969,0.8,0.3788018347984794,2.4039983456934277,3.210660894468348,0.10565213731773726,0.0,1.0,0,RECOVERING,reconstructed_shortest
S4_SAFETY_RICH_NAVEEN12,2026-03-01 01:14:13,9.0,2026-03-01 01:14:22,1.0,S4_SAFETY_RICH_NAVEEN12_L33,5.0,False,1,0,1,1,0.29886035,0.08751164669696969,0.7,0.6791397557528612,2.1784408580501,2.9102882421148073,0.1893226489259322,0.0,1.0,0,RECOVERING,reconstructed_shortest
S4_SAFETY_RICH_NAVEEN12,2026-03-01 01:14:13,10.0,2026-03-01 01:14:23,1.0,S4_SAFETY_RICH_NAVEEN12_L33,5.0,False,1,0,1,1,0.29895704545454543,0.11740735124242425,0.6,0.905255235504496,1.9873144306118726,2.6344730103621945,0.2661525512797307,0.0,0.0,0,RECOVERING,reconstructed_shortest
S4_SAFETY_RICH_NAVEEN12,2026-03-01 01:16:50,-15.0,2026-03-01 01:16:35,1.0,S4_SAFETY_RICH_NAVEEN12_L34,1.0,False,1,0,1,1,0.0,0.11682561236363635,0.5,0.935478563478591,0.008742094019340192,0.008742094019340192,0.9996245770692085,0.0,0.0,0,PROGRESS,reconstructed_shortest
S4_SAFETY_RICH_NAVEEN12,2026-03-01 01:16:50,-14.0,2026-03-01 01:16:36,1.0,S4_SAFETY_RICH_NAVEEN12_L34,1.0,False,1,0,1,1,0.0,0.08695698418181819,0.6,0.6576628532487006,0.008290868495214754,0.008290868495214754,0.9996439546243274,0.0,0.0,0,STALLED,reconstructed_shortest
S4_SAFETY_RICH_NAVEEN12,2026-03-01 01:16:50,-13.0,2026-03-01 01:16:37,1.0,S4_SAFETY_RICH_NAVEEN12_L34,1.0,False,1,0,1,1,0.0,0.05705676584848485,0.7,0.3571519520355993,0.008213298302143941,0.008213298302143941,0.9996472858203956,0.0,0.0,0,STALLED,reconstructed_shortest
S4_SAFETY_RICH_NAVEEN12,2026-03-01 01:16:50,-12.0,2026-03-01 01:16:38,1.0,S4_SAFETY_RICH_NAVEEN12_L34,1.0,False,1,0,1,1,0.0,0.02740826168181818,0.8,0.154079897066317,0.008272888384544893,0.008272888384544893,0.9996447267672293,0.0,0.0,0,STALLED,reconstructed_shortest
S4_SAFETY_RICH_NAVEEN12,2026-03-01 01:16:50,-11.0,2026-03-01 01:16:39,1.0,S4_SAFETY_RICH_NAVEEN12_L35,4.0,False,1,0,1,1,0.0,,,,4.828460480860091,6.24887227282948,0.0,,,0,PROGRESS,reconstructed_shortest
S4_SAFETY_RICH_NAVEEN12,2026-03-01 01:16:50,-10.0,2026-03-01 01:16:40,1.0,S4_SAFETY_RICH_NAVEEN12_L35,4.0,False,1,0,1,1,0.0,,,,4.826399008553786,6.2484393474057365,6.92805685317266e-05,,,0,PROGRESS,reconstructed_shortest
S4_SAFETY_RICH_NAVEEN12,2026-03-01 01:16:50,-9.0,2026-03-01 01:16:41,1.0,S4_SAFETY_RICH_NAVEEN12_L35,4.0,False,1,0,1,1,0.000425424,,,,4.8345363871257545,6.251769405012116,0.0,,,0,PROGRESS,reconstructed_shortest
S4_SAFETY_RICH_NAVEEN12,2026-03-01 01:16:50,-8.0,2026-03-01 01:16:42,1.0,S4_SAFETY_RICH_NAVEEN12_L35,4.0,False,1,0,1,1,0.000425424,0.000212712,1.0,,4.843582316038897,6.27603297114146,0.0,,,0,PROGRESS,reconstructed_shortest
S4_SAFETY_RICH_NAVEEN12,2026-03-01 01:16:50,-7.0,2026-03-01 01:16:43,1.0,S4_SAFETY_RICH_NAVEEN12_L35,4.0,False,1,0,1,1,0.000425424,0.0002552544,1.0,,4.85099121048014,6.299659745162058,0.0,,,0,PROGRESS,reconstructed_shortest
S4_SAFETY_RICH_NAVEEN12,2026-03-01 01:16:50,-6.0,2026-03-01 01:16:44,1.0,S4_SAFETY_RICH_NAVEEN12_L35,4.0,False,1,0,1,1,0.000425424,0.000283616,1.0,,4.830841398841088,6.249911772309341,0.0,,,0,STALLED,reconstructed_shortest
S4_SAFETY_RICH_NAVEEN12,2026-03-01 01:16:50,-5.0,2026-03-01 01:16:45,1.0,S4_SAFETY_RICH_NAVEEN12_L35,4.0,False,1,0,1,1,0.000425424,0.00030387428571428566,1.0,0.02116924876691299,4.8164085875144576,6.245568455660588,0.0005287061448283614,,,0,STALLED,reconstructed_shortest
S4_SAFETY_RICH_NAVEEN12,2026-03-01 01:16:50,-4.0,2026-03-01 01:16:46,1.0,S4_SAFETY_RICH_NAVEEN12_L35,4.0,False,1,0,1,1,0.000425424,0.000319068,1.0,0.019205232145660427,4.81412840201889,6.239966140598847,0.0014252383216980524,,,0,STALLED,reconstructed_shortest
S4_SAFETY_RICH_NAVEEN12,2026-03-01 01:16:50,-3.0,2026-03-01 01:16:47,1.0,S4_SAFETY_RICH_NAVEEN12_L35,4.0,False,1,0,1,1,0.000425424,0.0003308853333333333,1.0,0.014455528065227876,4.815765418415135,6.238689920109412,0.0016294704509071112,,,0,PROGRESS,reconstructed_shortest
S4_SAFETY_RICH_NAVEEN12,2026-03-01 01:16:50,-2.0,2026-03-01 01:16:48,1.0,S4_SAFETY_RICH_NAVEEN12_L35,4.0,False,1,0,1,1,0.0006381368333333333,0.0003616104833333333,1.0,0.01478513363786663,4.814661122004137,6.236337344409304,0.0020059504936080774,1.0,0.0,0,PROGRESS,reconstructed_shortest
S4_SAFETY_RICH_NAVEEN12,2026-03-01 01:16:50,-1.0,2026-03-01 01:16:49,1.0,S4_SAFETY_RICH_NAVEEN12_L35,4.0,False,1,0,1,1,0.0004254261818181818,0.00040415310151515146,1.0,0.01183153612662494,4.81550389279962,6.237443747501461,0.0018288940514453733,1.0,0.0,0,STALLED,reconstructed_shortest
S4_SAFETY_RICH_NAVEEN12,2026-03-01 01:16:50,0.0,2026-03-01 01:16:50,1.0,S4_SAFETY_RICH_NAVEEN12_L35,4.0,False,1,0,1,1,0.00042542218181818183,0.0004466953196969697,1.0,0.022999351805451953,4.8156415563310775,6.237099069857004,0.0018840524271341863,1.0,1.0,1,STALLED,reconstructed_shortest
S4_SAFETY_RICH_NAVEEN12,2026-03-01 01:16:50,1.0,2026-03-01 01:16:51,1.0,S4_SAFETY_RICH_NAVEEN12_L35,4.0,False,1,0,1,1,0.08527816563636365,0.008931969483333333,0.9,0.06457328646225921,4.7994430358811,6.21996590299569,0.0046258538455774545,0.0,1.0,0,STALLED,reconstructed_shortest
S4_SAFETY_RICH_NAVEEN12,2026-03-01 01:16:50,2.0,2026-03-01 01:16:52,1.0,S4_SAFETY_RICH_NAVEEN12_L35,4.0,False,1,0,1,1,0.28441527272727274,0.03733095435606061,0.8,0.24407486935036157,4.6434901510254,6.051793558673209,0.031538284917933535,0.0,1.0,0,RECOVERING,reconstructed_shortest
S4_SAFETY_RICH_NAVEEN12,2026-03-01 01:16:50,3.0,2026-03-01 01:16:53,1.0,S4_SAFETY_RICH_NAVEEN12_L35,4.0,False,1,0,1,1,0.29694594999999996,0.0669830069560606,0.7,0.45465618395587687,4.409075012552087,5.7953578207386816,0.07257540757597336,0.0,1.0,0,RECOVERING,reconstructed_shortest
S4_SAFETY_RICH_NAVEEN12,2026-03-01 01:16:50,4.0,2026-03-01 01:16:54,1.0,S4_SAFETY_RICH_NAVEEN12_L35,4.0,False,1,0,1,1,0.2975132,0.0966917845560606,0.6,0.7397833889429928,4.125260008010939,5.487652882456471,0.12181708268911862,0.0,1.0,0,RECOVERING,reconstructed_shortest
S4_SAFETY_RICH_NAVEEN12,2026-03-01 01:16:50,5.0,2026-03-01 01:16:55,1.0,S4_SAFETY_RICH_NAVEEN12_L35,4.0,False,1,0,1,1,0.2984929727272727,0.12649853942878786,0.5,1.0299946195219662,3.8608416316115126,5.199876845102287,0.1678695582062536,0.0,1.0,0,RECOVERING,reconstructed_shortest
S4_SAFETY_RICH_NAVEEN12,2026-03-01 01:16:50,6.0,2026-03-01 01:16:56,1.0,S4_SAFETY_RICH_NAVEEN12_L35,4.0,False,1,0,1,1,0.29917944166666666,0.15637394119545456,0.4,1.3158074337982912,3.6096025840375088,4.917265103007722,0.21309559736269157,0.0,1.0,0,RECOVERING,reconstructed_shortest
S4_SAFETY_RICH_NAVEEN12,2026-03-01 01:16:50,7.0,2026-03-01 01:16:57,1.0,S4_SAFETY_RICH_NAVEEN12_L35,4.0,False,1,0,1,1,0.2984349,0.18617488879545455,0.3,1.5895417291414966,3.369540441344483,4.644201168968077,0.2567937115371396,0.0,1.0,0,PROGRESS,reconstructed_shortest
S4_SAFETY_RICH_NAVEEN12,2026-03-01 01:16:50,8.0,2026-03-01 01:16:58,1.0,S4_SAFETY_RICH_NAVEEN12_L35,4.0,False,1,0,1,1,0.2986476,0.2159758351121212,0.2,1.8673400321037215,3.1343344038837744,4.361481785741433,0.30203697638285054,0.0,1.0,0,PROGRESS,reconstructed_shortest
S4_SAFETY_RICH_NAVEEN12,2026-03-01 01:16:50,9.0,2026-03-01 01:16:59,1.0,S4_SAFETY_RICH_NAVEEN12_L35,4.0,False,1,0,1,1,0.2980095,0.2457342424939394,0.1,2.163381478831276,2.894247291172629,4.065851947193867,0.34934628686963787,0.0,1.0,0,PROGRESS,reconstructed_shortest
S4_SAFETY_RICH_NAVEEN12,2026-03-01 01:16:50,10.0,2026-03-01 01:17:00,1.0,S4_SAFETY_RICH_NAVEEN12_L35,4.0,False,1,0,1,1,0.2987636727272727,0.27556806754848484,0.0,2.414135963270587,2.6808789491322904,3.7976433840055948,0.39226740150890826,0.0,0.0,0,PROGRESS,reconstructed_shortest
S4_SAFETY_RICH_NAVEEN12,2026-03-01 01:18:10,-15.0,2026-03-01 01:17:55,1.0,S4_SAFETY_RICH_NAVEEN12_L36,1.0,False,1,0,1,1,0.29893126666666664,0.29854032446969697,0.0,2.544665589118494,0.48485853853056965,0.48485853853056965,0.9221825704466603,0.0,0.0,0,PROGRESS,reconstructed_shortest
S4_SAFETY_RICH_NAVEEN12,2026-03-01 01:18:10,-14.0,2026-03-01 01:17:56,1.0,S4_SAFETY_RICH_NAVEEN12_L36,1.0,False,1,0,1,1,0.2394750272727273,0.29276132303030306,0.0,2.51327879089557,0.23921382355964385,0.23921382355964388,0.9616073485692281,0.0,0.0,0,PROGRESS,reconstructed_shortest
S4_SAFETY_RICH_NAVEEN12,2026-03-01 01:18:10,-13.0,2026-03-01 01:17:57,1.0,S4_SAFETY_RICH_NAVEEN12_L36,1.0,False,1,0,1,1,0.100506425,0.27302841825757573,0.0,2.384743244612979,0.09519507757921232,0.0951950775792123,0.9847216545555834,0.0,0.0,0,PROGRESS,reconstructed_shortest
S4_SAFETY_RICH_NAVEEN12,2026-03-01 01:18:10,-12.0,2026-03-01 01:17:58,1.0,S4_SAFETY_RICH_NAVEEN12_L36,1.0,False,1,0,1,1,0.033041259999999996,0.24649968925757576,0.0,2.1829850495474727,0.03942678944857612,0.03942678944857612,0.9936721926776267,0.0,0.0,0,PROGRESS,reconstructed_shortest
S4_SAFETY_RICH_NAVEEN12,2026-03-01 01:18:10,-11.0,2026-03-01 01:17:59,1.0,S4_SAFETY_RICH_NAVEEN12_L37,3.0,False,1,0,1,1,0.0,,,,4.128360076277262,5.343140627268924,0.0,,,0,PROGRESS,reconstructed_shortest
S4_SAFETY_RICH_NAVEEN12,2026-03-01 01:18:10,-10.0,2026-03-01 01:18:00,1.0,S4_SAFETY_RICH_NAVEEN12_L37,3.0,False,1,0,1,1,0.0,,,,4.128340261780286,5.343118472528783,4.1463891158333155e-06,,,0,PROGRESS,reconstructed_shortest
S4_SAFETY_RICH_NAVEEN12,2026-03-01 01:18:10,-9.0,2026-03-01 01:18:01,1.0,S4_SAFETY_RICH_NAVEEN12_L37,3.0,False,1,0,1,1,0.0,,,,4.121109215648135,5.335031992376571,0.0015175784165160078,,,0,PROGRESS,reconstructed_shortest
S4_SAFETY_RICH_NAVEEN12,2026-03-01 01:18:10,-8.0,2026-03-01 01:18:02,1.0,S4_SAFETY_RICH_NAVEEN12_L37,3.0,False,1,0,1,1,0.0,0.0,1.0,,4.125772122464668,5.339006717698564,0.00077368533952904,,,0,PROGRESS,reconstructed_shortest
S4_SAFETY_RICH_NAVEEN12,2026-03-01 01:18:10,-7.0,2026-03-01 01:18:03,1.0,S4_SAFETY_RICH_NAVEEN12_L37,3.0,False,1,0,1,1,0.0,0.0,1.0,,4.128919780360886,5.342401122351931,0.00013840266775289045,,,0,PROGRESS,reconstructed_shortest
S4_SAFETY_RICH_NAVEEN12,2026-03-01 01:18:10,-6.0,2026-03-01 01:18:04,1.0,S4_SAFETY_RICH_NAVEEN12_L37,3.0,False,1,0,1,1,0.0,0.0,1.0,,4.129766697152652,5.343347733976226,0.0,,,0,STALLED,reconstructed_shortest
S4_SAFETY_RICH_NAVEEN12,2026-03-01 01:18:10,-5.0,2026-03-01 01:18:05,1.0,S4_SAFETY_RICH_NAVEEN12_L37,3.0,False,1,0,1,1,0.0,0.0,1.0,0.0035862096982737764,4.1295684795508585,5.343126186574791,2.7026603154345352e-06,,,0,STALLED,reconstructed_shortest
S4_SAFETY_RICH_NAVEEN12,2026-03-01 01:18:10,-4.0,2026-03-01 01:18:06,1.0,S4_SAFETY_RICH_NAVEEN12_L37,3.0,False,1,0,1,1,0.0,0.0,1.0,0.003054615815085675,4.128775627682428,5.342239996969069,0.0001685582249619788,,,0,STALLED,reconstructed_shortest
S4_SAFETY_RICH_NAVEEN12,2026-03-01 01:18:10,-3.0,2026-03-01 01:18:07,1.0,S4_SAFETY_RICH_NAVEEN12_L37,3.0,False,1,0,1,1,0.0,0.0,1.0,0.0018790596347944824,4.126524965688657,5.340893070418583,0.0004206434019105032,,,0,STALLED,reconstructed_shortest
S4_SAFETY_RICH_NAVEEN12,2026-03-01 01:18:10,-2.0,2026-03-01 01:18:08,1.0,S4_SAFETY_RICH_NAVEEN12_L37,3.0,False,1,0,1,1,0.0,0.0,1.0,0.002899820990644154,4.126249241903406,5.3393781590044815,0.0007041679279861102,1.0,0.0,0,STALLED,reconstructed_shortest
S4_SAFETY_RICH_NAVEEN12,2026-03-01 01:18:10,-1.0,2026-03-01 01:18:09,1.0,S4_SAFETY_RICH_NAVEEN12_L37,3.0,False,1,0,1,1,0.0,0.0,1.0,0.00492599094373685,4.123474802380149,5.336276495384458,0.0012846624042487376,1.0,0.0,0,STALLED,reconstructed_shortest
S4_SAFETY_RICH_NAVEEN12,2026-03-01 01:18:10,0.0,2026-03-01 01:18:10,1.0,S4_SAFETY_RICH_NAVEEN12_L37,3.0,False,1,0,1,1,0.0,0.0,1.0,0.005035905249898076,4.124946401456061,5.338574419711851,0.0008545924346008427,1.0,1.0,1,STALLED,reconstructed_shortest
S4_SAFETY_RICH_NAVEEN12,2026-03-01 01:18:10,1.0,2026-03-01 01:18:11,1.0,S4_SAFETY_RICH_NAVEEN12_L37,3.0,False,1,0,1,1,0.0,0.0,1.0,0.006254969465602202,4.129871747130278,5.342186481902309,0.00017857388251119044,1.0,1.0,0,STALLED,reconstructed_shortest
S4_SAFETY_RICH_NAVEEN12,2026-03-01 01:18:10,2.0,2026-03-01 01:18:12,1.0,S4_SAFETY_RICH_NAVEEN12_L37,3.0,False,1,0,1,1,0.0,0.0,1.0,0.0028442431577633555,4.1297486176786595,5.342194055692936,0.00017715640332527371,1.0,1.0,0,STALLED,reconstructed_shortest
S4_SAFETY_RICH_NAVEEN12,2026-03-01 01:18:10,3.0,2026-03-01 01:18:13,1.0,S4_SAFETY_RICH_NAVEEN12_L37,3.0,False,1,0,1,1,0.0,0.0,1.0,0.00074274392869773,4.130295262357987,5.343799699306243,0.0,1.0,1.0,0,STALLED,reconstructed_shortest
S4_SAFETY_RICH_NAVEEN12,2026-03-01 01:18:10,4.0,2026-03-01 01:18:14,1.0,S4_SAFETY_RICH_NAVEEN12_L37,3.0,False,1,0,1,1,0.0,0.0,1.0,0.0014085970278193193,4.1307277676684775,5.3442830754548165,0.0,1.0,1.0,0,STALLED,reconstructed_shortest
S4_SAFETY_RICH_NAVEEN12,2026-03-01 01:18:10,5.0,2026-03-01 01:18:15,1.0,S4_SAFETY_RICH_NAVEEN12_L37,3.0,False,1,0,1,1,0.0,0.0,1.0,0.0030231034504651436,4.125790162536279,5.338040775559654,0.0009544670569294755,1.0,1.0,0,STALLED,reconstructed_shortest
S4_SAFETY_RICH_NAVEEN12,2026-03-01 01:18:10,6.0,2026-03-01 01:18:16,1.0,S4_SAFETY_RICH_NAVEEN12_L37,3.0,False,1,0,1,1,0.0,0.0,1.0,0.0240393039238686,4.102549756157331,5.309835158224603,0.006233313208030777,1.0,1.0,0,PROGRESS,reconstructed_shortest
S4_SAFETY_RICH_NAVEEN12,2026-03-01 01:18:10,7.0,2026-03-01 01:18:17,1.0,S4_SAFETY_RICH_NAVEEN12_L37,3.0,False,1,0,1,1,0.0,0.0,1.0,0.0029500146170111253,4.123359926195286,5.335249070939444,0.0014769508946115284,1.0,1.0,0,STALLED,reconstructed_shortest
S4_SAFETY_RICH_NAVEEN12,2026-03-01 01:18:10,8.0,2026-03-01 01:18:18,1.0,S4_SAFETY_RICH_NAVEEN12_L37,3.0,False,1,0,1,1,0.0,0.0,1.0,0.005890642494669836,4.1288272916218,5.34221418126137,0.00017338978555536677,1.0,1.0,0,STALLED,reconstructed_shortest
S4_SAFETY_RICH_NAVEEN12,2026-03-01 01:18:10,9.0,2026-03-01 01:18:19,1.0,S4_SAFETY_RICH_NAVEEN12_L37,3.0,False,1,0,1,1,0.0,0.0,1.0,0.0033151530380581065,4.128008971651854,5.342039226697841,0.0002061335547602905,1.0,1.0,0,STALLED,reconstructed_shortest
S4_SAFETY_RICH_NAVEEN12,2026-03-01 01:18:10,10.0,2026-03-01 01:18:20,1.0,S4_SAFETY_RICH_NAVEEN12_L37,3.0,False,1,0,1,1,0.0,0.0,1.0,0.20363938564137238,3.9976072449647226,5.470787499033293,0.0,0.0,1.0,0,STALLED,reconstructed_shortest
S4_SAFETY_RICH_NAVEEN12,2026-03-01 01:18:51,-15.0,2026-03-01 01:18:36,1.0,S4_SAFETY_RICH_NAVEEN12_L37,3.0,False,1,0,1,1,0.0,0.0,1.0,0.03805857448512794,3.855494655300956,5.037157834805248,0.05726646813338232,0.0,0.0,0,STALLED,reconstructed_shortest
S4_SAFETY_RICH_NAVEEN12,2026-03-01 01:18:51,-14.0,2026-03-01 01:18:37,1.0,S4_SAFETY_RICH_NAVEEN12_L37,3.0,False,1,0,1,1,0.0,0.0,1.0,0.030093953187001015,3.919025711109217,5.106796728141845,0.044233142193729424,0.0,0.0,0,STALLED,reconstructed_shortest
S4_SAFETY_RICH_NAVEEN12,2026-03-01 01:18:51,-13.0,2026-03-01 01:18:38,1.0,S4_SAFETY_RICH_NAVEEN12_L37,3.0,False,1,0,1,1,0.0,0.0,1.0,0.009096013321246234,3.991009702262503,5.187207641324739,0.029183769775471546,1.0,0.0,0,STALLED,reconstructed_shortest
S4_SAFETY_RICH_NAVEEN12,2026-03-01 01:18:51,-12.0,2026-03-01 01:18:39,1.0,S4_SAFETY_RICH_NAVEEN12_L37,3.0,False,1,0,1,1,0.0,0.0,1.0,0.22941729432720523,4.059569539494427,5.264761783171623,0.014669058811084157,0.0,0.0,0,STALLED,reconstructed_shortest
S4_SAFETY_RICH_NAVEEN12,2026-03-01 01:18:51,-11.0,2026-03-01 01:18:40,1.0,S4_SAFETY_RICH_NAVEEN12_L37,3.0,False,1,0,1,1,0.0,0.0,1.0,0.31376350554161103,4.1227847448380075,5.33579617852943,0.00137455651120455,0.0,0.0,0,STALLED,reconstructed_shortest
S4_SAFETY_RICH_NAVEEN12,2026-03-01 01:18:51,-10.0,2026-03-01 01:18:41,1.0,S4_SAFETY_RICH_NAVEEN12_L37,3.0,False,1,0,1,1,0.0,0.0,1.0,0.5352613636200253,4.12818930553719,5.341838380386619,0.00024372311588782836,0.0,0.0,0,STALLED,reconstructed_shortest
S4_SAFETY_RICH_NAVEEN12,2026-03-01 01:18:51,-9.0,2026-03-01 01:18:42,1.0,S4_SAFETY_RICH_NAVEEN12_L37,3.0,False,1,0,1,1,0.0,0.0,1.0,0.4633049459331836,4.125955897138041,5.339497232371373,0.0006818826513672605,0.0,0.0,0,STALLED,reconstructed_shortest
S4_SAFETY_RICH_NAVEEN12,2026-03-01 01:18:51,-8.0,2026-03-01 01:18:43,1.0,S4_SAFETY_RICH_NAVEEN12_L37,3.0,False,1,0,1,1,0.0,0.0,1.0,0.11625361490925984,4.126986441281457,5.340664908400714,0.0004633452572022634,0.0,0.0,0,STALLED,reconstructed_shortest
S4_SAFETY_RICH_NAVEEN12,2026-03-01 01:18:51,-7.0,2026-03-01 01:18:44,1.0,S4_SAFETY_RICH_NAVEEN12_L37,3.0,False,1,0,1,1,0.0,0.0,1.0,0.13542417910889235,4.12612170084978,5.339698156103566,0.0006442786004525747,0.0,0.0,0,STALLED,reconstructed_shortest
S4_SAFETY_RICH_NAVEEN12,2026-03-01 01:18:51,-6.0,2026-03-01 01:18:45,1.0,S4_SAFETY_RICH_NAVEEN12_L37,3.0,False,1,0,1,1,0.0,0.0,1.0,0.2998228190101544,4.125880577620429,5.339428580943786,0.0006947311673199952,0.0,0.0,0,STALLED,reconstructed_shortest
S4_SAFETY_RICH_NAVEEN12,2026-03-01 01:18:51,-5.0,2026-03-01 01:18:46,1.0,S4_SAFETY_RICH_NAVEEN12_L37,3.0,False,1,0,1,1,0.0,0.0,1.0,0.2271714460327734,4.125858405507728,5.339403792423342,0.0006993704838145209,0.0,0.0,0,STALLED,reconstructed_shortest
S4_SAFETY_RICH_NAVEEN12,2026-03-01 01:18:51,-4.0,2026-03-01 01:18:47,1.0,S4_SAFETY_RICH_NAVEEN12_L37,3.0,False,1,0,1,1,0.0,0.0,1.0,0.14687821738357976,4.125660243284824,5.339182245021912,0.0007408343749759627,0.0,0.0,0,STALLED,reconstructed_shortest
S4_SAFETY_RICH_NAVEEN12,2026-03-01 01:18:51,-3.0,2026-03-01 01:18:48,1.0,S4_SAFETY_RICH_NAVEEN12_L37,3.0,False,1,0,1,1,0.0,0.0,1.0,0.07104766757147835,4.124768536311586,5.338185281715479,0.0009274218852027838,0.0,0.0,0,STALLED,reconstructed_shortest
S4_SAFETY_RICH_NAVEEN12,2026-03-01 01:18:51,-2.0,2026-03-01 01:18:49,1.0,S4_SAFETY_RICH_NAVEEN12_L37,3.0,False,1,0,1,1,0.0,0.0,1.0,0.0051376260685126835,4.127605916524548,5.341357437690504,0.0003337343526613745,1.0,0.0,0,STALLED,reconstructed_shortest
S4_SAFETY_RICH_NAVEEN12,2026-03-01 01:18:51,-1.0,2026-03-01 01:18:50,1.0,S4_SAFETY_RICH_NAVEEN12_L37,3.0,False,1,0,1,1,0.0,0.0,1.0,0.0014610757964672136,4.12962384091644,5.343613193050521,0.0,1.0,0.0,0,STALLED,reconstructed_shortest
S4_SAFETY_RICH_NAVEEN12,2026-03-01 01:18:51,0.0,2026-03-01 01:18:51,1.0,S4_SAFETY_RICH_NAVEEN12_L37,3.0,False,1,0,1,1,0.0,0.0,1.0,0.00510008610849239,4.130632875257917,5.344741070730529,0.0,1.0,1.0,1,STALLED,reconstructed_shortest
S4_SAFETY_RICH_NAVEEN12,2026-03-01 01:18:51,1.0,2026-03-01 01:18:52,1.0,S4_SAFETY_RICH_NAVEEN12_L37,3.0,False,1,0,1,1,0.0,0.0,1.0,0.0006083333333322116,4.127542859489621,5.341286945335498,0.00034692740894104457,1.0,1.0,0,STALLED,reconstructed_shortest
S4_SAFETY_RICH_NAVEEN12,2026-03-01 01:18:51,2.0,2026-03-01 01:18:53,1.0,S4_SAFETY_RICH_NAVEEN12_L37,3.0,False,1,0,1,1,0.0,0.0,1.0,0.06527775837680797,4.102041189043427,5.393371685317066,0.0,0.0,1.0,0,STALLED,reconstructed_shortest
S4_SAFETY_RICH_NAVEEN12,2026-03-01 01:18:51,3.0,2026-03-01 01:18:54,1.0,S4_SAFETY_RICH_NAVEEN12_L37,3.0,False,1,0,1,1,0.0,0.0,1.0,0.06627654754078281,4.099797222136516,5.3924699643697815,0.0,0.0,1.0,0,STALLED,reconstructed_shortest
S4_SAFETY_RICH_NAVEEN12,2026-03-01 01:18:51,4.0,2026-03-01 01:18:55,1.0,S4_SAFETY_RICH_NAVEEN12_L37,3.0,False,1,0,1,1,0.0,0.0,1.0,0.003773645272883137,4.12821884914317,5.3411285603270295,0.000376570089064443,1.0,1.0,0,STALLED,reconstructed_shortest
S4_SAFETY_RICH_NAVEEN12,2026-03-01 01:18:51,5.0,2026-03-01 01:18:56,1.0,S4_SAFETY_RICH_NAVEEN12_L37,3.0,False,1,0,1,1,0.0,0.0,1.0,0.006160864387406731,4.129648557073714,5.342229032105395,0.00017061036329013568,1.0,1.0,0,STALLED,reconstructed_shortest
S4_SAFETY_RICH_NAVEEN12,2026-03-01 01:18:51,6.0,2026-03-01 01:18:57,1.0,S4_SAFETY_RICH_NAVEEN12_L37,3.0,False,1,0,1,1,0.0,0.0,1.0,0.007407813191554023,4.130000022373818,5.342621775226111,9.710619259484243e-05,1.0,1.0,0,STALLED,reconstructed_shortest
S4_SAFETY_RICH_NAVEEN12,2026-03-01 01:18:51,7.0,2026-03-01 01:18:58,1.0,S4_SAFETY_RICH_NAVEEN12_L37,3.0,False,1,0,1,1,0.0,0.0,1.0,0.0057017908053863245,4.1326838334573965,5.3468644444299,0.0,1.0,1.0,0,PROGRESS,reconstructed_shortest
S4_SAFETY_RICH_NAVEEN12,2026-03-01 01:18:51,8.0,2026-03-01 01:18:59,1.0,S4_SAFETY_RICH_NAVEEN12_L37,3.0,False,1,0,1,1,0.0,0.0,1.0,0.0017553924853939715,4.131193459166546,5.345322981679408,0.0,1.0,1.0,0,PROGRESS,reconstructed_shortest
S4_SAFETY_RICH_NAVEEN12,2026-03-01 01:18:51,9.0,2026-03-01 01:19:00,1.0,S4_SAFETY_RICH_NAVEEN12_L37,3.0,False,1,0,1,1,0.00011602472727272727,1.1602472727272727e-05,1.0,0.0027123499859471496,4.128006717979477,5.341574202944429,0.0002931654683577811,1.0,1.0,0,STALLED,reconstructed_shortest
S4_SAFETY_RICH_NAVEEN12,2026-03-01 01:18:51,10.0,2026-03-01 01:19:01,1.0,S4_SAFETY_RICH_NAVEEN12_L37,3.0,False,1,0,1,1,0.000425424,5.414487272727272e-05,1.0,0.00435245545983619,4.127442974359685,5.339061162248533,0.0007634957237643292,1.0,1.0,0,STALLED,reconstructed_shortest
S4_SAFETY_RICH_NAVEEN12,2026-03-01 01:19:51,-15.0,2026-03-01 01:19:36,1.0,S4_SAFETY_RICH_NAVEEN12_L37,3.0,False,1,0,1,1,0.0,0.1675470515378788,0.3,1.4331254241762965,0.01762275974414839,0.01762275974414839,0.9967017975057197,0.0,0.0,0,PROGRESS,reconstructed_shortest
S4_SAFETY_RICH_NAVEEN12,2026-03-01 01:19:51,-14.0,2026-03-01 01:19:37,1.0,S4_SAFETY_RICH_NAVEEN12_L37,3.0,False,1,0,1,1,0.0,0.14283417053787878,0.4,1.2077771770768302,0.01762275974414839,0.01762275974414839,0.9967017975057197,0.0,0.0,0,PROGRESS,reconstructed_shortest
S4_SAFETY_RICH_NAVEEN12,2026-03-01 01:19:51,-13.0,2026-03-01 01:19:38,1.0,S4_SAFETY_RICH_NAVEEN12_L37,3.0,False,1,0,1,1,0.0,0.11448159235606062,0.5,0.9233003190991337,0.01762275974414839,0.01762275974414839,0.9967017975057197,0.0,0.0,0,PROGRESS,reconstructed_shortest
S4_SAFETY_RICH_NAVEEN12,2026-03-01 01:19:51,-12.0,2026-03-01 01:19:39,1.0,S4_SAFETY_RICH_NAVEEN12_L37,3.0,False,1,0,1,1,0.0,0.08468257599242424,0.6,0.6388127237528494,0.01825199821328512,0.01825199821328512,0.9965840318482101,0.0,0.0,0,STALLED,reconstructed_shortest
S4_SAFETY_RICH_NAVEEN12,2026-03-01 01:19:51,-11.0,2026-03-01 01:19:40,1.0,S4_SAFETY_RICH_NAVEEN12_L38,1.0,False,1,0,1,1,0.0,,,,4.147932935427172,5.387323575687926,0.0,,,0,PROGRESS,reconstructed_shortest
S4_SAFETY_RICH_NAVEEN12,2026-03-01 01:19:51,-10.0,2026-03-01 01:19:41,1.0,S4_SAFETY_RICH_NAVEEN12_L38,1.0,False,1,0,1,1,0.0003093992727272727,,,,4.1477247716800605,5.384890451807616,0.0004516387118996823,,,0,PROGRESS,reconstructed_shortest
S4_SAFETY_RICH_NAVEEN12,2026-03-01 01:19:51,-9.0,2026-03-01 01:19:42,1.0,S4_SAFETY_RICH_NAVEEN12_L38,1.0,False,1,0,1,1,0.000425424,,,,4.153063659554129,5.358357541775833,0.005376702086878904,,,0,PROGRESS,reconstructed_shortest
S4_SAFETY_RICH_NAVEEN12,2026-03-01 01:19:51,-8.0,2026-03-01 01:19:43,1.0,S4_SAFETY_RICH_NAVEEN12_L38,1.0,False,1,0,1,1,0.000425424,0.0002900618181818182,1.0,,4.150292375328304,5.367595548421531,0.003661934723101501,,,0,PROGRESS,reconstructed_shortest
S4_SAFETY_RICH_NAVEEN12,2026-03-01 01:19:51,-7.0,2026-03-01 01:19:44,1.0,S4_SAFETY_RICH_NAVEEN12_L38,1.0,False,1,0,1,1,0.000425424,0.00031713425454545454,1.0,,4.148904861056027,5.3676853363098305,0.003645268211978192,,,0,PROGRESS,reconstructed_shortest
S4_SAFETY_RICH_NAVEEN12,2026-03-01 01:19:51,-6.0,2026-03-01 01:19:45,1.0,S4_SAFETY_RICH_NAVEEN12_L38,1.0,False,1,0,1,1,0.000425424,0.00033518254545454547,1.0,,4.1518173008011825,5.3733603432290185,0.002591868162870603,,,0,STALLED,reconstructed_shortest
S4_SAFETY_RICH_NAVEEN12,2026-03-01 01:19:51,-5.0,2026-03-01 01:19:46,1.0,S4_SAFETY_RICH_NAVEEN12_L38,1.0,False,1,0,1,1,0.000425424,0.0003480741818181818,1.0,0.017841388626084972,4.152233576620291,5.369873999591775,0.0032390065031360216,,,0,STALLED,reconstructed_shortest
S4_SAFETY_RICH_NAVEEN12,2026-03-01 01:19:51,-4.0,2026-03-01 01:19:47,1.0,S4_SAFETY_RICH_NAVEEN12_L38,1.0,False,1,0,1,1,0.000425424,0.0003577429090909091,1.0,0.01650181963545982,4.156407982764969,5.371421789764423,0.0029517042553866,,,0,STALLED,reconstructed_shortest
S4_SAFETY_RICH_NAVEEN12,2026-03-01 01:19:51,-3.0,2026-03-01 01:19:48,1.0,S4_SAFETY_RICH_NAVEEN12_L38,1.0,False,1,0,1,1,0.00042542181818181813,0.00036526278787878786,1.0,0.026854438126827463,4.174731736419533,5.392810697672639,0.0,,,0,STALLED,reconstructed_shortest
S4_SAFETY_RICH_NAVEEN12,2026-03-01 01:19:51,-2.0,2026-03-01 01:19:49,1.0,S4_SAFETY_RICH_NAVEEN12_L38,1.0,False,1,0,1,1,0.000425424,0.00037127890909090906,1.0,0.014116883889294208,4.161390650764805,5.390522543024189,0.0,1.0,0.0,0,STALLED,reconstructed_shortest
S4_SAFETY_RICH_NAVEEN12,2026-03-01 01:19:51,-1.0,2026-03-01 01:19:50,1.0,S4_SAFETY_RICH_NAVEEN12_L38,1.0,False,1,0,1,1,0.00042542316666666666,0.0004138212257575757,1.0,0.0172360568169496,4.154314642957636,5.3986777299702045,0.0,1.0,0.0,0,STALLED,reconstructed_shortest
S4_SAFETY_RICH_NAVEEN12,2026-03-01 01:19:51,0.0,2026-03-01 01:19:51,1.0,S4_SAFETY_RICH_NAVEEN12_L38,1.0,False,1,0,1,1,0.030359803636363637,0.003418861662121212,0.9,0.02024239087277815,4.145363128661065,5.380477422854922,0.0012707892401154774,1.0,1.0,1,STALLED,reconstructed_shortest
S4_SAFETY_RICH_NAVEEN12,2026-03-01 01:19:51,1.0,2026-03-01 01:19:52,1.0,S4_SAFETY_RICH_NAVEEN12_L38,1.0,False,1,0,1,1,0.24570170000000002,0.027946489262121215,0.8,0.10202835740251993,4.104262778613244,5.269977134950386,0.021781955193318048,0.0,1.0,0,RECOVERING,reconstructed_shortest
S4_SAFETY_RICH_NAVEEN12,2026-03-01 01:19:51,2.0,2026-03-01 01:19:53,1.0,S4_SAFETY_RICH_NAVEEN12_L38,1.0,False,1,0,1,1,0.2978741,0.057691356862121214,0.7,0.4088029547226774,3.992263559817414,4.959939640920302,0.07933140246046011,0.0,1.0,0,RECOVERING,reconstructed_shortest
S4_SAFETY_RICH_NAVEEN12,2026-03-01 01:19:51,3.0,2026-03-01 01:19:54,1.0,S4_SAFETY_RICH_NAVEEN12_L38,1.0,False,1,0,1,1,0.29826086363636367,0.08747490082575757,0.6,0.6750609483675901,3.919308836816945,4.695234385207579,0.12846623759590525,0.0,1.0,0,RECOVERING,reconstructed_shortest
S4_SAFETY_RICH_NAVEEN12,2026-03-01 01:19:51,4.0,2026-03-01 01:19:55,1.0,S4_SAFETY_RICH_NAVEEN12_L38,1.0,False,1,0,1,1,0.2991439833333333,0.1173467567590909,0.5,0.9676715849471117,3.848238853924681,4.399024925906639,0.18344891222820003,0.0,1.0,0,RECOVERING,reconstructed_shortest
S4_SAFETY_RICH_NAVEEN12,2026-03-01 01:19:51,5.0,2026-03-01 01:19:56,1.0,S4_SAFETY_RICH_NAVEEN12_L38,1.0,False,1,0,1,1,0.2986122,0.1471654343590909,0.4,1.2436559421288806,3.802275038049164,4.127674753577819,0.23381718295048914,0.0,1.0,0,RECOVERING,reconstructed_shortest
S4_SAFETY_RICH_NAVEEN12,2026-03-01 01:19:51,6.0,2026-03-01 01:19:57,1.0,S4_SAFETY_RICH_NAVEEN12_L38,1.0,False,1,0,1,1,0.20381673636363634,0.16750456559545454,0.3,1.537377866895882,3.776601619138061,3.863877041130444,0.2827835590630823,0.0,1.0,0,PROGRESS,reconstructed_shortest
S4_SAFETY_RICH_NAVEEN12,2026-03-01 01:19:51,7.0,2026-03-01 01:19:58,1.0,S4_SAFETY_RICH_NAVEEN12_L38,1.0,False,1,0,1,1,0.10244983818181819,0.17770700723181818,0.2,1.6792926802695263,3.7281469095011586,3.8115612994601076,0.2924944555658333,0.0,1.0,0,PROGRESS,reconstructed_shortest
S4_SAFETY_RICH_NAVEEN12,2026-03-01 01:19:51,8.0,2026-03-01 01:19:59,1.0,S4_SAFETY_RICH_NAVEEN12_L38,1.0,False,1,0,1,1,0.10795134,0.1884595988318182,0.1,1.7347702328903698,3.6589876833747095,3.664324753266357,0.3198246398633209,0.0,1.0,0,PROGRESS,reconstructed_shortest
S4_SAFETY_RICH_NAVEEN12,2026-03-01 01:19:51,9.0,2026-03-01 01:20:00,1.0,S4_SAFETY_RICH_NAVEEN12_L38,1.0,False,1,0,1,1,0.2124412363636364,0.20966118015151514,0.0,1.7341845530095792,3.506034196260722,3.5372487086837685,0.3434126131486199,0.0,1.0,0,PROGRESS,reconstructed_shortest
S4_SAFETY_RICH_NAVEEN12,2026-03-01 01:19:51,10.0,2026-03-01 01:20:01,1.0,S4_SAFETY_RICH_NAVEEN12_L38,1.0,False,1,0,1,1,0.2835451,0.23497970978787883,0.0,1.684949614036934,3.2615895339180847,3.29230909240755,0.3888785319550546,0.0,0.0,0,PROGRESS,reconstructed_shortest
S4_SAFETY_RICH_NAVEEN12,2026-03-01 01:20:25,-15.0,2026-03-01 01:20:10,1.0,S4_SAFETY_RICH_NAVEEN12_L38,1.0,False,1,0,1,1,0.2993438090909091,0.2960638393181818,0.0,2.532714542272932,0.7290083805571865,0.7290083805571865,0.864680788091683,0.0,0.0,0,PROGRESS,reconstructed_shortest
S4_SAFETY_RICH_NAVEEN12,2026-03-01 01:20:25,-14.0,2026-03-01 01:20:11,1.0,S4_SAFETY_RICH_NAVEEN12_L38,1.0,False,1,0,1,1,0.2994276,0.2976520893181818,0.0,2.5166461868870127,0.4550793273021784,0.4550793273021784,0.9155277530839481,0.0,0.0,0,PROGRESS,reconstructed_shortest
S4_SAFETY_RICH_NAVEEN12,2026-03-01 01:20:25,-13.0,2026-03-01 01:20:12,1.0,S4_SAFETY_RICH_NAVEEN12_L38,1.0,False,1,0,1,1,0.16061692,0.28413134404545454,0.0,2.5272010722084945,0.1972392441906346,0.1972392441906346,0.9633882685122643,0.0,0.0,0,PROGRESS,reconstructed_shortest
S4_SAFETY_RICH_NAVEEN12,2026-03-01 01:20:25,-12.0,2026-03-01 01:20:13,1.0,S4_SAFETY_RICH_NAVEEN12_L38,1.0,False,1,0,1,1,0.09958788545454546,0.2646295209242424,0.0,2.327122417187854,0.08330348416135766,0.08330348416135766,0.9845371299883875,0.0,0.0,0,PROGRESS,reconstructed_shortest
S4_SAFETY_RICH_NAVEEN12,2026-03-01 01:20:25,-11.0,2026-03-01 01:20:14,1.0,S4_SAFETY_RICH_NAVEEN12_L38,1.0,False,1,0,1,1,0.03942262,0.23905896201515148,0.0,2.1549365763692023,0.012086735071740408,0.012086735071740408,0.9977564490229832,0.0,0.0,0,PROGRESS,reconstructed_shortest
S4_SAFETY_RICH_NAVEEN12,2026-03-01 01:20:25,-10.0,2026-03-01 01:20:15,1.0,S4_SAFETY_RICH_NAVEEN12_L38,1.0,False,1,0,1,1,0.0,0.20933600534848482,0.1,1.8444385877951979,0.011732057912030866,0.011732057912030866,0.9978222845264064,0.0,0.0,0,PROGRESS,reconstructed_shortest
S4_SAFETY_RICH_NAVEEN12,2026-03-01 01:20:25,-9.0,2026-03-01 01:20:16,1.0,S4_SAFETY_RICH_NAVEEN12_L38,1.0,False,1,0,1,1,0.0,0.17950991625757576,0.2,1.5896399956334,0.006935569551233238,0.006935569551233238,0.998712613145694,0.0,0.0,0,PROGRESS,reconstructed_shortest
S4_SAFETY_RICH_NAVEEN12,2026-03-01 01:20:25,-8.0,2026-03-01 01:20:17,1.0,S4_SAFETY_RICH_NAVEEN12_L38,1.0,False,1,0,1,1,0.0,0.1496274270909091,0.3,1.300074632011676,0.007627146561423306,0.007627146561423305,0.9985842419794788,0.0,0.0,0,PROGRESS,reconstructed_shortest
S4_SAFETY_RICH_NAVEEN12,2026-03-01 01:20:25,-7.0,2026-03-01 01:20:18,1.0,S4_SAFETY_RICH_NAVEEN12_L38,1.0,False,1,0,1,1,0.0,0.11976652981818181,0.4,1.0185189358007545,0.008807883923786284,0.008807883923786284,0.9983650724148936,0.0,0.0,0,PROGRESS,reconstructed_shortest
S4_SAFETY_RICH_NAVEEN12,2026-03-01 01:20:25,-6.0,2026-03-01 01:20:19,1.0,S4_SAFETY_RICH_NAVEEN12_L38,1.0,False,1,0,1,1,0.0,0.08983988345454545,0.5,0.7318211591914641,0.009006421320368798,0.009006421320368798,0.9983282197191545,0.0,0.0,0,PROGRESS,reconstructed_shortest
S4_SAFETY_RICH_NAVEEN12,2026-03-01 01:20:25,-5.0,2026-03-01 01:20:20,1.0,S4_SAFETY_RICH_NAVEEN12_L38,1.0,False,1,0,1,1,0.0,0.05990550254545455,0.6,0.46113210178986364,0.010550266584309888,0.010550266584309888,0.9980416497290192,0.0,0.0,0,STALLED,reconstructed_shortest
S4_SAFETY_RICH_NAVEEN12,2026-03-01 01:20:25,-4.0,2026-03-01 01:20:21,1.0,S4_SAFETY_RICH_NAVEEN12_L38,1.0,False,1,0,1,1,0.0,0.029962742545454547,0.7,0.20482580375442266,0.011610066565751054,0.011610066565751054,0.9978449286732757,0.0,0.0,0,STALLED,reconstructed_shortest
S4_SAFETY_RICH_NAVEEN12,2026-03-01 01:20:25,-3.0,2026-03-01 01:20:22,1.0,S4_SAFETY_RICH_NAVEEN12_L38,1.0,False,1,0,1,1,0.0,0.013901050545454546,0.8,0.08750865135318855,0.009725708343240394,0.009725708343240394,0.9981947049946784,0.0,0.0,0,STALLED,reconstructed_shortest
S4_SAFETY_RICH_NAVEEN12,2026-03-01 01:20:25,-2.0,2026-03-01 01:20:23,1.0,S4_SAFETY_RICH_NAVEEN12_L38,1.0,False,1,0,1,1,0.0,0.003942262,0.9,0.01266417926288567,0.010411531720579379,0.010411531720579379,0.9980674018231307,1.0,0.0,0,STALLED,reconstructed_shortest
S4_SAFETY_RICH_NAVEEN12,2026-03-01 01:20:25,-1.0,2026-03-01 01:20:24,1.0,S4_SAFETY_RICH_NAVEEN12_L38,1.0,False,1,0,1,1,0.0,0.0,1.0,0.0034415064931151568,0.009244680903092044,0.009244680903092044,0.9982839937543734,1.0,0.0,0,STALLED,reconstructed_shortest
S4_SAFETY_RICH_NAVEEN12,2026-03-01 01:20:25,0.0,2026-03-01 01:20:25,1.0,S4_SAFETY_RICH_NAVEEN12_L38,1.0,False,1,0,1,1,0.0,0.0,1.0,0.0030659015095262105,0.00970285172573305,0.00970285172573305,0.9981989476612245,1.0,1.0,1,STALLED,reconstructed_shortest
S4_SAFETY_RICH_NAVEEN12,2026-03-01 01:20:25,1.0,2026-03-01 01:20:26,1.0,S4_SAFETY_RICH_NAVEEN12_L38,1.0,False,1,0,1,1,0.0,0.0,1.0,0.0027181818181816197,0.009588437046777457,0.009588437046777457,0.9982201854200761,1.0,1.0,0,STALLED,reconstructed_shortest
S4_SAFETY_RICH_NAVEEN12,2026-03-01 01:20:25,2.0,2026-03-01 01:20:27,1.0,S4_SAFETY_RICH_NAVEEN12_L38,1.0,False,1,0,1,1,0.0,0.0,1.0,0.002327911844063441,0.009682012428698471,0.009682012428698471,0.9982028158708729,1.0,1.0,0,STALLED,reconstructed_shortest
S4_SAFETY_RICH_NAVEEN12,2026-03-01 01:20:25,3.0,2026-03-01 01:20:28,1.0,S4_SAFETY_RICH_NAVEEN12_L38,1.0,False,1,0,1,1,0.0,0.0,1.0,0.003480349203530326,0.008437061160917044,0.008437061160917044,0.9984339048801538,1.0,1.0,0,STALLED,reconstructed_shortest
S4_SAFETY_RICH_NAVEEN12,2026-03-01 01:20:25,4.0,2026-03-01 01:20:29,1.0,S4_SAFETY_RICH_NAVEEN12_L38,1.0,False,1,0,1,1,0.0,0.0,1.0,0.0033143626838349014,0.008677074679868566,0.008677074679868566,0.9983893533481029,1.0,1.0,0,STALLED,reconstructed_shortest
S4_SAFETY_RICH_NAVEEN12,2026-03-01 01:20:25,5.0,2026-03-01 01:20:30,1.0,S4_SAFETY_RICH_NAVEEN12_L38,1.0,False,1,0,1,1,0.0,0.0,1.0,0.004136551222297771,0.010371800041995928,0.010371800041995928,0.9980747768541689,1.0,1.0,0,STALLED,reconstructed_shortest
S4_SAFETY_RICH_NAVEEN12,2026-03-01 01:20:25,6.0,2026-03-01 01:20:31,1.0,S4_SAFETY_RICH_NAVEEN12_L38,1.0,False,1,0,1,1,0.0,0.0,1.0,0.0049845107304758735,0.009426300381852527,0.009426300381852527,0.9982502813782355,1.0,1.0,0,STALLED,reconstructed_shortest
S4_SAFETY_RICH_NAVEEN12,2026-03-01 01:20:25,7.0,2026-03-01 01:20:32,1.0,S4_SAFETY_RICH_NAVEEN12_L38,1.0,False,1,0,1,1,0.0,0.0,1.0,0.0024511650169468393,0.010836206029378412,0.010836206029378412,0.9979885733839563,1.0,1.0,0,STALLED,reconstructed_shortest
S4_SAFETY_RICH_NAVEEN12,2026-03-01 01:20:25,8.0,2026-03-01 01:20:33,1.0,S4_SAFETY_RICH_NAVEEN12_L38,1.0,False,1,0,1,1,0.0,0.0,1.0,0.004732071428033874,0.010917537497074756,0.010917537497074756,0.9979734765614704,1.0,1.0,0,STALLED,reconstructed_shortest
S4_SAFETY_RICH_NAVEEN12,2026-03-01 01:20:25,9.0,2026-03-01 01:20:34,1.0,S4_SAFETY_RICH_NAVEEN12_L38,1.0,False,1,0,1,1,0.0,0.0,1.0,0.0009528122793450277,0.010266764208554442,0.010266764208554444,0.9980942737030153,1.0,1.0,0,STALLED,reconstructed_shortest
S4_SAFETY_RICH_NAVEEN12,2026-03-01 01:20:25,10.0,2026-03-01 01:20:35,1.0,S4_SAFETY_RICH_NAVEEN12_L39,3.0,False,1,0,1,1,0.0,,,,4.165734812626099,5.379009281771102,0.0,,,0,PROGRESS,reconstructed_shortest
S4_SAFETY_RICH_NAVEEN12,2026-03-01 01:21:27,-15.0,2026-03-01 01:21:12,1.0,S4_SAFETY_RICH_NAVEEN12_L39,3.0,False,1,0,1,1,0.0,0.15191052493939391,0.3,1.357400927592827,0.019256957184351498,0.019256957184351498,0.9964199806738369,0.0,0.0,0,PROGRESS,reconstructed_shortest
S4_SAFETY_RICH_NAVEEN12,2026-03-01 01:21:27,-14.0,2026-03-01 01:21:13,1.0,S4_SAFETY_RICH_NAVEEN12_L39,3.0,False,1,0,1,1,0.0,0.12683178327272726,0.4,1.0835989782559634,0.019256957184351498,0.019256957184351498,0.9964199806738369,0.0,0.0,0,PROGRESS,reconstructed_shortest
S4_SAFETY_RICH_NAVEEN12,2026-03-01 01:21:27,-13.0,2026-03-01 01:21:14,1.0,S4_SAFETY_RICH_NAVEEN12_L39,3.0,False,1,0,1,1,0.0,0.09717263827272728,0.5,0.8009992049065968,0.019256957184351498,0.019256957184351498,0.9964199806738369,0.0,0.0,0,PROGRESS,reconstructed_shortest
S4_SAFETY_RICH_NAVEEN12,2026-03-01 01:21:27,-12.0,2026-03-01 01:21:15,1.0,S4_SAFETY_RICH_NAVEEN12_L39,3.0,False,1,0,1,1,0.0,0.06743550327272727,0.6,0.5183086751181945,0.019256957184351498,0.019256957184351498,0.9964199806738369,0.0,0.0,0,STALLED,reconstructed_shortest
S4_SAFETY_RICH_NAVEEN12,2026-03-01 01:21:27,-11.0,2026-03-01 01:21:16,1.0,S4_SAFETY_RICH_NAVEEN12_L40,13.0,False,1,0,1,1,0.0,,,,2.655457573193008,2.6596292254655554,0.0,,,0,PROGRESS,reconstructed_shortest
S4_SAFETY_RICH_NAVEEN12,2026-03-01 01:21:27,-10.0,2026-03-01 01:21:17,1.0,S4_SAFETY_RICH_NAVEEN12_L40,13.0,False,1,0,1,1,0.0003093992727272727,,,,2.652274990569722,2.6575538243888506,0.0007803347387046466,,,0,PROGRESS,reconstructed_shortest
S4_SAFETY_RICH_NAVEEN12,2026-03-01 01:21:27,-9.0,2026-03-01 01:21:18,1.0,S4_SAFETY_RICH_NAVEEN12_L40,13.0,False,1,0,1,1,0.000425424,,,,2.6297837144326204,2.632854257062884,0.010067180848482571,,,0,PROGRESS,reconstructed_shortest
S4_SAFETY_RICH_NAVEEN12,2026-03-01 01:21:27,-8.0,2026-03-01 01:21:19,1.0,S4_SAFETY_RICH_NAVEEN12_L40,13.0,False,1,0,1,1,0.000425424,0.0002900618181818182,1.0,,2.6370789952291376,2.64031016681367,0.007263816500025055,,,0,PROGRESS,reconstructed_shortest
S4_SAFETY_RICH_NAVEEN12,2026-03-01 01:21:27,-7.0,2026-03-01 01:21:20,1.0,S4_SAFETY_RICH_NAVEEN12_L40,13.0,False,1,0,1,1,0.000425424,0.00031713425454545454,1.0,,2.63846769800299,2.6428126062359842,0.006322918649169007,,,0,PROGRESS,reconstructed_shortest
S4_SAFETY_RICH_NAVEEN12,2026-03-01 01:21:27,-6.0,2026-03-01 01:21:21,1.0,S4_SAFETY_RICH_NAVEEN12_L40,13.0,False,1,0,1,1,0.000425424,0.00033518254545454547,1.0,,2.642019725263269,2.645115548911666,0.00545703003069864,,,0,STALLED,reconstructed_shortest
S4_SAFETY_RICH_NAVEEN12,2026-03-01 01:21:27,-5.0,2026-03-01 01:21:22,1.0,S4_SAFETY_RICH_NAVEEN12_L40,13.0,False,1,0,1,1,0.000425424,0.0003480741818181818,1.0,0.016934410548588096,2.6413158630821467,2.6434043312422753,0.006100434627477114,,,0,STALLED,reconstructed_shortest
S4_SAFETY_RICH_NAVEEN12,2026-03-01 01:21:27,-4.0,2026-03-01 01:21:23,1.0,S4_SAFETY_RICH_NAVEEN12_L40,13.0,False,1,0,1,1,0.000425424,0.0003577429090909091,1.0,0.016888716538827453,2.644327893837892,2.6444656242795306,0.005701396661171976,,,0,STALLED,reconstructed_shortest
S4_SAFETY_RICH_NAVEEN12,2026-03-01 01:21:27,-3.0,2026-03-01 01:21:24,1.0,S4_SAFETY_RICH_NAVEEN12_L40,13.0,False,1,0,1,1,0.000425424,0.00036526303030303027,1.0,0.01985071486128818,2.6633221937675358,2.664230681156675,0.0,,,0,STALLED,reconstructed_shortest
S4_SAFETY_RICH_NAVEEN12,2026-03-01 01:21:27,-2.0,2026-03-01 01:21:25,1.0,S4_SAFETY_RICH_NAVEEN12_L40,13.0,False,1,0,1,1,0.000425424,0.00037127912727272726,1.0,0.02168001081641732,2.666255441571195,2.667207647015342,0.0,1.0,0.0,0,STALLED,reconstructed_shortest
S4_SAFETY_RICH_NAVEEN12,2026-03-01 01:21:27,-1.0,2026-03-01 01:21:26,1.0,S4_SAFETY_RICH_NAVEEN12_L40,13.0,False,1,0,1,1,0.0004254226666666667,0.00041382139393939394,1.0,0.009314061069679053,2.6438635606725454,2.6495789158240495,0.0037788386235478866,1.0,0.0,0,STALLED,reconstructed_shortest
S4_SAFETY_RICH_NAVEEN12,2026-03-01 01:21:27,0.0,2026-03-01 01:21:27,1.0,S4_SAFETY_RICH_NAVEEN12_L40,13.0,False,1,0,1,1,0.01898938072727273,0.0022818195393939393,1.0,0.01646940399592334,2.639910574474718,2.6498429786308395,0.003679553052363116,1.0,1.0,1,STALLED,reconstructed_shortest
S4_SAFETY_RICH_NAVEEN12,2026-03-01 01:21:27,1.0,2026-03-01 01:21:28,1.0,S4_SAFETY_RICH_NAVEEN12_L40,13.0,False,1,0,1,1,0.25428755454545454,0.027668032593939396,0.9,0.11508986366971037,2.5220374305122353,2.528385405366719,0.049346660369872675,0.0,1.0,0,RECOVERING,reconstructed_shortest
S4_SAFETY_RICH_NAVEEN12,2026-03-01 01:21:27,2.0,2026-03-01 01:21:29,1.0,S4_SAFETY_RICH_NAVEEN12_L40,13.0,False,1,0,1,1,0.2984155636363636,0.05746704655757575,0.8,0.3560063802848373,2.2824772609437587,2.283115624279001,0.14156619937151105,0.0,1.0,0,RECOVERING,reconstructed_shortest
S4_SAFETY_RICH_NAVEEN12,2026-03-01 01:21:27,3.0,2026-03-01 01:21:30,1.0,S4_SAFETY_RICH_NAVEEN12_L40,13.0,False,1,0,1,1,0.2984929090909091,0.08727379506666666,0.7,0.6595306797420114,1.9825053933142187,1.9834967258542529,0.2542205857633967,0.0,1.0,0,RECOVERING,reconstructed_shortest
S4_SAFETY_RICH_NAVEEN12,2026-03-01 01:21:27,4.0,2026-03-01 01:21:31,1.0,S4_SAFETY_RICH_NAVEEN12_L40,13.0,False,1,0,1,1,0.29886033333333334,0.117117286,0.6,0.939767517113601,1.7015517917673788,1.7015630647224071,0.3602254598384642,0.0,1.0,0,RECOVERING,reconstructed_shortest
S4_SAFETY_RICH_NAVEEN12,2026-03-01 01:21:27,5.0,2026-03-01 01:21:32,1.0,S4_SAFETY_RICH_NAVEEN12_L40,13.0,False,1,0,1,1,0.29903437272727273,0.1469781808727273,0.5,1.2429331309860978,1.4013963995175642,1.4014091160761786,0.47308102097168503,0.0,1.0,0,RECOVERING,reconstructed_shortest
S4_SAFETY_RICH_NAVEEN12,2026-03-01 01:21:27,6.0,2026-03-01 01:21:33,1.0,S4_SAFETY_RICH_NAVEEN12_L40,13.0,False,1,0,1,1,0.29818355454545453,0.17675399392727273,0.4,1.5134843030303775,1.1498445489059643,1.150656785279598,0.5673619562222321,0.0,1.0,0,PROGRESS,reconstructed_shortest
S4_SAFETY_RICH_NAVEEN12,2026-03-01 01:21:27,7.0,2026-03-01 01:21:34,1.0,S4_SAFETY_RICH_NAVEEN12_L40,13.0,False,1,0,1,1,0.29887969090909094,0.20659942061818182,0.3,1.835290278378956,0.8309849745675459,0.8310185422931453,0.6875434611951674,0.0,1.0,0,PROGRESS,reconstructed_shortest
S4_SAFETY_RICH_NAVEEN12,2026-03-01 01:21:27,8.0,2026-03-01 01:21:35,1.0,S4_SAFETY_RICH_NAVEEN12_L40,13.0,False,1,0,1,1,0.2991117272727273,0.23646805094545456,0.2,2.0940731405331476,0.5500389860540241,0.5608727896739787,0.7891161729222611,0.0,1.0,0,PROGRESS,reconstructed_shortest
S4_SAFETY_RICH_NAVEEN12,2026-03-01 01:21:27,9.0,2026-03-01 01:21:36,1.0,S4_SAFETY_RICH_NAVEEN12_L40,13.0,False,1,0,1,1,0.28936565454545454,0.26536207413333335,0.1,2.3510967579150184,0.2892868391508977,0.28928683915089765,0.8912303879123379,0.0,1.0,0,PROGRESS,reconstructed_shortest
S4_SAFETY_RICH_NAVEEN12,2026-03-01 01:21:27,10.0,2026-03-01 01:21:37,1.0,S4_SAFETY_RICH_NAVEEN12_L40,13.0,False,1,0,1,1,0.10140560454545455,0.2736036965151515,0.0,2.4030692730522096,0.11971454278045071,0.11971454278045071,0.9549882586511678,0.0,0.0,0,PROGRESS,reconstructed_shortest
S4_SAFETY_RICH_NAVEEN12,2026-03-01 01:22:27,-15.0,2026-03-01 01:22:12,1.0,S4_SAFETY_RICH_NAVEEN12_L42,4.0,False,1,0,1,1,0.0,0.19524639903030303,0.2,1.8059478790356849,0.009355071822367082,0.009355071822367082,0.9951622754003495,0.0,0.0,0,PROGRESS,reconstructed_shortest
S4_SAFETY_RICH_NAVEEN12,2026-03-01 01:22:27,-14.0,2026-03-01 01:22:13,1.0,S4_SAFETY_RICH_NAVEEN12_L42,4.0,False,1,0,1,1,0.0,0.17165664086363636,0.3,1.5259021358143676,0.00800145318671329,0.00800145318671329,0.9958622629896047,0.0,0.0,0,PROGRESS,reconstructed_shortest
S4_SAFETY_RICH_NAVEEN12,2026-03-01 01:22:27,-13.0,2026-03-01 01:22:14,1.0,S4_SAFETY_RICH_NAVEEN12_L42,4.0,False,1,0,1,1,0.0,0.14181121722727272,0.4,1.2424460820892458,0.007333800174534051,0.007333800174534052,0.9962075218462313,0.0,0.0,0,PROGRESS,reconstructed_shortest
S4_SAFETY_RICH_NAVEEN12,2026-03-01 01:22:27,-12.0,2026-03-01 01:22:15,1.0,S4_SAFETY_RICH_NAVEEN12_L42,4.0,False,1,0,1,1,0.0,0.11200446631818181,0.5,0.9540742059703744,0.007444543525682143,0.007444543525682143,0.9961502538910226,0.0,0.0,0,PROGRESS,reconstructed_shortest
S4_SAFETY_RICH_NAVEEN12,2026-03-01 01:22:27,-11.0,2026-03-01 01:22:16,1.0,S4_SAFETY_RICH_NAVEEN12_L43,16.0,False,1,0,1,1,0.0,,,,1.9385540930270533,1.9386620181758325,0.0,,,0,PROGRESS,reconstructed_shortest
S4_SAFETY_RICH_NAVEEN12,2026-03-01 01:22:27,-10.0,2026-03-01 01:22:17,1.0,S4_SAFETY_RICH_NAVEEN12_L43,16.0,False,1,0,1,1,0.00042542218181818183,,,,1.9399117325205593,1.9399540209350334,0.0,,,0,PROGRESS,reconstructed_shortest
S4_SAFETY_RICH_NAVEEN12,2026-03-01 01:22:27,-9.0,2026-03-01 01:22:18,1.0,S4_SAFETY_RICH_NAVEEN12_L43,16.0,False,1,0,1,1,0.00042542363636363634,,,,1.9405163003030643,1.9525589480043966,0.0,,,0,PROGRESS,reconstructed_shortest
S4_SAFETY_RICH_NAVEEN12,2026-03-01 01:22:27,-8.0,2026-03-01 01:22:19,1.0,S4_SAFETY_RICH_NAVEEN12_L43,16.0,False,1,0,1,1,0.000425424,0.0003190674545454545,1.0,,1.9390688329950552,1.9511229624219024,0.0,,,0,PROGRESS,reconstructed_shortest
S4_SAFETY_RICH_NAVEEN12,2026-03-01 01:22:27,-7.0,2026-03-01 01:22:20,1.0,S4_SAFETY_RICH_NAVEEN12_L43,16.0,False,1,0,1,1,0.000425424,0.0003403387636363636,1.0,,1.93141367757113,1.9413690295084858,0.0,,,0,PROGRESS,reconstructed_shortest
S4_SAFETY_RICH_NAVEEN12,2026-03-01 01:22:27,-6.0,2026-03-01 01:22:21,1.0,S4_SAFETY_RICH_NAVEEN12_L43,16.0,False,1,0,1,1,0.000425424,0.0003545196363636364,1.0,,1.9281845080537763,1.9379250759816389,0.00038012927848407596,,,0,STALLED,reconstructed_shortest
S4_SAFETY_RICH_NAVEEN12,2026-03-01 01:22:27,-5.0,2026-03-01 01:22:22,1.0,S4_SAFETY_RICH_NAVEEN12_L43,16.0,False,1,0,1,1,0.000425424,0.00036464883116883116,1.0,0.020544869707130736,1.920517075746855,1.9289651568731225,0.0050018317849102045,,,0,STALLED,reconstructed_shortest
S4_SAFETY_RICH_NAVEEN12,2026-03-01 01:22:27,-4.0,2026-03-01 01:22:23,1.0,S4_SAFETY_RICH_NAVEEN12_L43,16.0,False,1,0,1,1,0.000425424,0.0003722457272727273,1.0,0.019108519826469404,1.9252319497602581,1.9375171535001001,0.000590543717780001,,,0,STALLED,reconstructed_shortest
S4_SAFETY_RICH_NAVEEN12,2026-03-01 01:22:27,-3.0,2026-03-01 01:22:24,1.0,S4_SAFETY_RICH_NAVEEN12_L43,16.0,False,1,0,1,1,0.000425424,0.00037815442424242424,1.0,0.026407885185520025,1.9507706649014187,1.960410362624269,0.0,,,0,STALLED,reconstructed_shortest
S4_SAFETY_RICH_NAVEEN12,2026-03-01 01:22:27,-2.0,2026-03-01 01:22:25,1.0,S4_SAFETY_RICH_NAVEEN12_L43,16.0,False,1,0,1,1,0.000618799,0.00040221888181818177,1.0,0.021271725424931748,1.958566959969162,1.959170521454047,0.0,1.0,0.0,0,STALLED,reconstructed_shortest
S4_SAFETY_RICH_NAVEEN12,2026-03-01 01:22:27,-1.0,2026-03-01 01:22:26,1.0,S4_SAFETY_RICH_NAVEEN12_L43,16.0,False,1,0,1,1,0.00046087525,0.0004483064068181818,1.0,0.026313492838392252,1.965765037768356,1.965989559115168,0.0,1.0,0.0,0,STALLED,reconstructed_shortest
S4_SAFETY_RICH_NAVEEN12,2026-03-01 01:22:27,0.0,2026-03-01 01:22:27,1.0,S4_SAFETY_RICH_NAVEEN12_L43,16.0,False,1,0,1,1,0.05542114745454545,0.005947878934090908,0.9,0.021619523342426467,1.934773832870799,1.934913742742691,0.0019334341922416787,1.0,1.0,1,STALLED,reconstructed_shortest
S4_SAFETY_RICH_NAVEEN12,2026-03-01 01:22:27,1.0,2026-03-01 01:22:28,1.0,S4_SAFETY_RICH_NAVEEN12_L43,16.0,False,1,0,1,1,0.26681818181818184,0.03258715475227273,0.8,0.16002644552262993,1.779776098422644,1.7823678267977678,0.08061961802146844,0.0,1.0,0,RECOVERING,reconstructed_shortest
S4_SAFETY_RICH_NAVEEN12,2026-03-01 01:22:27,2.0,2026-03-01 01:22:29,1.0,S4_SAFETY_RICH_NAVEEN12_L43,16.0,False,1,0,1,1,0.29843495,0.06238810735227272,0.7,0.41183465242727835,1.5195831552240122,1.529636307077,0.2109835068021303,0.0,1.0,0,RECOVERING,reconstructed_shortest
S4_SAFETY_RICH_NAVEEN12,2026-03-01 01:22:27,3.0,2026-03-01 01:22:30,1.0,S4_SAFETY_RICH_NAVEEN12_L43,16.0,False,1,0,1,1,0.29729401818181816,0.09207496677045454,0.6,0.7084935140579016,1.21979525471187,1.235308869811663,0.362803387991262,0.0,1.0,0,RECOVERING,reconstructed_shortest
S4_SAFETY_RICH_NAVEEN12,2026-03-01 01:22:27,4.0,2026-03-01 01:22:31,1.0,S4_SAFETY_RICH_NAVEEN12_L43,16.0,False,1,0,1,1,0.29839241,0.12187166537045453,0.5,0.9422694847518998,0.9782778415613634,0.9783122946202287,0.49536727627192934,0.0,1.0,0,RECOVERING,reconstructed_shortest
S4_SAFETY_RICH_NAVEEN12,2026-03-01 01:22:27,5.0,2026-03-01 01:22:32,1.0,S4_SAFETY_RICH_NAVEEN12_L43,16.0,False,1,0,1,1,0.29864765,0.15169388797045455,0.4,1.272339294572059,0.65291843717746,0.6530423819766237,0.663147894860447,0.0,1.0,0,RECOVERING,reconstructed_shortest
S4_SAFETY_RICH_NAVEEN12,2026-03-01 01:22:27,6.0,2026-03-01 01:22:33,1.0,S4_SAFETY_RICH_NAVEEN12_L43,16.0,False,1,0,1,1,0.29886035,0.18153738057045454,0.3,1.572552831455091,0.3782541016568753,0.38676921702929273,0.8004968305959695,0.0,1.0,0,PROGRESS,reconstructed_shortest
S4_SAFETY_RICH_NAVEEN12,2026-03-01 01:22:27,7.0,2026-03-01 01:22:34,1.0,S4_SAFETY_RICH_NAVEEN12_L43,16.0,False,1,0,1,1,0.13060518750000003,0.19455535692045456,0.2,1.7999301395770964,0.15875181044951928,0.15875181044951928,0.9181126937232229,0.0,1.0,0,PROGRESS,reconstructed_shortest
S4_SAFETY_RICH_NAVEEN12,2026-03-01 01:22:27,8.0,2026-03-01 01:22:35,1.0,S4_SAFETY_RICH_NAVEEN12_L43,16.0,False,1,0,1,1,0.09931715727272726,0.20442519274772727,0.1,1.90648734064127,0.059657978361851625,0.059657978361851625,0.969227241364131,0.0,1.0,0,PROGRESS,reconstructed_shortest
S4_SAFETY_RICH_NAVEEN12,2026-03-01 01:22:27,9.0,2026-03-01 01:22:36,1.0,S4_SAFETY_RICH_NAVEEN12_L43,16.0,False,1,0,1,1,0.02506134,0.20688523922272725,0.1,1.9473928447087026,0.013700098508422283,0.013700098508422284,0.9929332197257812,0.0,1.0,0,PROGRESS,reconstructed_shortest
S4_SAFETY_RICH_NAVEEN12,2026-03-01 01:22:27,10.0,2026-03-01 01:22:37,1.0,S4_SAFETY_RICH_NAVEEN12_L43,16.0,False,1,0,1,1,0.0,0.2013431244772727,0.2,1.8008930409547208,0.022346283947224616,0.022346283947224616,0.9884733472169372,0.0,0.0,0,PROGRESS,reconstructed_shortest
S4_SAFETY_RICH_NAVEEN12,2026-03-01 01:23:34,-15.0,2026-03-01 01:23:19,1.0,S4_SAFETY_RICH_NAVEEN12_L46,3.0,False,1,0,1,1,0.0,0.11600506745454546,0.5,1.0104854307579962,0.01114725441532567,0.011147254415325668,0.9944205938100282,0.0,0.0,0,PROGRESS,reconstructed_shortest
S4_SAFETY_RICH_NAVEEN12,2026-03-01 01:23:34,-14.0,2026-03-01 01:23:20,1.0,S4_SAFETY_RICH_NAVEEN12_L46,3.0,False,1,0,1,1,0.0,0.08624311245454545,0.6,0.7082336502864595,0.009525464523498155,0.009525464523498155,0.9952323295275566,0.0,0.0,0,STALLED,reconstructed_shortest
S4_SAFETY_RICH_NAVEEN12,2026-03-01 01:23:34,-13.0,2026-03-01 01:23:21,1.0,S4_SAFETY_RICH_NAVEEN12_L46,3.0,False,1,0,1,1,0.0,0.056527247454545446,0.7,0.43312536844117716,0.009089929776797645,0.009089929776797645,0.9954503226917162,0.0,0.0,0,STALLED,reconstructed_shortest
S4_SAFETY_RICH_NAVEEN12,2026-03-01 01:23:34,-12.0,2026-03-01 01:23:22,1.0,S4_SAFETY_RICH_NAVEEN12_L46,3.0,False,1,0,1,1,0.0,0.027497858363636364,0.8,0.17769157374090855,0.009676218269551616,0.009676218269551616,0.9951568745004662,0.0,0.0,0,STALLED,reconstructed_shortest
S4_SAFETY_RICH_NAVEEN12,2026-03-01 01:23:34,-11.0,2026-03-01 01:23:23,1.0,S4_SAFETY_RICH_NAVEEN12_L47,4.0,False,1,0,1,1,0.0,,,,0.7404112874696009,4.096540771941514,0.0,,,0,PROGRESS,reconstructed_shortest
S4_SAFETY_RICH_NAVEEN12,2026-03-01 01:23:34,-10.0,2026-03-01 01:23:24,1.0,S4_SAFETY_RICH_NAVEEN12_L47,4.0,False,1,0,1,1,-0.00035451999999999993,,,,0.740472213082447,4.094148697163629,0.0005839255389009645,,,0,PROGRESS,reconstructed_shortest
S4_SAFETY_RICH_NAVEEN12,2026-03-01 01:23:34,-9.0,2026-03-01 01:23:25,1.0,S4_SAFETY_RICH_NAVEEN12_L47,4.0,False,1,0,1,1,-0.000425424,,,,0.7557301419993043,4.108458181958196,0.0,,,0,PROGRESS,reconstructed_shortest
S4_SAFETY_RICH_NAVEEN12,2026-03-01 01:23:34,-8.0,2026-03-01 01:23:26,1.0,S4_SAFETY_RICH_NAVEEN12_L47,4.0,False,1,0,1,1,-0.000425424,-0.00030134199999999996,1.0,,0.7654974872732725,4.115243875896959,0.0,,,0,PROGRESS,reconstructed_shortest
S4_SAFETY_RICH_NAVEEN12,2026-03-01 01:23:34,-7.0,2026-03-01 01:23:27,1.0,S4_SAFETY_RICH_NAVEEN12_L47,4.0,False,1,0,1,1,-0.000425424,-0.0003261584,1.0,,0.7900470103889214,4.13512926950918,0.0,,,0,PROGRESS,reconstructed_shortest
S4_SAFETY_RICH_NAVEEN12,2026-03-01 01:23:34,-6.0,2026-03-01 01:23:28,1.0,S4_SAFETY_RICH_NAVEEN12_L47,4.0,False,1,0,1,1,-0.000425424,-0.00034270266666666665,1.0,,0.7816134684770297,4.12512117186294,0.0,,,0,STALLED,reconstructed_shortest
S4_SAFETY_RICH_NAVEEN12,2026-03-01 01:23:34,-5.0,2026-03-01 01:23:29,1.0,S4_SAFETY_RICH_NAVEEN12_L47,4.0,False,1,0,1,1,-0.00042542399999999993,-0.00035452,1.0,0.010530555456138666,0.7300128938614715,4.100819993716728,0.0,,,0,STALLED,reconstructed_shortest
S4_SAFETY_RICH_NAVEEN12,2026-03-01 01:23:34,-4.0,2026-03-01 01:23:30,1.0,S4_SAFETY_RICH_NAVEEN12_L47,4.0,False,1,0,1,1,-0.000425424,-0.000363383,1.0,0.03200379003454754,0.7084259012767526,4.1206646561972855,0.0,,,0,STALLED,reconstructed_shortest
S4_SAFETY_RICH_NAVEEN12,2026-03-01 01:23:34,-3.0,2026-03-01 01:23:31,1.0,S4_SAFETY_RICH_NAVEEN12_L47,4.0,False,1,0,1,1,-0.000425424,-0.0003702764444444444,1.0,0.026862043199793698,0.7135764805040204,4.115718907998608,0.0,,,0,STALLED,reconstructed_shortest
S4_SAFETY_RICH_NAVEEN12,2026-03-01 01:23:34,-2.0,2026-03-01 01:23:32,1.0,S4_SAFETY_RICH_NAVEEN12_L47,4.0,False,1,0,1,1,-0.000425424,-0.00037579119999999995,1.0,0.016264648255075367,0.7242207045826695,4.105781793198515,0.0,1.0,0.0,0,STALLED,reconstructed_shortest
S4_SAFETY_RICH_NAVEEN12,2026-03-01 01:23:34,-1.0,2026-03-01 01:23:33,1.0,S4_SAFETY_RICH_NAVEEN12_L47,4.0,False,1,0,1,1,-0.0004254235,-0.00041833355,1.0,0.01020204978348456,0.7307100723645865,4.101745607264484,0.0,1.0,0.0,0,STALLED,reconstructed_shortest
S4_SAFETY_RICH_NAVEEN12,2026-03-01 01:23:34,0.0,2026-03-01 01:23:34,1.0,S4_SAFETY_RICH_NAVEEN12_L47,4.0,False,1,0,1,1,0.019867301400000002,0.0016038485900000004,1.0,0.02457120912809364,0.734937987311174,4.094722068381369,0.000443960810204147,1.0,1.0,1,STALLED,reconstructed_shortest
S4_SAFETY_RICH_NAVEEN12,2026-03-01 01:23:34,1.0,2026-03-01 01:23:35,1.0,S4_SAFETY_RICH_NAVEEN12_L47,4.0,False,1,0,1,1,0.22327023272727275,0.023973414262727276,0.9,0.1271040118652097,0.7367089518347303,3.9894531293043656,0.026140992754332015,0.0,1.0,0,PROGRESS,reconstructed_shortest
S4_SAFETY_RICH_NAVEEN12,2026-03-01 01:23:34,2.0,2026-03-01 01:23:36,1.0,S4_SAFETY_RICH_NAVEEN12_L47,4.0,False,1,0,1,1,0.2984929727272727,0.05386525393545455,0.8,0.3853578901290943,0.7990536894511442,3.73237316191355,0.08889637142690288,0.0,1.0,0,RECOVERING,reconstructed_shortest
S4_SAFETY_RICH_NAVEEN12,2026-03-01 01:23:34,3.0,2026-03-01 01:23:37,1.0,S4_SAFETY_RICH_NAVEEN12_L47,4.0,False,1,0,1,1,0.29903437272727273,0.08381123360818182,0.7,0.648651454830607,0.9447940775708333,3.456950931221298,0.15612925058648675,0.0,1.0,0,RECOVERING,reconstructed_shortest
S4_SAFETY_RICH_NAVEEN12,2026-03-01 01:23:34,4.0,2026-03-01 01:23:38,1.0,S4_SAFETY_RICH_NAVEEN12_L47,4.0,False,1,0,1,1,0.2982222,0.11367599600818182,0.6,0.9270452526136979,1.1472816293543417,3.166860806290877,0.22694268589203492,0.0,1.0,0,RECOVERING,reconstructed_shortest
S4_SAFETY_RICH_NAVEEN12,2026-03-01 01:23:34,5.0,2026-03-01 01:23:39,1.0,S4_SAFETY_RICH_NAVEEN12_L47,4.0,False,1,0,1,1,0.2986089272727273,0.14357943113545454,0.5,1.2333121610364737,1.3949181190626412,2.860020835441639,0.30184489923039115,0.0,1.0,0,RECOVERING,reconstructed_shortest
S4_SAFETY_RICH_NAVEEN12,2026-03-01 01:23:34,6.0,2026-03-01 01:23:40,1.0,S4_SAFETY_RICH_NAVEEN12_L47,4.0,False,1,0,1,1,0.24419333333333335,0.16804130686878788,0.4,1.4782054880436526,1.6056021243425913,2.616525598485518,0.36128413113646574,0.0,1.0,0,PROGRESS,reconstructed_shortest
S4_SAFETY_RICH_NAVEEN12,2026-03-01 01:23:34,7.0,2026-03-01 01:23:41,1.0,S4_SAFETY_RICH_NAVEEN12_L47,4.0,False,1,0,1,1,0.10558249272727273,0.17864209854151517,0.3,1.6444299734720595,1.7394044461269627,2.503035826635674,0.3889879373886018,0.0,1.0,0,PROGRESS,reconstructed_shortest
S4_SAFETY_RICH_NAVEEN12,2026-03-01 01:23:34,8.0,2026-03-01 01:23:42,1.0,S4_SAFETY_RICH_NAVEEN12_L47,4.0,False,1,0,1,1,0.0985211075,0.18853675169151515,0.2,1.7095154432018003,1.7775524644029508,2.3879653965085765,0.4170775955985849,0.0,1.0,0,PROGRESS,reconstructed_shortest
S4_SAFETY_RICH_NAVEEN12,2026-03-01 01:23:34,9.0,2026-03-01 01:23:43,1.0,S4_SAFETY_RICH_NAVEEN12_L47,4.0,False,1,0,1,1,0.17902613636363637,0.20648190767787877,0.1,1.7320249473286353,1.7575858698710805,2.2838324112517356,0.4424973316769074,0.0,1.0,0,PROGRESS,reconstructed_shortest
S4_SAFETY_RICH_NAVEEN12,2026-03-01 01:23:34,10.0,2026-03-01 01:23:44,1.0,S4_SAFETY_RICH_NAVEEN12_L47,4.0,False,1,0,1,1,0.21862925454545454,0.2263581029924243,0.0,1.6570240811073886,1.691442443755944,1.8922948260434445,0.5380749438637686,0.0,0.0,0,PROGRESS,reconstructed_shortest
S4_SAFETY_RICH_NAVEEN12,2026-03-01 01:24:05,-15.0,2026-03-01 01:23:50,1.0,S4_SAFETY_RICH_NAVEEN12_L47,4.0,False,1,0,1,1,0.29577605,0.18663866287121214,0.0,1.1146512144107936,0.7115088463536138,0.7115088463536138,0.8263147162535377,0.0,0.0,0,PROGRESS,reconstructed_shortest
S4_SAFETY_RICH_NAVEEN12,2026-03-01 01:24:05,-14.0,2026-03-01 01:23:51,1.0,S4_SAFETY_RICH_NAVEEN12_L47,4.0,False,1,0,1,1,0.29516690909090904,0.20559710450757573,0.0,1.359923962905709,0.4539918171054976,0.4539918171054976,0.8891767853953684,0.0,0.0,0,PROGRESS,reconstructed_shortest
S4_SAFETY_RICH_NAVEEN12,2026-03-01 01:24:05,-13.0,2026-03-01 01:23:52,1.0,S4_SAFETY_RICH_NAVEEN12_L47,4.0,False,1,0,1,1,0.16579932545454545,0.2123249263030303,0.0,1.5874647220135494,0.17668494087146125,0.17668494087146125,0.9568697223565718,0.0,0.0,0,PROGRESS,reconstructed_shortest
S4_SAFETY_RICH_NAVEEN12,2026-03-01 01:24:05,-12.0,2026-03-01 01:23:53,1.0,S4_SAFETY_RICH_NAVEEN12_L47,4.0,False,1,0,1,1,0.09935583272727272,0.2043578959393939,0.0,1.606430086976648,0.08533540564213288,0.08533540564213288,0.9791689109439307,0.0,0.0,0,PROGRESS,reconstructed_shortest
S4_SAFETY_RICH_NAVEEN12,2026-03-01 01:24:05,-11.0,2026-03-01 01:23:54,1.0,S4_SAFETY_RICH_NAVEEN12_L47,4.0,False,1,0,1,1,0.040608654545454544,0.18655583593939393,0.0,1.6505182530404143,0.007058512253983737,0.007058512253983736,0.9982769578903425,0.0,0.0,0,PROGRESS,reconstructed_shortest
S4_SAFETY_RICH_NAVEEN12,2026-03-01 01:24:05,-10.0,2026-03-01 01:23:55,1.0,S4_SAFETY_RICH_NAVEEN12_L47,4.0,False,1,0,1,1,0.0,0.1728687832121212,0.1,1.6035691869428024,0.009830737307038328,0.009830737307038328,0.9976002344772517,0.0,0.0,0,PROGRESS,reconstructed_shortest
S4_SAFETY_RICH_NAVEEN12,2026-03-01 01:24:05,-9.0,2026-03-01 01:23:56,1.0,S4_SAFETY_RICH_NAVEEN12_L47,4.0,False,1,0,1,1,0.0,0.16325420157575757,0.2,1.501026259419806,0.010098401133072083,0.010098401133072083,0.9975348954898144,0.0,0.0,0,PROGRESS,reconstructed_shortest
S4_SAFETY_RICH_NAVEEN12,2026-03-01 01:24:05,-8.0,2026-03-01 01:23:57,1.0,S4_SAFETY_RICH_NAVEEN12_L47,4.0,False,1,0,1,1,0.0,0.14612121703030304,0.3,1.2975954797585993,0.010384181837680128,0.010384181837680128,0.9974651340201947,0.0,0.0,0,PROGRESS,reconstructed_shortest
S4_SAFETY_RICH_NAVEEN12,2026-03-01 01:24:05,-7.0,2026-03-01 01:23:58,1.0,S4_SAFETY_RICH_NAVEEN12_L47,4.0,False,1,0,1,1,0.0,0.11915642536363635,0.4,1.0095358247217852,0.010574232334444067,0.010574232334444067,0.9974187410981308,0.0,0.0,0,PROGRESS,reconstructed_shortest
S4_SAFETY_RICH_NAVEEN12,2026-03-01 01:24:05,-6.0,2026-03-01 01:23:59,1.0,S4_SAFETY_RICH_NAVEEN12_L47,4.0,False,1,0,1,1,0.0,0.08967067718181818,0.5,0.7199060103717065,0.010670468308248865,0.010670468308248865,0.997395249088857,0.0,0.0,0,PROGRESS,reconstructed_shortest
S4_SAFETY_RICH_NAVEEN12,2026-03-01 01:24:05,-5.0,2026-03-01 01:24:00,1.0,S4_SAFETY_RICH_NAVEEN12_L47,4.0,False,1,0,1,1,0.0,0.060093072181818176,0.6,0.4628672203750168,0.010991852322862353,0.010991852322862353,0.9973167965523133,0.0,0.0,0,STALLED,reconstructed_shortest
S4_SAFETY_RICH_NAVEEN12,2026-03-01 01:24:05,-4.0,2026-03-01 01:24:01,1.0,S4_SAFETY_RICH_NAVEEN12_L47,4.0,False,1,0,1,1,0.0,0.03057638127272727,0.7,0.1855092579415507,0.010381300303911552,0.010381300303911552,0.9974658374267831,0.0,0.0,0,STALLED,reconstructed_shortest
S4_SAFETY_RICH_NAVEEN12,2026-03-01 01:24:05,-3.0,2026-03-01 01:24:02,1.0,S4_SAFETY_RICH_NAVEEN12_L47,4.0,False,1,0,1,1,0.0,0.013996448727272726,0.8,0.09398703921730255,0.010381300303911552,0.010381300303911552,0.9974658374267831,0.0,0.0,0,STALLED,reconstructed_shortest
S4_SAFETY_RICH_NAVEEN12,2026-03-01 01:24:05,-2.0,2026-03-01 01:24:03,1.0,S4_SAFETY_RICH_NAVEEN12_L47,4.0,False,1,0,1,1,0.0,0.0040608654545454545,0.9,0.005330284041863239,0.010381300303911552,0.010381300303911552,0.9974658374267831,1.0,0.0,0,STALLED,reconstructed_shortest
S4_SAFETY_RICH_NAVEEN12,2026-03-01 01:24:05,-1.0,2026-03-01 01:24:04,1.0,S4_SAFETY_RICH_NAVEEN12_L47,4.0,False,1,0,1,1,0.0,0.0,1.0,0.001300000000000523,0.010381300303911552,0.010381300303911552,0.9974658374267831,1.0,0.0,0,STALLED,reconstructed_shortest
S4_SAFETY_RICH_NAVEEN12,2026-03-01 01:24:05,0.0,2026-03-01 01:24:05,1.0,S4_SAFETY_RICH_NAVEEN12_L47,4.0,False,1,0,1,1,0.0,0.0,1.0,0.0017770528524160341,0.010175452941392157,0.010175452941392157,0.9975160864964199,1.0,1.0,1,STALLED,reconstructed_shortest
S4_SAFETY_RICH_NAVEEN12,2026-03-01 01:24:05,1.0,2026-03-01 01:24:06,1.0,S4_SAFETY_RICH_NAVEEN12_L47,4.0,False,1,0,1,1,0.0,0.0,1.0,0.0008272727272728986,0.00973499359047543,0.00973499359047543,0.9976236063223992,1.0,1.0,0,STALLED,reconstructed_shortest
S4_SAFETY_RICH_NAVEEN12,2026-03-01 01:24:05,2.0,2026-03-01 01:24:07,1.0,S4_SAFETY_RICH_NAVEEN12_L48,19.0,False,1,0,1,1,0.0,,,,1.7326676254045377,1.8268705608531604,0.0,,,0,PROGRESS,reconstructed_shortest
S4_SAFETY_RICH_NAVEEN12,2026-03-01 01:24:05,3.0,2026-03-01 01:24:08,1.0,S4_SAFETY_RICH_NAVEEN12_L48,19.0,False,1,0,1,1,0.00027072436363636366,,,,1.7325020241002427,1.826551880115888,0.00017444078639239358,,,0,PROGRESS,reconstructed_shortest
S4_SAFETY_RICH_NAVEEN12,2026-03-01 01:24:05,4.0,2026-03-01 01:24:09,1.0,S4_SAFETY_RICH_NAVEEN12_L48,19.0,False,1,0,1,1,0.000425424,,,,1.728806142730825,1.8323801383890594,0.0,,,0,PROGRESS,reconstructed_shortest
S4_SAFETY_RICH_NAVEEN12,2026-03-01 01:24:05,5.0,2026-03-01 01:24:10,1.0,S4_SAFETY_RICH_NAVEEN12_L48,19.0,False,1,0,1,1,0.000425424,0.0002803930909090909,1.0,,1.7302299394052483,1.8401803431625483,0.0,,,0,PROGRESS,reconstructed_shortest
S4_SAFETY_RICH_NAVEEN12,2026-03-01 01:24:05,6.0,2026-03-01 01:24:11,1.0,S4_SAFETY_RICH_NAVEEN12_L48,19.0,False,1,0,1,1,0.000425424,0.0003093992727272727,1.0,,1.7246194011551275,1.8287877906606727,0.0,,,0,PROGRESS,reconstructed_shortest
S4_SAFETY_RICH_NAVEEN12,2026-03-01 01:24:05,7.0,2026-03-01 01:24:12,1.0,S4_SAFETY_RICH_NAVEEN12_L48,19.0,False,1,0,1,1,0.000425424,0.0003287367272727273,1.0,,1.7218216633975592,1.823342747266594,0.0019310692624653347,,,0,STALLED,reconstructed_shortest
S4_SAFETY_RICH_NAVEEN12,2026-03-01 01:24:05,8.0,2026-03-01 01:24:13,1.0,S4_SAFETY_RICH_NAVEEN12_L48,19.0,False,1,0,1,1,0.000425424,0.0003425491948051948,1.0,0.019260573450995244,1.7162282403830487,1.8157606847296268,0.006081370164695787,,,0,STALLED,reconstructed_shortest
S4_SAFETY_RICH_NAVEEN12,2026-03-01 01:24:05,9.0,2026-03-01 01:24:14,1.0,S4_SAFETY_RICH_NAVEEN12_L48,19.0,False,1,0,1,1,0.000425424,0.00035290854545454544,1.0,0.01858813346749909,1.719718338000191,1.822422959197525,0.002434546678314442,,,0,STALLED,reconstructed_shortest
S4_SAFETY_RICH_NAVEEN12,2026-03-01 01:24:05,10.0,2026-03-01 01:24:15,1.0,S4_SAFETY_RICH_NAVEEN12_L48,19.0,False,1,0,1,1,0.00042542199999999995,0.00036096559595959595,1.0,0.027964420698453625,1.7426688835375472,1.8447986635128744,0.0,,,0,STALLED,reconstructed_shortest
S4_SAFETY_RICH_NAVEEN12,2026-03-01 01:24:18,-15.0,2026-03-01 01:24:03,1.0,S4_SAFETY_RICH_NAVEEN12_L47,4.0,False,1,0,1,1,0.0,0.0040608654545454545,0.9,0.005330284041863239,0.010381300303911552,0.010381300303911552,0.9974658374267831,1.0,0.0,0,STALLED,reconstructed_shortest
S4_SAFETY_RICH_NAVEEN12,2026-03-01 01:24:18,-14.0,2026-03-01 01:24:04,1.0,S4_SAFETY_RICH_NAVEEN12_L47,4.0,False,1,0,1,1,0.0,0.0,1.0,0.001300000000000523,0.010381300303911552,0.010381300303911552,0.9974658374267831,1.0,0.0,0,STALLED,reconstructed_shortest
S4_SAFETY_RICH_NAVEEN12,2026-03-01 01:24:18,-13.0,2026-03-01 01:24:05,1.0,S4_SAFETY_RICH_NAVEEN12_L47,4.0,False,1,0,1,1,0.0,0.0,1.0,0.0017770528524160341,0.010175452941392157,0.010175452941392157,0.9975160864964199,1.0,1.0,1,STALLED,reconstructed_shortest
S4_SAFETY_RICH_NAVEEN12,2026-03-01 01:24:18,-12.0,2026-03-01 01:24:06,1.0,S4_SAFETY_RICH_NAVEEN12_L47,4.0,False,1,0,1,1,0.0,0.0,1.0,0.0008272727272728986,0.00973499359047543,0.00973499359047543,0.9976236063223992,1.0,1.0,0,STALLED,reconstructed_shortest
S4_SAFETY_RICH_NAVEEN12,2026-03-01 01:24:18,-11.0,2026-03-01 01:24:07,1.0,S4_SAFETY_RICH_NAVEEN12_L48,19.0,False,1,0,1,1,0.0,,,,1.7326676254045377,1.8268705608531604,0.0,,,0,PROGRESS,reconstructed_shortest
S4_SAFETY_RICH_NAVEEN12,2026-03-01 01:24:18,-10.0,2026-03-01 01:24:08,1.0,S4_SAFETY_RICH_NAVEEN12_L48,19.0,False,1,0,1,1,0.00027072436363636366,,,,1.7325020241002427,1.826551880115888,0.00017444078639239358,,,0,PROGRESS,reconstructed_shortest
S4_SAFETY_RICH_NAVEEN12,2026-03-01 01:24:18,-9.0,2026-03-01 01:24:09,1.0,S4_SAFETY_RICH_NAVEEN12_L48,19.0,False,1,0,1,1,0.000425424,,,,1.728806142730825,1.8323801383890594,0.0,,,0,PROGRESS,reconstructed_shortest
S4_SAFETY_RICH_NAVEEN12,2026-03-01 01:24:18,-8.0,2026-03-01 01:24:10,1.0,S4_SAFETY_RICH_NAVEEN12_L48,19.0,False,1,0,1,1,0.000425424,0.0002803930909090909,1.0,,1.7302299394052483,1.8401803431625483,0.0,,,0,PROGRESS,reconstructed_shortest
S4_SAFETY_RICH_NAVEEN12,2026-03-01 01:24:18,-7.0,2026-03-01 01:24:11,1.0,S4_SAFETY_RICH_NAVEEN12_L48,19.0,False,1,0,1,1,0.000425424,0.0003093992727272727,1.0,,1.7246194011551275,1.8287877906606727,0.0,,,0,PROGRESS,reconstructed_shortest
S4_SAFETY_RICH_NAVEEN12,2026-03-01 01:24:18,-6.0,2026-03-01 01:24:12,1.0,S4_SAFETY_RICH_NAVEEN12_L48,19.0,False,1,0,1,1,0.000425424,0.0003287367272727273,1.0,,1.7218216633975592,1.823342747266594,0.0019310692624653347,,,0,STALLED,reconstructed_shortest
S4_SAFETY_RICH_NAVEEN12,2026-03-01 01:24:18,-5.0,2026-03-01 01:24:13,1.0,S4_SAFETY_RICH_NAVEEN12_L48,19.0,False,1,0,1,1,0.000425424,0.0003425491948051948,1.0,0.019260573450995244,1.7162282403830487,1.8157606847296268,0.006081370164695787,,,0,STALLED,reconstructed_shortest
S4_SAFETY_RICH_NAVEEN12,2026-03-01 01:24:18,-4.0,2026-03-01 01:24:14,1.0,S4_SAFETY_RICH_NAVEEN12_L48,19.0,False,1,0,1,1,0.000425424,0.00035290854545454544,1.0,0.01858813346749909,1.719718338000191,1.822422959197525,0.002434546678314442,,,0,STALLED,reconstructed_shortest
S4_SAFETY_RICH_NAVEEN12,2026-03-01 01:24:18,-3.0,2026-03-01 01:24:15,1.0,S4_SAFETY_RICH_NAVEEN12_L48,19.0,False,1,0,1,1,0.00042542199999999995,0.00036096559595959595,1.0,0.027964420698453625,1.7426688835375472,1.8447986635128744,0.0,,,0,STALLED,reconstructed_shortest
S4_SAFETY_RICH_NAVEEN12,2026-03-01 01:24:18,-2.0,2026-03-01 01:24:16,1.0,S4_SAFETY_RICH_NAVEEN12_L48,19.0,False,1,0,1,1,0.0004254241818181818,0.00036741145454545455,1.0,0.026068653162260126,1.7556556790840188,1.8492027337310777,0.0,1.0,0.0,0,STALLED,reconstructed_shortest
S4_SAFETY_RICH_NAVEEN12,2026-03-01 01:24:18,-1.0,2026-03-01 01:24:17,1.0,S4_SAFETY_RICH_NAVEEN12_L48,19.0,False,1,0,1,1,0.0004254238181818182,0.0004099538363636364,1.0,0.02931570272027382,1.7614633680154494,1.8542313861742414,0.0,1.0,0.0,0,STALLED,reconstructed_shortest
S4_SAFETY_RICH_NAVEEN12,2026-03-01 01:24:18,0.0,2026-03-01 01:24:18,1.0,S4_SAFETY_RICH_NAVEEN12_L48,19.0,False,1,0,1,1,0.00023204836363636364,0.00040608623636363635,1.0,0.029376106628145163,1.7471485116907886,1.8412799649592562,0.0,1.0,1.0,1,STALLED,reconstructed_shortest
S4_SAFETY_RICH_NAVEEN12,2026-03-01 01:24:18,1.0,2026-03-01 01:24:19,1.0,S4_SAFETY_RICH_NAVEEN12_L48,19.0,False,1,0,1,1,0.21835852727272728,0.022199396563636363,0.9,0.10213893690042397,1.6341526456487963,1.727064919628891,0.05463202668155076,0.0,1.0,0,PROGRESS,reconstructed_shortest
S4_SAFETY_RICH_NAVEEN12,2026-03-01 01:24:18,2.0,2026-03-01 01:24:20,1.0,S4_SAFETY_RICH_NAVEEN12_L48,19.0,False,1,0,1,1,0.2967332166666667,0.05183017583030303,0.8,0.37943407545617924,1.3511632898843955,1.4454866507986763,0.20876350970173563,0.0,1.0,0,RECOVERING,reconstructed_shortest
S4_SAFETY_RICH_NAVEEN12,2026-03-01 01:24:18,3.0,2026-03-01 01:24:21,1.0,S4_SAFETY_RICH_NAVEEN12_L48,19.0,False,1,0,1,1,0.2977194545454545,0.08155957888484848,0.7,0.6440592302715713,1.088175222839089,1.1801416449654916,0.3540091617578216,0.0,1.0,0,RECOVERING,reconstructed_shortest
S4_SAFETY_RICH_NAVEEN12,2026-03-01 01:24:18,4.0,2026-03-01 01:24:22,1.0,S4_SAFETY_RICH_NAVEEN12_L48,19.0,False,1,0,1,1,0.29895705454545457,0.11141274193939395,0.6,0.928326107981461,0.8090519429533176,0.8814976427565264,0.517482156839365,0.0,1.0,0,RECOVERING,reconstructed_shortest
S4_SAFETY_RICH_NAVEEN12,2026-03-01 01:24:18,5.0,2026-03-01 01:24:23,1.0,S4_SAFETY_RICH_NAVEEN12_L48,19.0,False,1,0,1,1,0.2973714,0.14110733953939394,0.5,1.213294215329237,0.5481064141804998,0.6005138120931242,0.6712882538253393,0.0,1.0,0,RECOVERING,reconstructed_shortest
S4_SAFETY_RICH_NAVEEN12,2026-03-01 01:24:18,6.0,2026-03-01 01:24:24,1.0,S4_SAFETY_RICH_NAVEEN12_L48,19.0,False,1,0,1,1,0.1808051909090909,0.15914531623030304,0.4,1.5086952903635427,0.3250120464363886,0.3282938186330578,0.8202971651807983,0.0,1.0,0,PROGRESS,reconstructed_shortest
S4_SAFETY_RICH_NAVEEN12,2026-03-01 01:24:18,7.0,2026-03-01 01:24:25,1.0,S4_SAFETY_RICH_NAVEEN12_L48,19.0,False,1,0,1,1,0.09734473818181817,0.16883724784848483,0.3,1.6286798455623193,0.2295375590172073,0.2787252444417985,0.8474302173266003,0.0,1.0,0,PROGRESS,reconstructed_shortest
S4_SAFETY_RICH_NAVEEN12,2026-03-01 01:24:18,8.0,2026-03-01 01:24:26,1.0,S4_SAFETY_RICH_NAVEEN12_L48,19.0,False,1,0,1,1,0.06211190090909091,0.1750058955212121,0.2,1.6877884891153516,0.17619037509204388,0.17619037509204388,0.9035561802420409,0.0,1.0,0,PROGRESS,reconstructed_shortest
S4_SAFETY_RICH_NAVEEN12,2026-03-01 01:24:18,9.0,2026-03-01 01:24:27,1.0,S4_SAFETY_RICH_NAVEEN12_L48,19.0,False,1,0,1,1,0.04555904454545454,0.17951925759393939,0.1,1.686770849510061,0.13718124747685256,0.13718124747685256,0.9249091586364017,0.0,1.0,0,PROGRESS,reconstructed_shortest
S4_SAFETY_RICH_NAVEEN12,2026-03-01 01:24:18,10.0,2026-03-01 01:24:28,1.0,S4_SAFETY_RICH_NAVEEN12_L48,19.0,False,1,0,1,1,0.05261076666666666,0.1847571294242424,0.0,1.5863786687958885,0.0912048209771394,0.0912048209771394,0.9500759260499846,0.0,0.0,0,PROGRESS,reconstructed_shortest
S4_SAFETY_RICH_NAVEEN12,2026-03-01 01:27:37,-15.0,2026-03-01 01:27:22,1.0,S4_SAFETY_RICH_NAVEEN12_L49,16.0,False,1,0,1,1,0.0,0.0,1.0,0.10026793473599727,5.257396064443429,6.294449722159895,0.0,0.0,0.0,0,STALLED,reconstructed_shortest
S4_SAFETY_RICH_NAVEEN12,2026-03-01 01:27:37,-14.0,2026-03-01 01:27:23,1.0,S4_SAFETY_RICH_NAVEEN12_L49,16.0,False,1,0,1,1,0.0,0.0,1.0,0.028652863539267506,5.256882995632395,6.2937010612867095,0.0,1.0,0.0,0,PROGRESS,reconstructed_shortest
S4_SAFETY_RICH_NAVEEN12,2026-03-01 01:27:37,-13.0,2026-03-01 01:27:24,1.0,S4_SAFETY_RICH_NAVEEN12_L49,16.0,False,1,0,1,1,0.0,0.0,1.0,0.053390293920038294,5.256882995632395,6.2937010612867095,0.0,0.0,0.0,0,PROGRESS,reconstructed_shortest
S4_SAFETY_RICH_NAVEEN12,2026-03-01 01:27:37,-12.0,2026-03-01 01:27:25,1.0,S4_SAFETY_RICH_NAVEEN12_L49,16.0,False,1,0,1,1,0.0,0.0,1.0,0.031131510810353716,5.216121251736304,6.235151799069295,0.0,0.0,0.0,0,PROGRESS,reconstructed_shortest
S4_SAFETY_RICH_NAVEEN12,2026-03-01 01:27:37,-11.0,2026-03-01 01:27:26,1.0,S4_SAFETY_RICH_NAVEEN12_L49,16.0,False,1,0,1,1,0.0,0.0,1.0,0.11748200972260664,5.164315893216158,6.18648767754208,0.0,0.0,0.0,0,PROGRESS,reconstructed_shortest
S4_SAFETY_RICH_NAVEEN12,2026-03-01 01:27:37,-10.0,2026-03-01 01:27:27,1.0,S4_SAFETY_RICH_NAVEEN12_L49,16.0,False,1,0,1,1,0.0,0.0,1.0,0.18499099208467898,5.153250522504892,6.183785233392308,0.0,0.0,0.0,0,PROGRESS,reconstructed_shortest
S4_SAFETY_RICH_NAVEEN12,2026-03-01 01:27:37,-9.0,2026-03-01 01:27:28,1.0,S4_SAFETY_RICH_NAVEEN12_L49,16.0,False,1,0,1,1,0.0,0.0,1.0,0.1913890255884652,5.146365199480179,6.1831628020035465,0.0,0.0,0.0,0,PROGRESS,reconstructed_shortest
S4_SAFETY_RICH_NAVEEN12,2026-03-01 01:27:37,-8.0,2026-03-01 01:27:29,1.0,S4_SAFETY_RICH_NAVEEN12_L49,16.0,False,1,0,1,1,0.0,0.0,1.0,0.18470858277185562,5.1531530825350504,6.182570546055345,0.0,0.0,0.0,0,PROGRESS,reconstructed_shortest
S4_SAFETY_RICH_NAVEEN12,2026-03-01 01:27:37,-7.0,2026-03-01 01:27:30,1.0,S4_SAFETY_RICH_NAVEEN12_L49,16.0,False,1,0,1,1,0.0,0.0,1.0,0.13714273415715109,5.158781781587201,6.180384272706295,0.0,0.0,0.0,0,PROGRESS,reconstructed_shortest
S4_SAFETY_RICH_NAVEEN12,2026-03-01 01:27:37,-6.0,2026-03-01 01:27:31,1.0,S4_SAFETY_RICH_NAVEEN12_L49,16.0,False,1,0,1,1,0.0,0.0,1.0,0.09521384487580842,5.167377949103625,6.184348637427474,0.0,0.0,0.0,0,STALLED,reconstructed_shortest
S4_SAFETY_RICH_NAVEEN12,2026-03-01 01:27:37,-5.0,2026-03-01 01:27:32,1.0,S4_SAFETY_RICH_NAVEEN12_L49,16.0,False,1,0,1,1,0.0,0.0,1.0,0.08860320796125373,5.175163193661382,6.190041983164013,0.0,0.0,0.0,0,STALLED,reconstructed_shortest
S4_SAFETY_RICH_NAVEEN12,2026-03-01 01:27:37,-4.0,2026-03-01 01:27:33,1.0,S4_SAFETY_RICH_NAVEEN12_L49,16.0,False,1,0,1,1,0.0,0.0,1.0,0.09417633262391482,5.1681182594087085,6.185848802166917,0.0,0.0,0.0,0,STALLED,reconstructed_shortest
S4_SAFETY_RICH_NAVEEN12,2026-03-01 01:27:37,-3.0,2026-03-01 01:27:34,1.0,S4_SAFETY_RICH_NAVEEN12_L49,16.0,False,1,0,1,1,0.0,0.0,1.0,0.07132954065057344,5.146068678580731,6.190949240309196,0.0,0.0,0.0,0,STALLED,reconstructed_shortest
S4_SAFETY_RICH_NAVEEN12,2026-03-01 01:27:37,-2.0,2026-03-01 01:27:35,1.0,S4_SAFETY_RICH_NAVEEN12_L49,16.0,False,1,0,1,1,0.0,0.0,1.0,0.004768213688350946,5.15985550319323,6.188659210298643,0.0,1.0,0.0,0,STALLED,reconstructed_shortest
S4_SAFETY_RICH_NAVEEN12,2026-03-01 01:27:37,-1.0,2026-03-01 01:27:36,1.0,S4_SAFETY_RICH_NAVEEN12_L49,16.0,False,1,0,1,1,0.0,0.0,1.0,0.013609077983840421,5.16676004935056,6.186740104923948,0.0,1.0,0.0,0,STALLED,reconstructed_shortest
S4_SAFETY_RICH_NAVEEN12,2026-03-01 01:27:37,0.0,2026-03-01 01:27:37,1.0,S4_SAFETY_RICH_NAVEEN12_L49,16.0,False,1,0,1,1,0.0,0.0,1.0,0.010856266708736654,5.157194182450414,6.18475507224935,0.0,1.0,1.0,1,STALLED,reconstructed_shortest
S4_SAFETY_RICH_NAVEEN12,2026-03-01 01:27:37,1.0,2026-03-01 01:27:38,1.0,S4_SAFETY_RICH_NAVEEN12_L49,16.0,False,1,0,1,1,0.0,0.0,1.0,0.0003448409502844789,5.153497442115292,6.182560763961268,0.0,1.0,1.0,0,STALLED,reconstructed_shortest
S4_SAFETY_RICH_NAVEEN12,2026-03-01 01:27:37,2.0,2026-03-01 01:27:39,1.0,S4_SAFETY_RICH_NAVEEN12_L50,19.0,False,1,0,1,1,0.0,,,,4.926018503324079,5.841930690342443,0.0,,,0,PROGRESS,reconstructed_shortest
S4_SAFETY_RICH_NAVEEN12,2026-03-01 01:27:37,3.0,2026-03-01 01:27:40,1.0,S4_SAFETY_RICH_NAVEEN12_L50,19.0,False,1,0,1,1,0.0,,,,4.928651807369152,5.843847309558278,0.0,,,0,PROGRESS,reconstructed_shortest
S4_SAFETY_RICH_NAVEEN12,2026-03-01 01:27:37,4.0,2026-03-01 01:27:41,1.0,S4_SAFETY_RICH_NAVEEN12_L50,19.0,False,1,0,1,1,0.0,,,,4.92983957145384,5.843923404576689,0.0,,,0,PROGRESS,reconstructed_shortest
S4_SAFETY_RICH_NAVEEN12,2026-03-01 01:27:37,5.0,2026-03-01 01:27:42,1.0,S4_SAFETY_RICH_NAVEEN12_L50,19.0,False,1,0,1,1,0.0,0.0,1.0,,4.930528759502023,5.846830347302175,0.0,,,0,PROGRESS,reconstructed_shortest
S4_SAFETY_RICH_NAVEEN12,2026-03-01 01:27:37,6.0,2026-03-01 01:27:43,1.0,S4_SAFETY_RICH_NAVEEN12_L50,19.0,False,1,0,1,1,0.0785100909090909,0.01570201818181818,0.8,,4.90541838672242,5.830607684480507,0.0019382300924342122,,,0,PROGRESS,reconstructed_shortest
S4_SAFETY_RICH_NAVEEN12,2026-03-01 01:27:37,7.0,2026-03-01 01:27:44,1.0,S4_SAFETY_RICH_NAVEEN12_L50,19.0,False,1,0,1,1,0.12824599090909092,0.03445934696969697,0.6666666666666666,,4.7773037210203215,5.738842185677686,0.017646307381766424,,,0,PROGRESS,reconstructed_shortest
S4_SAFETY_RICH_NAVEEN12,2026-03-01 01:27:37,8.0,2026-03-01 01:27:45,1.0,S4_SAFETY_RICH_NAVEEN12_L50,19.0,False,1,0,1,1,0.15176033636363637,0.05121663116883117,0.5714285714285714,0.23600641874246414,4.734291836811255,5.6293072316610155,0.03639609402297861,,,0,PROGRESS,reconstructed_shortest
S4_SAFETY_RICH_NAVEEN12,2026-03-01 01:27:37,9.0,2026-03-01 01:27:46,1.0,S4_SAFETY_RICH_NAVEEN12_L50,19.0,False,1,0,1,1,0.19492156363636362,0.06917974772727273,0.5,0.38824319206705665,4.711613261860198,5.458640357016902,0.06561021580745141,,,0,PROGRESS,reconstructed_shortest
S4_SAFETY_RICH_NAVEEN12,2026-03-01 01:27:37,10.0,2026-03-01 01:27:47,1.0,S4_SAFETY_RICH_NAVEEN12_L50,19.0,False,1,0,1,1,0.11911871,0.0747285213131313,0.4444444444444444,0.5138786046498619,4.676107291511711,5.370350440262902,0.08072335586917045,,,0,PROGRESS,reconstructed_shortest
S4_SAFETY_RICH_NAVEEN12,2026-03-01 01:30:00,-15.0,2026-03-01 01:29:45,1.0,S4_SAFETY_RICH_NAVEEN12_L51,14.0,False,1,0,1,1,0.2982222,0.2615238463909091,0.0,2.2935445741780054,13.186207318745327,13.73186917041146,0.0,0.0,0.0,0,PROGRESS,reconstructed_shortest
S4_SAFETY_RICH_NAVEEN12,2026-03-01 01:30:00,-14.0,2026-03-01 01:29:46,1.0,S4_SAFETY_RICH_NAVEEN12_L51,14.0,False,1,0,1,1,0.29737135,0.27994895659090907,0.0,2.5110157120835552,12.893608432153991,13.432632568194595,0.0,0.0,0.0,0,PROGRESS,reconstructed_shortest
S4_SAFETY_RICH_NAVEEN12,2026-03-01 01:30:00,-13.0,2026-03-01 01:29:47,1.0,S4_SAFETY_RICH_NAVEEN12_L51,14.0,False,1,0,1,1,0.2987249818181818,0.29223597295454545,0.0,2.565898909289696,12.601135716756689,13.140322281370667,0.0,0.0,0.0,0,PROGRESS,reconstructed_shortest
S4_SAFETY_RICH_NAVEEN12,2026-03-01 01:30:00,-12.0,2026-03-01 01:29:48,1.0,S4_SAFETY_RICH_NAVEEN12_L51,14.0,False,1,0,1,1,0.027188463636363635,0.2684721743181818,0.1,2.445271514107092,12.445439258678167,12.989088747443756,0.0,0.0,0.0,0,PROGRESS,reconstructed_shortest
S4_SAFETY_RICH_NAVEEN12,2026-03-01 01:30:00,-11.0,2026-03-01 01:29:49,1.0,S4_SAFETY_RICH_NAVEEN12_L51,14.0,False,1,0,1,1,0.0,0.24057854348484847,0.2,2.1689281696940665,12.415237505380142,12.954729264611885,0.0,0.0,0.0,0,PROGRESS,reconstructed_shortest
S4_SAFETY_RICH_NAVEEN12,2026-03-01 01:30:00,-10.0,2026-03-01 01:29:50,1.0,S4_SAFETY_RICH_NAVEEN12_L51,14.0,False,1,0,1,1,0.0,0.21091940181818183,0.3,1.9007061750322334,12.418545595393297,12.958110080554501,0.0,0.0,0.0,0,PROGRESS,reconstructed_shortest
S4_SAFETY_RICH_NAVEEN12,2026-03-01 01:30:00,-9.0,2026-03-01 01:29:51,1.0,S4_SAFETY_RICH_NAVEEN12_L51,14.0,False,1,0,1,1,0.0,0.18137177272727273,0.4,1.6087526704480517,12.412731338315044,12.952168001007319,0.0,0.0,0.0,0,PROGRESS,reconstructed_shortest
S4_SAFETY_RICH_NAVEEN12,2026-03-01 01:30:00,-8.0,2026-03-01 01:29:52,1.0,S4_SAFETY_RICH_NAVEEN12_L51,14.0,False,1,0,1,1,0.0,0.1517835377272727,0.5,1.3078311540815915,12.417019427761149,12.956550361303211,0.0,0.0,0.0,0,PROGRESS,reconstructed_shortest
S4_SAFETY_RICH_NAVEEN12,2026-03-01 01:30:00,-7.0,2026-03-01 01:29:53,1.0,S4_SAFETY_RICH_NAVEEN12_L51,14.0,False,1,0,1,1,0.0,0.12198838863636363,0.6,1.0468991133715964,12.421006289442794,12.960624870866305,0.0,0.0,0.0,0,STALLED,reconstructed_shortest
S4_SAFETY_RICH_NAVEEN12,2026-03-01 01:30:00,-6.0,2026-03-01 01:29:54,1.0,S4_SAFETY_RICH_NAVEEN12_L51,14.0,False,1,0,1,1,0.0,0.09215069954545455,0.7,0.7707491862979333,12.415482990038083,12.95498014608507,0.0,0.0,0.0,0,STALLED,reconstructed_shortest
S4_SAFETY_RICH_NAVEEN12,2026-03-01 01:30:00,-5.0,2026-03-01 01:29:55,1.0,S4_SAFETY_RICH_NAVEEN12_L51,14.0,False,1,0,1,1,0.0,0.06232847954545454,0.8,0.482447331841187,12.411186135059706,12.955179995259877,0.0,0.0,0.0,0,STALLED,reconstructed_shortest
S4_SAFETY_RICH_NAVEEN12,2026-03-01 01:30:00,-4.0,2026-03-01 01:29:56,1.0,S4_SAFETY_RICH_NAVEEN12_L51,14.0,False,1,0,1,1,0.0,0.032591344545454544,0.9,0.18611488191423692,12.415026532672101,12.955714681990495,0.0,0.0,0.0,0,STALLED,reconstructed_shortest
S4_SAFETY_RICH_NAVEEN12,2026-03-01 01:30:00,-3.0,2026-03-01 01:29:57,1.0,S4_SAFETY_RICH_NAVEEN12_L51,14.0,False,1,0,1,1,0.0,0.0027188463636363637,1.0,0.032916553959022266,12.412766153259254,12.952422695745462,0.0,0.0,0.0,0,STALLED,reconstructed_shortest
S4_SAFETY_RICH_NAVEEN12,2026-03-01 01:30:00,-2.0,2026-03-01 01:29:58,1.0,S4_SAFETY_RICH_NAVEEN12_L51,14.0,False,1,0,1,1,0.0,0.0,1.0,0.001101200913062213,12.414153696424377,12.953840742665403,0.0,1.0,0.0,0,STALLED,reconstructed_shortest
S4_SAFETY_RICH_NAVEEN12,2026-03-01 01:30:00,-1.0,2026-03-01 01:29:59,1.0,S4_SAFETY_RICH_NAVEEN12_L51,14.0,False,1,0,1,1,0.0,0.0,1.0,0.011864718302381044,12.406680962323312,12.946203727019617,0.0,1.0,0.0,0,STALLED,reconstructed_shortest
S4_SAFETY_RICH_NAVEEN12,2026-03-01 01:30:00,0.0,2026-03-01 01:30:00,1.0,S4_SAFETY_RICH_NAVEEN12_L51,14.0,False,1,0,1,1,0.0,0.0,1.0,0.004883791480685063,12.417604138770223,12.957367039210526,0.0,1.0,1.0,1,STALLED,reconstructed_shortest
S4_SAFETY_RICH_NAVEEN12,2026-03-01 01:30:00,1.0,2026-03-01 01:30:01,1.0,S4_SAFETY_RICH_NAVEEN12_L51,14.0,False,1,0,1,1,0.0,0.0,1.0,0.0013868849087905336,12.415645410878797,12.955365250889246,0.0,1.0,1.0,0,STALLED,reconstructed_shortest
S4_SAFETY_RICH_NAVEEN12,2026-03-01 01:30:00,2.0,2026-03-01 01:30:02,1.0,S4_SAFETY_RICH_NAVEEN12_L51,14.0,False,1,0,1,1,0.0,0.0,1.0,0.012824354903449233,12.408182105817092,12.947737872027188,0.0,1.0,1.0,0,STALLED,reconstructed_shortest
S4_SAFETY_RICH_NAVEEN12,2026-03-01 01:30:00,3.0,2026-03-01 01:30:03,1.0,S4_SAFETY_RICH_NAVEEN12_L51,14.0,False,1,0,1,1,0.0,0.0,1.0,0.002815439511803954,12.41267190384666,12.952326374350537,0.0,1.0,1.0,0,STALLED,reconstructed_shortest
S4_SAFETY_RICH_NAVEEN12,2026-03-01 01:30:00,4.0,2026-03-01 01:30:04,1.0,S4_SAFETY_RICH_NAVEEN12_L51,14.0,False,1,0,1,1,0.0,0.0,1.0,0.0169855169094306,12.426940193524084,12.964580644533875,0.0,1.0,1.0,0,STALLED,reconstructed_shortest
S4_SAFETY_RICH_NAVEEN12,2026-03-01 01:30:00,5.0,2026-03-01 01:30:05,1.0,S4_SAFETY_RICH_NAVEEN12_L51,14.0,False,1,0,1,1,0.0,0.0,1.0,0.01714820050554913,12.431814565167093,12.969000045169038,0.0,1.0,1.0,0,STALLED,reconstructed_shortest
S4_SAFETY_RICH_NAVEEN12,2026-03-01 01:30:00,6.0,2026-03-01 01:30:06,1.0,S4_SAFETY_RICH_NAVEEN12_L51,14.0,False,1,0,1,1,0.0,0.0,1.0,0.012881314390309768,12.425535517710957,12.963492648113974,0.0,1.0,1.0,0,STALLED,reconstructed_shortest
S4_SAFETY_RICH_NAVEEN12,2026-03-01 01:30:00,7.0,2026-03-01 01:30:07,1.0,S4_SAFETY_RICH_NAVEEN12_L51,14.0,False,1,0,1,1,0.0,0.0,1.0,0.013731650096037317,12.427782750525369,12.965789291055707,0.0,1.0,1.0,0,STALLED,reconstructed_shortest
S4_SAFETY_RICH_NAVEEN12,2026-03-01 01:30:00,8.0,2026-03-01 01:30:08,1.0,S4_SAFETY_RICH_NAVEEN12_L51,14.0,False,1,0,1,1,0.0,0.0,1.0,0.02258475129272207,12.429217391440476,12.967255475451942,0.0,1.0,1.0,0,STALLED,reconstructed_shortest
S4_SAFETY_RICH_NAVEEN12,2026-03-01 01:30:00,9.0,2026-03-01 01:30:09,1.0,S4_SAFETY_RICH_NAVEEN12_L51,14.0,False,1,0,1,1,0.0,0.0,1.0,0.012831887838345286,12.430323478284325,12.968385881793544,0.0,1.0,1.0,0,STALLED,reconstructed_shortest
S4_SAFETY_RICH_NAVEEN12,2026-03-01 01:30:00,10.0,2026-03-01 01:30:10,1.0,S4_SAFETY_RICH_NAVEEN12_L51,14.0,False,1,0,1,1,0.0,0.0,1.0,0.011266832316336068,12.426778456490965,12.96476291553601,0.0,1.0,1.0,0,STALLED,reconstructed_shortest
S4_SAFETY_RICH_NAVEEN12,2026-03-01 01:31:23,-15.0,2026-03-01 01:31:08,1.0,S4_SAFETY_RICH_NAVEEN12_L51,14.0,False,1,0,1,1,0.07545474363636363,0.2596665451969697,0.0,2.3303457002578507,8.547596576438547,9.197796374591455,0.0,0.0,0.0,0,PROGRESS,reconstructed_shortest
S4_SAFETY_RICH_NAVEEN12,2026-03-01 01:31:23,-14.0,2026-03-01 01:31:09,1.0,S4_SAFETY_RICH_NAVEEN12_L51,14.0,False,1,0,1,1,0.07452010833333333,0.23722671875757578,0.0,2.021195819556496,8.53696339539365,9.129371758429787,0.0,0.0,0.0,0,PROGRESS,reconstructed_shortest
S4_SAFETY_RICH_NAVEEN12,2026-03-01 01:31:23,-13.0,2026-03-01 01:31:10,1.0,S4_SAFETY_RICH_NAVEEN12_L51,14.0,False,1,0,1,1,0.1010575281818182,0.21750638430303032,0.0,1.732454400369668,8.56729424592046,9.06154037540146,0.0,0.0,0.0,0,PROGRESS,reconstructed_shortest
S4_SAFETY_RICH_NAVEEN12,2026-03-01 01:31:23,-12.0,2026-03-01 01:31:11,1.0,S4_SAFETY_RICH_NAVEEN12_L51,14.0,False,1,0,1,1,0.0,0.18774798013636362,0.1,1.4363146930568087,8.568297879419314,9.046374748382743,0.0,0.0,0.0,0,PROGRESS,reconstructed_shortest
S4_SAFETY_RICH_NAVEEN12,2026-03-01 01:31:23,-11.0,2026-03-01 01:31:12,1.0,S4_SAFETY_RICH_NAVEEN12_L51,14.0,False,1,0,1,1,0.0,0.15798957513636364,0.2,1.191035524332554,8.559241690268571,9.035897381975316,0.0,0.0,0.0,0,PROGRESS,reconstructed_shortest
S4_SAFETY_RICH_NAVEEN12,2026-03-01 01:31:23,-10.0,2026-03-01 01:31:13,1.0,S4_SAFETY_RICH_NAVEEN12_L51,14.0,False,1,0,1,1,0.0,0.12811772346969696,0.3,0.8850555939639093,8.55900533142127,9.035565157790936,0.0,0.0,0.0,0,PROGRESS,reconstructed_shortest
S4_SAFETY_RICH_NAVEEN12,2026-03-01 01:31:23,-9.0,2026-03-01 01:31:14,1.0,S4_SAFETY_RICH_NAVEEN12_L51,14.0,False,1,0,1,1,0.0,0.09828002983333334,0.4,0.6383363334727271,8.55841443430417,9.034734597329981,0.0,0.0,0.0,0,PROGRESS,reconstructed_shortest
S4_SAFETY_RICH_NAVEEN12,2026-03-01 01:31:23,-8.0,2026-03-01 01:31:15,1.0,S4_SAFETY_RICH_NAVEEN12_L51,14.0,False,1,0,1,1,0.0,0.06841913256060607,0.5,0.39237940633591734,8.558956089994782,9.03549594441919,0.0,0.0,0.0,0,PROGRESS,reconstructed_shortest
S4_SAFETY_RICH_NAVEEN12,2026-03-01 01:31:23,-7.0,2026-03-01 01:31:16,1.0,S4_SAFETY_RICH_NAVEEN12_L51,14.0,False,1,0,1,1,0.0,0.04140084437878788,0.6,0.2111433069190181,8.5546478944644,9.022389165568528,0.0,0.0,0.0,0,STALLED,reconstructed_shortest
S4_SAFETY_RICH_NAVEEN12,2026-03-01 01:31:23,-6.0,2026-03-01 01:31:17,1.0,S4_SAFETY_RICH_NAVEEN12_L51,14.0,False,1,0,1,1,0.0,0.02510323801515152,0.7,0.15657848955361878,8.556987228045916,9.029748267262786,0.0,0.0,0.0,0,STALLED,reconstructed_shortest
S4_SAFETY_RICH_NAVEEN12,2026-03-01 01:31:23,-5.0,2026-03-01 01:31:18,1.0,S4_SAFETY_RICH_NAVEEN12_L51,14.0,False,1,0,1,1,0.0,0.01755776365151516,0.8,0.12988864540258152,8.556264959479567,9.031671788499894,0.0,0.0,0.0,0,STALLED,reconstructed_shortest
S4_SAFETY_RICH_NAVEEN12,2026-03-01 01:31:23,-4.0,2026-03-01 01:31:19,1.0,S4_SAFETY_RICH_NAVEEN12_L51,14.0,False,1,0,1,1,0.0,0.010105752818181825,0.9,0.07721096709601377,8.559120962796127,9.035686164061168,0.0,0.0,0.0,0,STALLED,reconstructed_shortest
S4_SAFETY_RICH_NAVEEN12,2026-03-01 01:31:23,-3.0,2026-03-01 01:31:20,1.0,S4_SAFETY_RICH_NAVEEN12_L51,14.0,False,1,0,1,1,0.0,0.0,1.0,0.06150602920406425,8.509765359833068,8.992425810771863,0.0,0.0,0.0,0,PROGRESS,reconstructed_shortest
S4_SAFETY_RICH_NAVEEN12,2026-03-01 01:31:23,-2.0,2026-03-01 01:31:21,1.0,S4_SAFETY_RICH_NAVEEN12_L51,14.0,False,1,0,1,1,0.0,0.0,1.0,0.0020376246501457064,8.557210443479233,9.033016657553976,0.0,1.0,0.0,0,STALLED,reconstructed_shortest
S4_SAFETY_RICH_NAVEEN12,2026-03-01 01:31:23,-1.0,2026-03-01 01:31:22,1.0,S4_SAFETY_RICH_NAVEEN12_L51,14.0,False,1,0,1,1,-0.00019337454545454542,-1.933745454544899e-05,1.0,0.00344640942033382,8.556814494054496,9.032091469990934,0.0,1.0,0.0,0,STALLED,reconstructed_shortest
S4_SAFETY_RICH_NAVEEN12,2026-03-01 01:31:23,0.0,2026-03-01 01:31:23,1.0,S4_SAFETY_RICH_NAVEEN12_L51,14.0,False,1,0,1,1,-0.000425424,-6.187985454544899e-05,1.0,0.006154447626739325,8.556743577989355,9.031509648190422,0.0,1.0,1.0,1,STALLED,reconstructed_shortest
S4_SAFETY_RICH_NAVEEN12,2026-03-01 01:31:23,1.0,2026-03-01 01:31:24,1.0,S4_SAFETY_RICH_NAVEEN12_L51,14.0,False,1,0,1,1,-0.000425424,-0.00010442225454544898,1.0,0.02485775979503744,8.534886381866592,9.000725131753745,0.0,1.0,1.0,0,PROGRESS,reconstructed_shortest
S4_SAFETY_RICH_NAVEEN12,2026-03-01 01:31:23,2.0,2026-03-01 01:31:25,1.0,S4_SAFETY_RICH_NAVEEN12_L51,14.0,False,1,0,1,1,-0.000425424,-0.000146964654545449,1.0,0.04623665466732593,8.541446995402586,9.010529495729546,0.0,0.0,1.0,0,STALLED,reconstructed_shortest
S4_SAFETY_RICH_NAVEEN12,2026-03-01 01:31:23,3.0,2026-03-01 01:31:26,1.0,S4_SAFETY_RICH_NAVEEN12_L51,14.0,False,1,0,1,1,-0.000425424,-0.00018950705454544897,1.0,0.01843832083433999,8.55244571823316,9.026024800827068,0.0,1.0,1.0,0,STALLED,reconstructed_shortest
S4_SAFETY_RICH_NAVEEN12,2026-03-01 01:31:23,4.0,2026-03-01 01:31:27,1.0,S4_SAFETY_RICH_NAVEEN12_L51,14.0,False,1,0,1,1,-0.000425424,-0.00023204945454544898,1.0,0.011210442581242014,8.566045409878019,9.044618470314466,0.0,1.0,1.0,0,STALLED,reconstructed_shortest
S4_SAFETY_RICH_NAVEEN12,2026-03-01 01:31:23,5.0,2026-03-01 01:31:28,1.0,S4_SAFETY_RICH_NAVEEN12_L51,14.0,False,1,0,1,1,-0.000425424,-0.00027459185454544897,1.0,0.013713613184996212,8.567176032215357,9.045370442245423,0.0,1.0,1.0,0,STALLED,reconstructed_shortest
S4_SAFETY_RICH_NAVEEN12,2026-03-01 01:31:23,6.0,2026-03-01 01:31:29,1.0,S4_SAFETY_RICH_NAVEEN12_L51,14.0,False,1,0,1,1,-0.000389971,-0.000313588954545449,1.0,0.05906778500281472,8.564575330654511,9.041609353313836,0.0,0.0,1.0,0,STALLED,reconstructed_shortest
S4_SAFETY_RICH_NAVEEN12,2026-03-01 01:31:23,7.0,2026-03-01 01:31:30,1.0,S4_SAFETY_RICH_NAVEEN12_L51,14.0,False,1,0,1,1,0.040608654545454544,0.0037472765000000053,0.9,0.015641818023576032,8.56363199213102,9.03993102369976,0.0,1.0,1.0,0,STALLED,reconstructed_shortest
S4_SAFETY_RICH_NAVEEN12,2026-03-01 01:31:23,8.0,2026-03-01 01:31:31,1.0,S4_SAFETY_RICH_NAVEEN12_L51,14.0,False,1,0,1,1,0.06257599963636364,0.01000487646363637,0.8,0.05236146823099638,8.520793511654318,9.003358422512063,0.0,0.0,1.0,0,STALLED,reconstructed_shortest
S4_SAFETY_RICH_NAVEEN12,2026-03-01 01:31:23,9.0,2026-03-01 01:31:32,1.0,S4_SAFETY_RICH_NAVEEN12_L51,14.0,False,1,0,1,1,0.0006381345,0.010088027368181821,0.8,0.06319380399177937,8.504096070144293,9.001119444473556,0.0,0.0,1.0,0,PROGRESS,reconstructed_shortest
S4_SAFETY_RICH_NAVEEN12,2026-03-01 01:31:23,10.0,2026-03-01 01:31:33,1.0,S4_SAFETY_RICH_NAVEEN12_L51,14.0,False,1,0,1,1,0.000425424,0.010173112168181824,0.8,0.04223013240368967,8.501103359866867,8.987656840270315,0.0,0.0,1.0,0,PROGRESS,reconstructed_shortest
S4_SAFETY_RICH_NAVEEN12,2026-03-01 01:35:48,-15.0,2026-03-01 01:35:33,1.0,S4_SAFETY_RICH_NAVEEN12_L56,14.0,False,1,0,1,1,0.29655919999999997,0.20678377783333332,0.0,1.3262000778055372,14.599398532391215,15.177250199792486,0.0,0.0,0.0,0,PROGRESS,reconstructed_shortest
S4_SAFETY_RICH_NAVEEN12,2026-03-01 01:35:48,-14.0,2026-03-01 01:35:34,1.0,S4_SAFETY_RICH_NAVEEN12_L56,14.0,False,1,0,1,1,0.295456925,0.22647123915151518,0.0,1.4424114196003102,14.333019438993418,14.89822760675312,0.0,0.0,0.0,0,PROGRESS,reconstructed_shortest
S4_SAFETY_RICH_NAVEEN12,2026-03-01 01:35:48,-13.0,2026-03-01 01:35:35,1.0,S4_SAFETY_RICH_NAVEEN12_L56,14.0,False,1,0,1,1,0.29624979090909087,0.23401284824242424,0.0,1.6033687907982483,14.034200654924659,14.589816163702688,0.0,0.0,0.0,0,PROGRESS,reconstructed_shortest
S4_SAFETY_RICH_NAVEEN12,2026-03-01 01:35:48,-12.0,2026-03-01 01:35:36,1.0,S4_SAFETY_RICH_NAVEEN12_L56,14.0,False,1,0,1,1,0.10798032727272727,0.21853031346969692,0.0,1.7309560120861986,13.83019916879887,14.383706425153456,0.0,0.0,0.0,0,PROGRESS,reconstructed_shortest
S4_SAFETY_RICH_NAVEEN12,2026-03-01 01:35:48,-11.0,2026-03-01 01:35:37,1.0,S4_SAFETY_RICH_NAVEEN12_L56,14.0,False,1,0,1,1,0.0,0.1925059661969697,0.1,1.7672007115949804,13.770845313033998,14.319208009709879,0.0,0.0,0.0,0,PROGRESS,reconstructed_shortest
S4_SAFETY_RICH_NAVEEN12,2026-03-01 01:35:48,-10.0,2026-03-01 01:35:38,1.0,S4_SAFETY_RICH_NAVEEN12_L56,14.0,False,1,0,1,1,0.0,0.18135630886363635,0.2,1.7156587934974235,13.7713868535613,14.319761447490107,0.0,0.0,0.0,0,PROGRESS,reconstructed_shortest
S4_SAFETY_RICH_NAVEEN12,2026-03-01 01:35:48,-9.0,2026-03-01 01:35:39,1.0,S4_SAFETY_RICH_NAVEEN12_L56,14.0,False,1,0,1,1,0.0,0.1701286621969697,0.3,1.6363662380526252,13.7713868535613,14.319761447490107,0.0,0.0,0.0,0,PROGRESS,reconstructed_shortest
S4_SAFETY_RICH_NAVEEN12,2026-03-01 01:35:48,-8.0,2026-03-01 01:35:40,1.0,S4_SAFETY_RICH_NAVEEN12_L56,14.0,False,1,0,1,1,0.0,0.15304788719696968,0.4,1.4260000900868608,13.7713868535613,14.319761447490107,0.0,0.0,0.0,0,PROGRESS,reconstructed_shortest
S4_SAFETY_RICH_NAVEEN12,2026-03-01 01:35:48,-7.0,2026-03-01 01:35:41,1.0,S4_SAFETY_RICH_NAVEEN12_L56,14.0,False,1,0,1,1,0.0,0.12728491886363635,0.5,1.1316482509203443,13.7713868535613,14.319761447490109,0.0,0.0,0.0,0,PROGRESS,reconstructed_shortest
S4_SAFETY_RICH_NAVEEN12,2026-03-01 01:35:48,-6.0,2026-03-01 01:35:42,1.0,S4_SAFETY_RICH_NAVEEN12_L56,14.0,False,1,0,1,1,0.0,0.09962462431818181,0.6,0.7990976386723496,13.800848740079985,14.348066329246048,0.0,0.0,0.0,0,STALLED,reconstructed_shortest
S4_SAFETY_RICH_NAVEEN12,2026-03-01 01:35:48,-5.0,2026-03-01 01:35:43,1.0,S4_SAFETY_RICH_NAVEEN12_L56,14.0,False,1,0,1,1,0.0,0.0699687043181818,0.7,0.5563690768866665,13.776946588519348,14.323510241503662,0.0,0.0,0.0,0,STALLED,reconstructed_shortest
S4_SAFETY_RICH_NAVEEN12,2026-03-01 01:35:48,-4.0,2026-03-01 01:35:44,1.0,S4_SAFETY_RICH_NAVEEN12_L56,14.0,False,1,0,1,1,0.0,0.040423011818181816,0.8,0.2617619242453176,13.77252849290989,14.321122134885035,0.0,0.0,0.0,0,STALLED,reconstructed_shortest
S4_SAFETY_RICH_NAVEEN12,2026-03-01 01:35:48,-3.0,2026-03-01 01:35:45,1.0,S4_SAFETY_RICH_NAVEEN12_L56,14.0,False,1,0,1,1,0.0,0.010798032727272727,0.9,0.05834915985323648,13.772055512008146,14.320638763101822,0.0,0.0,0.0,0,STALLED,reconstructed_shortest
S4_SAFETY_RICH_NAVEEN12,2026-03-01 01:35:48,-2.0,2026-03-01 01:35:46,1.0,S4_SAFETY_RICH_NAVEEN12_L56,14.0,False,1,0,1,1,0.0,0.0,1.0,0.0012300614257468555,13.772055512008146,14.320638763101822,0.0,1.0,0.0,0,STALLED,reconstructed_shortest
S4_SAFETY_RICH_NAVEEN12,2026-03-01 01:35:48,-1.0,2026-03-01 01:35:47,1.0,S4_SAFETY_RICH_NAVEEN12_L56,14.0,False,1,0,1,1,0.0,0.0,1.0,0.0007004034551598255,13.772055512008146,14.320638763101822,0.0,1.0,0.0,0,STALLED,reconstructed_shortest
S4_SAFETY_RICH_NAVEEN12,2026-03-01 01:35:48,0.0,2026-03-01 01:35:48,1.0,S4_SAFETY_RICH_NAVEEN12_L56,14.0,False,1,0,1,1,0.0,0.0,1.0,0.0007004034551598255,13.772055512008146,14.320638763101822,0.0,1.0,1.0,1,STALLED,reconstructed_shortest
S4_SAFETY_RICH_NAVEEN12,2026-03-01 01:35:48,1.0,2026-03-01 01:35:49,1.0,S4_SAFETY_RICH_NAVEEN12_L56,14.0,False,1,0,1,1,0.0,0.0,1.0,0.01075464547598153,13.782138685646958,14.330763484940547,0.0,1.0,1.0,0,STALLED,reconstructed_shortest
S4_SAFETY_RICH_NAVEEN12,2026-03-01 01:35:48,2.0,2026-03-01 01:35:50,1.0,S4_SAFETY_RICH_NAVEEN12_L56,14.0,False,1,0,1,1,0.0,0.0,1.0,0.0003210545125056009,13.77170734012399,14.320062979069586,0.0,1.0,1.0,0,STALLED,reconstructed_shortest
S4_SAFETY_RICH_NAVEEN12,2026-03-01 01:35:48,3.0,2026-03-01 01:35:51,1.0,S4_SAFETY_RICH_NAVEEN12_L56,14.0,False,1,0,1,1,0.0,0.0,1.0,0.028992528579486938,13.771856290930122,14.318997159528676,0.0,1.0,1.0,0,STALLED,reconstructed_shortest
S4_SAFETY_RICH_NAVEEN12,2026-03-01 01:35:48,4.0,2026-03-01 01:35:52,1.0,S4_SAFETY_RICH_NAVEEN12_L56,14.0,False,1,0,1,1,0.0,0.0,1.0,0.004545302282903788,13.77240325262925,14.319099344642453,0.0,1.0,1.0,0,STALLED,reconstructed_shortest
S4_SAFETY_RICH_NAVEEN12,2026-03-01 01:35:48,5.0,2026-03-01 01:35:53,1.0,S4_SAFETY_RICH_NAVEEN12_L56,14.0,False,1,0,1,1,0.0,0.0,1.0,0.06560336230647121,13.838119245692996,14.388028389528053,0.0,0.0,1.0,0,STALLED,reconstructed_shortest
S4_SAFETY_RICH_NAVEEN12,2026-03-01 01:35:48,6.0,2026-03-01 01:35:54,1.0,S4_SAFETY_RICH_NAVEEN12_L56,14.0,False,1,0,1,1,0.0,0.0,1.0,0.06786720823267756,13.839921697104154,14.388906082587745,0.0,0.0,1.0,0,STALLED,reconstructed_shortest
S4_SAFETY_RICH_NAVEEN12,2026-03-01 01:35:48,7.0,2026-03-01 01:35:55,1.0,S4_SAFETY_RICH_NAVEEN12_L56,14.0,False,1,0,1,1,0.0,0.0,1.0,0.004013834700134414,13.775941155590095,14.323519924480028,0.0,1.0,1.0,0,STALLED,reconstructed_shortest
S4_SAFETY_RICH_NAVEEN12,2026-03-01 01:35:48,8.0,2026-03-01 01:35:56,1.0,S4_SAFETY_RICH_NAVEEN12_L56,14.0,False,1,0,1,1,0.0,0.0,1.0,0.0014574787156630335,13.773046379056707,14.32056154798208,0.0,1.0,1.0,0,STALLED,reconstructed_shortest
S4_SAFETY_RICH_NAVEEN12,2026-03-01 01:35:48,9.0,2026-03-01 01:35:57,1.0,S4_SAFETY_RICH_NAVEEN12_L56,14.0,False,1,0,1,1,0.0,0.0,1.0,0.0012884366495872959,13.771392221165621,14.318871047126109,0.0,1.0,1.0,0,STALLED,reconstructed_shortest
S4_SAFETY_RICH_NAVEEN12,2026-03-01 01:35:48,10.0,2026-03-01 01:35:58,1.0,S4_SAFETY_RICH_NAVEEN12_L56,14.0,False,1,0,1,1,0.0,0.0,1.0,0.010807017587301116,13.771392221165621,14.318871047126109,0.0,1.0,1.0,0,PROGRESS,reconstructed_shortest
S4_SAFETY_RICH_NAVEEN12,2026-03-01 01:39:18,-15.0,2026-03-01 01:39:03,1.0,S4_SAFETY_RICH_NAVEEN12_L58,1.0,False,1,0,1,1,0.2712078,0.21171805234848481,0.1,1.7838014207510926,0.6167955694233279,0.6167955694233279,0.9264531253429202,0.0,0.0,0,PROGRESS,reconstructed_shortest
S4_SAFETY_RICH_NAVEEN12,2026-03-01 01:39:18,-14.0,2026-03-01 01:39:04,1.0,S4_SAFETY_RICH_NAVEEN12_L58,1.0,False,1,0,1,1,0.27035696666666664,0.2089421640151515,0.1,1.752910190652061,0.33911572060486905,0.33911572060486905,0.9595637474813736,0.0,0.0,0,PROGRESS,reconstructed_shortest
S4_SAFETY_RICH_NAVEEN12,2026-03-01 01:39:18,-13.0,2026-03-01 01:39:05,1.0,S4_SAFETY_RICH_NAVEEN12_L58,1.0,False,1,0,1,1,0.11037818818181817,0.19022157533333334,0.1,1.6959473102916849,0.14612623554556559,0.14612623554556559,0.9825758671713083,0.0,0.0,0,PROGRESS,reconstructed_shortest
S4_SAFETY_RICH_NAVEEN12,2026-03-01 01:39:18,-12.0,2026-03-01 01:39:06,1.0,S4_SAFETY_RICH_NAVEEN12_L58,1.0,False,1,0,1,1,0.09931715727272726,0.17585771196969696,0.1,1.5654062028144644,0.04538300072768833,0.04538300072768833,0.9945885184142906,0.0,0.0,0,PROGRESS,reconstructed_shortest
S4_SAFETY_RICH_NAVEEN12,2026-03-01 01:39:18,-11.0,2026-03-01 01:39:07,1.0,S4_SAFETY_RICH_NAVEEN12_L58,1.0,False,1,0,1,1,0.014812489090909091,0.1592391045151515,0.2,1.342028409946216,0.009835503802530846,0.009835503802530846,0.9988272118004508,0.0,0.0,0,PROGRESS,reconstructed_shortest
S4_SAFETY_RICH_NAVEEN12,2026-03-01 01:39:18,-10.0,2026-03-01 01:39:08,1.0,S4_SAFETY_RICH_NAVEEN12_L58,1.0,False,1,0,1,1,0.0,0.12939206868181818,0.3,1.0713678256118413,0.010702525356195055,0.010702525356195055,0.9987238279100769,0.0,0.0,0,PROGRESS,reconstructed_shortest
S4_SAFETY_RICH_NAVEEN12,2026-03-01 01:39:18,-9.0,2026-03-01 01:39:09,1.0,S4_SAFETY_RICH_NAVEEN12_L58,1.0,False,1,0,1,1,0.0,0.09946348868181817,0.4,0.8459272685227216,0.010199004338457877,0.010199004338457877,0.9987838678957942,0.0,0.0,0,PROGRESS,reconstructed_shortest
S4_SAFETY_RICH_NAVEEN12,2026-03-01 01:39:18,-8.0,2026-03-01 01:39:10,1.0,S4_SAFETY_RICH_NAVEEN12_L58,1.0,False,1,0,1,1,0.0,0.08201401284848484,0.5,0.7805153172498055,0.012699233408569629,0.012699233408569629,0.9984857398884783,0.0,0.0,0,PROGRESS,reconstructed_shortest
S4_SAFETY_RICH_NAVEEN12,2026-03-01 01:39:18,-7.0,2026-03-01 01:39:11,1.0,S4_SAFETY_RICH_NAVEEN12_L58,1.0,False,1,0,1,1,0.0,0.08201401284848484,0.5,0.7693739808604338,0.012181218083592413,0.012181218083592413,0.9985475081794084,0.0,0.0,0,PROGRESS,reconstructed_shortest
S4_SAFETY_RICH_NAVEEN12,2026-03-01 01:39:18,-6.0,2026-03-01 01:39:12,1.0,S4_SAFETY_RICH_NAVEEN12_L58,1.0,False,1,0,1,1,0.0,0.07660726012121212,0.6,0.6255090170215436,0.010747030660061014,0.010747030660061014,0.9987185210853082,0.0,0.0,0,STALLED,reconstructed_shortest
S4_SAFETY_RICH_NAVEEN12,2026-03-01 01:39:18,-5.0,2026-03-01 01:39:13,1.0,S4_SAFETY_RICH_NAVEEN12_L58,1.0,False,1,0,1,1,0.0,0.049486480121212116,0.7,0.3521746711014756,0.014582071758451916,0.014582071758451916,0.9982612297217665,0.0,0.0,0,STALLED,reconstructed_shortest
S4_SAFETY_RICH_NAVEEN12,2026-03-01 01:39:18,-4.0,2026-03-01 01:39:14,1.0,S4_SAFETY_RICH_NAVEEN12_L58,1.0,False,1,0,1,1,0.0,0.022450783454545452,0.8,0.15901444527003547,0.01450131283712187,0.01450131283712187,0.99827085943793,0.0,0.0,0,STALLED,reconstructed_shortest
S4_SAFETY_RICH_NAVEEN12,2026-03-01 01:39:18,-3.0,2026-03-01 01:39:15,1.0,S4_SAFETY_RICH_NAVEEN12_L58,1.0,False,1,0,1,1,0.0,0.011412964636363635,0.9,0.05786061297992665,0.014797869745337831,0.014797869745337831,0.9982354979099969,0.0,0.0,0,STALLED,reconstructed_shortest
S4_SAFETY_RICH_NAVEEN12,2026-03-01 01:39:18,-2.0,2026-03-01 01:39:16,1.0,S4_SAFETY_RICH_NAVEEN12_L58,1.0,False,1,0,1,1,0.0,0.001481248909090909,1.0,0.01015119709750465,0.015557870328721845,0.015557870328721846,0.9981448752297826,1.0,0.0,0,STALLED,reconstructed_shortest
S4_SAFETY_RICH_NAVEEN12,2026-03-01 01:39:18,-1.0,2026-03-01 01:39:17,1.0,S4_SAFETY_RICH_NAVEEN12_L58,1.0,False,1,0,1,1,0.0,0.0,1.0,0.007165610307181865,0.014366921036686927,0.014366921036686927,0.9982868843534637,1.0,0.0,0,STALLED,reconstructed_shortest
S4_SAFETY_RICH_NAVEEN12,2026-03-01 01:39:18,0.0,2026-03-01 01:39:18,1.0,S4_SAFETY_RICH_NAVEEN12_L58,1.0,False,1,0,1,1,0.0,0.0,1.0,0.006419761873781875,0.012846843715266907,0.012846843715266907,0.9984681387945941,1.0,1.0,1,STALLED,reconstructed_shortest
S4_SAFETY_RICH_NAVEEN12,2026-03-01 01:39:18,1.0,2026-03-01 01:39:19,1.0,S4_SAFETY_RICH_NAVEEN12_L58,1.0,False,1,0,1,1,0.0,0.0,1.0,0.0004727272727271803,0.012465189489135045,0.012465189489135045,0.9985136473503023,1.0,1.0,0,STALLED,reconstructed_shortest
S4_SAFETY_RICH_NAVEEN12,2026-03-01 01:39:18,2.0,2026-03-01 01:39:20,1.0,S4_SAFETY_RICH_NAVEEN12_L58,1.0,False,1,0,1,1,0.0,0.0,1.0,0.0012704545454553795,0.013301972397400875,0.013301972397400875,0.9984138691243871,1.0,1.0,0,STALLED,reconstructed_shortest
S4_SAFETY_RICH_NAVEEN12,2026-03-01 01:39:18,3.0,2026-03-01 01:39:21,1.0,S4_SAFETY_RICH_NAVEEN12_L58,1.0,False,1,0,1,1,0.0,0.0,1.0,0.002600000000001046,0.012986431198795603,0.012986431198795603,0.9984514943443683,1.0,1.0,0,STALLED,reconstructed_shortest
S4_SAFETY_RICH_NAVEEN12,2026-03-01 01:39:18,4.0,2026-03-01 01:39:22,1.0,S4_SAFETY_RICH_NAVEEN12_L59,5.0,False,1,0,1,1,0.0,,,,20.40940741958783,22.44041959291683,0.0,,,0,PROGRESS,reconstructed_shortest
S4_SAFETY_RICH_NAVEEN12,2026-03-01 01:39:18,5.0,2026-03-01 01:39:23,1.0,S4_SAFETY_RICH_NAVEEN12_L59,5.0,False,1,0,1,1,0.00021271199999999997,,,,20.411153473875043,22.442025734685156,0.0,,,0,PROGRESS,reconstructed_shortest
S4_SAFETY_RICH_NAVEEN12,2026-03-01 01:39:18,6.0,2026-03-01 01:39:24,1.0,S4_SAFETY_RICH_NAVEEN12_L59,5.0,False,1,0,1,1,0.00042542199999999995,,,,20.413367579853883,22.443363912086134,0.0,,,0,PROGRESS,reconstructed_shortest
S4_SAFETY_RICH_NAVEEN12,2026-03-01 01:39:18,7.0,2026-03-01 01:39:25,1.0,S4_SAFETY_RICH_NAVEEN12_L59,5.0,False,1,0,1,1,0.000425424,0.0002658895,1.0,,20.427054407645173,22.464498285890816,0.0,,,0,PROGRESS,reconstructed_shortest
S4_SAFETY_RICH_NAVEEN12,2026-03-01 01:39:18,8.0,2026-03-01 01:39:26,1.0,S4_SAFETY_RICH_NAVEEN12_L59,5.0,False,1,0,1,1,0.000425424,0.00029779639999999994,1.0,,20.44453715066835,22.486566970816966,0.0,,,0,PROGRESS,reconstructed_shortest
S4_SAFETY_RICH_NAVEEN12,2026-03-01 01:39:18,9.0,2026-03-01 01:39:27,1.0,S4_SAFETY_RICH_NAVEEN12_L59,5.0,False,1,0,1,1,0.000425424,0.00031906766666666667,1.0,,20.411152329699625,22.441155876710496,0.0,,,0,STALLED,reconstructed_shortest
S4_SAFETY_RICH_NAVEEN12,2026-03-01 01:39:18,10.0,2026-03-01 01:39:28,1.0,S4_SAFETY_RICH_NAVEEN12_L59,5.0,False,1,0,1,1,0.000425424,0.00033426142857142854,1.0,0.022658809569108672,20.392452584519283,22.44098276129341,0.0,,,0,STALLED,reconstructed_shortest
S4_SAFETY_RICH_NAVEEN12,2026-03-01 01:39:33,-15.0,2026-03-01 01:39:18,1.0,S4_SAFETY_RICH_NAVEEN12_L58,1.0,False,1,0,1,1,0.0,0.0,1.0,0.006419761873781875,0.012846843715266907,0.012846843715266907,0.9984681387945941,1.0,1.0,1,STALLED,reconstructed_shortest
S4_SAFETY_RICH_NAVEEN12,2026-03-01 01:39:33,-14.0,2026-03-01 01:39:19,1.0,S4_SAFETY_RICH_NAVEEN12_L58,1.0,False,1,0,1,1,0.0,0.0,1.0,0.0004727272727271803,0.012465189489135045,0.012465189489135045,0.9985136473503023,1.0,1.0,0,STALLED,reconstructed_shortest
S4_SAFETY_RICH_NAVEEN12,2026-03-01 01:39:33,-13.0,2026-03-01 01:39:20,1.0,S4_SAFETY_RICH_NAVEEN12_L58,1.0,False,1,0,1,1,0.0,0.0,1.0,0.0012704545454553795,0.013301972397400875,0.013301972397400875,0.9984138691243871,1.0,1.0,0,STALLED,reconstructed_shortest
S4_SAFETY_RICH_NAVEEN12,2026-03-01 01:39:33,-12.0,2026-03-01 01:39:21,1.0,S4_SAFETY_RICH_NAVEEN12_L58,1.0,False,1,0,1,1,0.0,0.0,1.0,0.002600000000001046,0.012986431198795603,0.012986431198795603,0.9984514943443683,1.0,1.0,0,STALLED,reconstructed_shortest
S4_SAFETY_RICH_NAVEEN12,2026-03-01 01:39:33,-11.0,2026-03-01 01:39:22,1.0,S4_SAFETY_RICH_NAVEEN12_L59,5.0,False,1,0,1,1,0.0,,,,20.40940741958783,22.44041959291683,0.0,,,0,PROGRESS,reconstructed_shortest
S4_SAFETY_RICH_NAVEEN12,2026-03-01 01:39:33,-10.0,2026-03-01 01:39:23,1.0,S4_SAFETY_RICH_NAVEEN12_L59,5.0,False,1,0,1,1,0.00021271199999999997,,,,20.411153473875043,22.442025734685156,0.0,,,0,PROGRESS,reconstructed_shortest
S4_SAFETY_RICH_NAVEEN12,2026-03-01 01:39:33,-9.0,2026-03-01 01:39:24,1.0,S4_SAFETY_RICH_NAVEEN12_L59,5.0,False,1,0,1,1,0.00042542199999999995,,,,20.413367579853883,22.443363912086134,0.0,,,0,PROGRESS,reconstructed_shortest
S4_SAFETY_RICH_NAVEEN12,2026-03-01 01:39:33,-8.0,2026-03-01 01:39:25,1.0,S4_SAFETY_RICH_NAVEEN12_L59,5.0,False,1,0,1,1,0.000425424,0.0002658895,1.0,,20.427054407645173,22.464498285890816,0.0,,,0,PROGRESS,reconstructed_shortest
S4_SAFETY_RICH_NAVEEN12,2026-03-01 01:39:33,-7.0,2026-03-01 01:39:26,1.0,S4_SAFETY_RICH_NAVEEN12_L59,5.0,False,1,0,1,1,0.000425424,0.00029779639999999994,1.0,,20.44453715066835,22.486566970816966,0.0,,,0,PROGRESS,reconstructed_shortest
S4_SAFETY_RICH_NAVEEN12,2026-03-01 01:39:33,-6.0,2026-03-01 01:39:27,1.0,S4_SAFETY_RICH_NAVEEN12_L59,5.0,False,1,0,1,1,0.000425424,0.00031906766666666667,1.0,,20.411152329699625,22.441155876710496,0.0,,,0,STALLED,reconstructed_shortest
S4_SAFETY_RICH_NAVEEN12,2026-03-01 01:39:33,-5.0,2026-03-01 01:39:28,1.0,S4_SAFETY_RICH_NAVEEN12_L59,5.0,False,1,0,1,1,0.000425424,0.00033426142857142854,1.0,0.022658809569108672,20.392452584519283,22.44098276129341,0.0,,,0,STALLED,reconstructed_shortest
S4_SAFETY_RICH_NAVEEN12,2026-03-01 01:39:33,-4.0,2026-03-01 01:39:29,1.0,S4_SAFETY_RICH_NAVEEN12_L59,5.0,False,1,0,1,1,0.000425424,0.00034565675,1.0,0.01958357904101206,20.39356882758505,22.438935747630048,6.612377636872058e-05,,,0,STALLED,reconstructed_shortest
S4_SAFETY_RICH_NAVEEN12,2026-03-01 01:39:33,-3.0,2026-03-01 01:39:30,1.0,S4_SAFETY_RICH_NAVEEN12_L59,5.0,False,1,0,1,1,0.000425424,0.00035451977777777776,1.0,0.017759749451005804,20.392766725347443,22.43317292161191,0.0003229294031207308,,,0,PROGRESS,reconstructed_shortest
S4_SAFETY_RICH_NAVEEN12,2026-03-01 01:39:33,-2.0,2026-03-01 01:39:31,1.0,S4_SAFETY_RICH_NAVEEN12_L59,5.0,False,1,0,1,1,0.00042542399999999993,0.0003616102,1.0,0.0163289326078329,20.39353524896446,22.431808626115423,0.00038372574834222295,1.0,0.0,0,PROGRESS,reconstructed_shortest
S4_SAFETY_RICH_NAVEEN12,2026-03-01 01:39:33,-1.0,2026-03-01 01:39:32,1.0,S4_SAFETY_RICH_NAVEEN12_L59,5.0,False,1,0,1,1,0.0004254229090909091,0.0004041524909090909,1.0,0.017205660645313037,20.39472670958327,22.43418656462782,0.0002777589903433242,1.0,0.0,0,STALLED,reconstructed_shortest
S4_SAFETY_RICH_NAVEEN12,2026-03-01 01:39:33,0.0,2026-03-01 01:39:33,1.0,S4_SAFETY_RICH_NAVEEN12_L59,5.0,False,1,0,1,1,0.0004254229090909091,0.00042542358181818176,1.0,0.021796390404089955,20.39348369510165,22.431215419904344,0.0004101604684517701,1.0,1.0,1,STALLED,reconstructed_shortest
S4_SAFETY_RICH_NAVEEN12,2026-03-01 01:39:33,1.0,2026-03-01 01:39:34,1.0,S4_SAFETY_RICH_NAVEEN12_L59,5.0,False,1,0,1,1,0.14151150436363638,0.01453403181818182,0.9,0.07465508483891581,20.360532004821547,22.398300012988322,0.0018769515317709207,0.0,1.0,0,PROGRESS,reconstructed_shortest
S4_SAFETY_RICH_NAVEEN12,2026-03-01 01:39:33,2.0,2026-03-01 01:39:35,1.0,S4_SAFETY_RICH_NAVEEN12_L59,5.0,False,1,0,1,1,0.29311715,0.04380320441818182,0.8,0.2941534832022397,20.156354261416716,22.19047642010388,0.01113807929384003,0.0,1.0,0,RECOVERING,reconstructed_shortest
S4_SAFETY_RICH_NAVEEN12,2026-03-01 01:39:33,3.0,2026-03-01 01:39:36,1.0,S4_SAFETY_RICH_NAVEEN12_L59,5.0,False,1,0,1,1,0.2980675,0.07356741201818182,0.7,0.5571596351851977,19.855367051187404,21.88448488661839,0.0247738106676898,0.0,1.0,0,RECOVERING,reconstructed_shortest
S4_SAFETY_RICH_NAVEEN12,2026-03-01 01:39:33,4.0,2026-03-01 01:39:37,1.0,S4_SAFETY_RICH_NAVEEN12_L59,5.0,False,1,0,1,1,0.2972553090909091,0.10325040052727272,0.6,0.7826816170016001,19.610651317868935,21.64029662558744,0.03565543701250329,0.0,1.0,0,RECOVERING,reconstructed_shortest
S4_SAFETY_RICH_NAVEEN12,2026-03-01 01:39:33,5.0,2026-03-01 01:39:38,1.0,S4_SAFETY_RICH_NAVEEN12_L59,5.0,False,1,0,1,1,0.29871850833333335,0.13307970896060609,0.5,1.1007050213393217,19.294752605617052,21.324049060007372,0.049748202268991126,0.0,1.0,0,RECOVERING,reconstructed_shortest
S4_SAFETY_RICH_NAVEEN12,2026-03-01 01:39:33,6.0,2026-03-01 01:39:39,1.0,S4_SAFETY_RICH_NAVEEN12_L59,5.0,False,1,0,1,1,0.2992858,0.16296574656060606,0.4,1.3745840408580636,19.021161112843608,21.050300629233135,0.06194710209975196,0.0,1.0,0,PROGRESS,reconstructed_shortest
S4_SAFETY_RICH_NAVEEN12,2026-03-01 01:39:33,7.0,2026-03-01 01:39:40,1.0,S4_SAFETY_RICH_NAVEEN12_L59,5.0,False,1,0,1,1,0.2981158583333333,0.1927347899939394,0.3,1.6536728905863887,18.744077300071908,20.76939586041039,0.0744649058627177,0.0,1.0,0,PROGRESS,reconstructed_shortest
S4_SAFETY_RICH_NAVEEN12,2026-03-01 01:39:33,8.0,2026-03-01 01:39:41,1.0,S4_SAFETY_RICH_NAVEEN12_L59,5.0,False,1,0,1,1,0.2988796727272727,0.22258021486666663,0.2,1.935763168635982,18.46415713672026,20.488217257030474,0.0869949123635172,0.0,1.0,0,PROGRESS,reconstructed_shortest
S4_SAFETY_RICH_NAVEEN12,2026-03-01 01:39:33,9.0,2026-03-01 01:39:42,1.0,S4_SAFETY_RICH_NAVEEN12_L59,5.0,False,1,0,1,1,0.2992858,0.2524662525757576,0.1,2.220679357874882,18.17893462993674,20.202188538161487,0.09974105187684745,0.0,1.0,0,PROGRESS,reconstructed_shortest
S4_SAFETY_RICH_NAVEEN12,2026-03-01 01:39:33,10.0,2026-03-01 01:39:43,1.0,S4_SAFETY_RICH_NAVEEN12_L59,5.0,False,1,0,1,1,0.29843492499999996,0.28226720278484846,0.0,2.489688150753409,17.877709923429265,19.900138649941876,0.11320113389398367,0.0,0.0,0,PROGRESS,reconstructed_shortest
S4_SAFETY_RICH_NAVEEN12,2026-03-01 01:40:06,-15.0,2026-03-01 01:39:51,1.0,S4_SAFETY_RICH_NAVEEN12_L59,5.0,False,1,0,1,1,0.298434925,0.2986379740151516,0.0,2.5592925732977942,15.630003852957174,17.48095263611763,0.22100598147303008,0.0,0.0,0,PROGRESS,reconstructed_shortest
S4_SAFETY_RICH_NAVEEN12,2026-03-01 01:40:06,-14.0,2026-03-01 01:39:52,1.0,S4_SAFETY_RICH_NAVEEN12_L59,5.0,False,1,0,1,1,0.2987636454545454,0.29858575856060604,0.0,2.55732106425702,15.331140540434467,17.178562126179358,0.23448124242731816,0.0,0.0,0,PROGRESS,reconstructed_shortest
S4_SAFETY_RICH_NAVEEN12,2026-03-01 01:40:06,-13.0,2026-03-01 01:39:53,1.0,S4_SAFETY_RICH_NAVEEN12_L59,5.0,False,1,0,1,1,0.29893126666666664,0.29863539272727274,0.0,2.5539096323161488,15.07029937984401,16.91656113688627,0.24615664752427935,0.0,0.0,0,PROGRESS,reconstructed_shortest
S4_SAFETY_RICH_NAVEEN12,2026-03-01 01:40:06,-12.0,2026-03-01 01:39:54,1.0,S4_SAFETY_RICH_NAVEEN12_L59,5.0,False,1,0,1,1,0.12461379166666665,0.28128615371212123,0.0,2.4926782239453984,14.851860016386508,16.699232890761298,0.2558413258889196,0.0,0.0,0,PROGRESS,reconstructed_shortest
S4_SAFETY_RICH_NAVEEN12,2026-03-01 01:40:06,-11.0,2026-03-01 01:39:55,1.0,S4_SAFETY_RICH_NAVEEN12_L59,5.0,False,1,0,1,1,0.0,0.25144459734848484,0.1,2.2498045417351156,14.808757721716564,16.65632779147518,0.2577532820851246,0.0,0.0,0,PROGRESS,reconstructed_shortest
S4_SAFETY_RICH_NAVEEN12,2026-03-01 01:40:06,-10.0,2026-03-01 01:39:56,1.0,S4_SAFETY_RICH_NAVEEN12_L59,5.0,False,1,0,1,1,0.0,0.22163301151515152,0.2,1.9440160140758518,14.809945708146135,16.657547723275975,0.2576989189393847,0.0,0.0,0,PROGRESS,reconstructed_shortest
S4_SAFETY_RICH_NAVEEN12,2026-03-01 01:40:06,-9.0,2026-03-01 01:39:57,1.0,S4_SAFETY_RICH_NAVEEN12_L59,5.0,False,1,0,1,1,0.0,0.1917257015151515,0.3,1.7062325434047283,14.810053706941781,16.657658626166956,0.25769397683522655,0.0,0.0,0,PROGRESS,reconstructed_shortest
S4_SAFETY_RICH_NAVEEN12,2026-03-01 01:40:06,-8.0,2026-03-01 01:39:58,1.0,S4_SAFETY_RICH_NAVEEN12_L59,5.0,False,1,0,1,1,0.0,0.16180292242424243,0.4,1.3867827961165822,14.810053706941781,16.657658626166956,0.25769397683522655,0.0,0.0,0,PROGRESS,reconstructed_shortest
S4_SAFETY_RICH_NAVEEN12,2026-03-01 01:40:06,-7.0,2026-03-01 01:39:59,1.0,S4_SAFETY_RICH_NAVEEN12_L59,5.0,False,1,0,1,1,0.0,0.1319072178787879,0.5,1.1205023114036619,14.811025696322487,16.658656752185788,0.257649497897803,0.0,0.0,0,PROGRESS,reconstructed_shortest
S4_SAFETY_RICH_NAVEEN12,2026-03-01 01:40:06,-6.0,2026-03-01 01:40:00,1.0,S4_SAFETY_RICH_NAVEEN12_L59,5.0,False,1,0,1,1,0.0,0.10207436287878788,0.6,0.8228380543193196,14.811349692870667,16.658989460858734,0.2576346715853284,0.0,0.0,0,STALLED,reconstructed_shortest
S4_SAFETY_RICH_NAVEEN12,2026-03-01 01:40:06,-5.0,2026-03-01 01:40:01,1.0,S4_SAFETY_RICH_NAVEEN12_L59,5.0,False,1,0,1,1,0.0,0.07223087037878786,0.7,0.5250144853213062,14.80911117216274,16.65669074639112,0.2577371079260614,0.0,0.0,0,STALLED,reconstructed_shortest
S4_SAFETY_RICH_NAVEEN12,2026-03-01 01:40:06,-4.0,2026-03-01 01:40:02,1.0,S4_SAFETY_RICH_NAVEEN12_L59,5.0,False,1,0,1,1,0.0,0.04235450583333333,0.8,0.26203174264474965,14.810053706941781,16.657658626166956,0.25769397683522655,0.0,0.0,0,STALLED,reconstructed_shortest
S4_SAFETY_RICH_NAVEEN12,2026-03-01 01:40:06,-3.0,2026-03-01 01:40:03,1.0,S4_SAFETY_RICH_NAVEEN12_L59,5.0,False,1,0,1,1,0.0,0.012461379166666665,0.9,0.04208135680176869,14.810053706941781,16.657658626166956,0.25769397683522655,0.0,0.0,0,STALLED,reconstructed_shortest
S4_SAFETY_RICH_NAVEEN12,2026-03-01 01:40:06,-2.0,2026-03-01 01:40:04,1.0,S4_SAFETY_RICH_NAVEEN12_L59,5.0,False,1,0,1,1,0.0,0.0,1.0,0.0006500000000002615,14.809405714241203,16.656993208821067,0.2577236294601756,1.0,0.0,0,STALLED,reconstructed_shortest
S4_SAFETY_RICH_NAVEEN12,2026-03-01 01:40:06,-1.0,2026-03-01 01:40:05,1.0,S4_SAFETY_RICH_NAVEEN12_L59,5.0,False,1,0,1,1,0.0,0.0,1.0,0.0008371212121183191,14.80911117216274,16.65669074639112,0.2577371079260614,1.0,0.0,0,STALLED,reconstructed_shortest
S4_SAFETY_RICH_NAVEEN12,2026-03-01 01:40:06,0.0,2026-03-01 01:40:06,1.0,S4_SAFETY_RICH_NAVEEN12_L59,5.0,False,1,0,1,1,0.0,0.0,1.0,0.000472727272725848,14.809582439505732,16.65717468627904,0.257715542380644,1.0,1.0,1,STALLED,reconstructed_shortest
S4_SAFETY_RICH_NAVEEN12,2026-03-01 01:40:06,1.0,2026-03-01 01:40:07,1.0,S4_SAFETY_RICH_NAVEEN12_L59,5.0,False,1,0,1,1,0.0,0.0,1.0,0.0016250000000006537,14.80843372552023,16.655995082802235,0.2577681083975992,1.0,1.0,0,STALLED,reconstructed_shortest
S4_SAFETY_RICH_NAVEEN12,2026-03-01 01:40:06,2.0,2026-03-01 01:40:08,1.0,S4_SAFETY_RICH_NAVEEN12_L59,5.0,False,1,0,1,1,0.0,0.0,1.0,0.002275000000000915,14.808757721716564,16.65632779147518,0.2577532820851246,1.0,1.0,0,STALLED,reconstructed_shortest
S4_SAFETY_RICH_NAVEEN12,2026-03-01 01:40:06,3.0,2026-03-01 01:40:09,1.0,S4_SAFETY_RICH_NAVEEN12_L59,5.0,False,1,0,1,1,0.0,0.0,1.0,0.001300000000000523,14.810053706941781,16.657658626166956,0.25769397683522655,1.0,1.0,0,STALLED,reconstructed_shortest
S4_SAFETY_RICH_NAVEEN12,2026-03-01 01:40:06,4.0,2026-03-01 01:40:10,1.0,S4_SAFETY_RICH_NAVEEN12_L59,5.0,False,1,0,1,1,0.0,0.0,1.0,0.00363934359076499,14.808095298291466,16.652453664440728,0.25792592266425507,1.0,1.0,0,STALLED,reconstructed_shortest
S4_SAFETY_RICH_NAVEEN12,2026-03-01 01:40:06,5.0,2026-03-01 01:40:11,1.0,S4_SAFETY_RICH_NAVEEN12_L59,5.0,False,1,0,1,1,0.0,0.0,1.0,0.028262879978913896,14.803669749286037,16.674458926642288,0.2569453143422741,1.0,1.0,0,STALLED,reconstructed_shortest
S4_SAFETY_RICH_NAVEEN12,2026-03-01 01:40:06,6.0,2026-03-01 01:40:12,1.0,S4_SAFETY_RICH_NAVEEN12_L59,5.0,False,1,0,1,1,0.0,0.0,1.0,0.010528923897742416,14.806515787031008,16.657717446286807,0.25769135566677615,1.0,1.0,0,STALLED,reconstructed_shortest
S4_SAFETY_RICH_NAVEEN12,2026-03-01 01:40:06,7.0,2026-03-01 01:40:13,1.0,S4_SAFETY_RICH_NAVEEN12_L59,5.0,False,1,0,1,1,0.0,0.0,1.0,0.010388117197901602,14.806466694090206,16.65766929411472,0.25769350144537395,1.0,1.0,0,STALLED,reconstructed_shortest
S4_SAFETY_RICH_NAVEEN12,2026-03-01 01:40:06,8.0,2026-03-01 01:40:14,1.0,S4_SAFETY_RICH_NAVEEN12_L59,5.0,False,1,0,1,1,0.0,0.0,1.0,0.008445287778469038,14.8057615454986,16.65459033767544,0.2578307072773117,1.0,1.0,0,STALLED,reconstructed_shortest
S4_SAFETY_RICH_NAVEEN12,2026-03-01 01:40:06,9.0,2026-03-01 01:40:15,1.0,S4_SAFETY_RICH_NAVEEN12_L59,5.0,False,1,0,1,1,0.0,0.0,1.0,0.007560133631684853,14.807706095687609,16.65590077239969,0.2577723110998773,1.0,1.0,0,STALLED,reconstructed_shortest
S4_SAFETY_RICH_NAVEEN12,2026-03-01 01:40:06,10.0,2026-03-01 01:40:16,1.0,S4_SAFETY_RICH_NAVEEN12_L59,5.0,False,1,0,1,1,0.0,0.0,1.0,0.007465100736092061,14.80835411359966,16.656536381071213,0.2577439868223882,1.0,1.0,0,STALLED,reconstructed_shortest
S4_SAFETY_RICH_NAVEEN12,2026-03-01 01:43:56,-15.0,2026-03-01 01:43:41,1.0,S4_SAFETY_RICH_NAVEEN12_L60,4.0,False,1,0,1,1,0.2971231916666667,0.19516782266083915,0.0,1.3010129661126844,4.2365149428463695,6.0254056463693,0.7015228853865887,0.0,0.0,0,PROGRESS,reconstructed_shortest
S4_SAFETY_RICH_NAVEEN12,2026-03-01 01:43:56,-14.0,2026-03-01 01:43:42,1.0,S4_SAFETY_RICH_NAVEEN12_L60,4.0,False,1,0,1,1,0.2961337727272727,0.2110438735699301,0.0,1.4712217114548265,3.975706908794968,5.680907018593457,0.7185881192383164,0.0,0.0,0,PROGRESS,reconstructed_shortest
S4_SAFETY_RICH_NAVEEN12,2026-03-01 01:43:56,-13.0,2026-03-01 01:43:43,1.0,S4_SAFETY_RICH_NAVEEN12_L60,4.0,False,1,0,1,1,0.297584075,0.22656218197902098,0.0,1.7210835647689642,3.7063043975724748,5.328024966411322,0.7360686380474775,0.0,0.0,0,PROGRESS,reconstructed_shortest
S4_SAFETY_RICH_NAVEEN12,2026-03-01 01:43:56,-12.0,2026-03-01 01:43:44,1.0,S4_SAFETY_RICH_NAVEEN12_L60,4.0,False,1,0,1,1,0.2442320727272727,0.23202566258508162,0.0,1.9661915119865057,3.4593725986842414,5.000708997115103,0.7522827042558323,0.0,0.0,0,PROGRESS,reconstructed_shortest
S4_SAFETY_RICH_NAVEEN12,2026-03-01 01:43:56,-11.0,2026-03-01 01:43:45,1.0,S4_SAFETY_RICH_NAVEEN12_L60,4.0,False,1,0,1,1,0.0,0.21792776796969698,0.1,2.0114243733314936,3.3563035878626577,4.857508350170642,0.7593763537824018,0.0,0.0,0,PROGRESS,reconstructed_shortest
S4_SAFETY_RICH_NAVEEN12,2026-03-01 01:43:56,-10.0,2026-03-01 01:43:46,1.0,S4_SAFETY_RICH_NAVEEN12_L60,4.0,False,1,0,1,1,0.0,0.206645521969697,0.2,1.9166543236096523,3.348936983087171,4.846176375276481,0.7599376994191589,0.0,0.0,0,PROGRESS,reconstructed_shortest
S4_SAFETY_RICH_NAVEEN12,2026-03-01 01:43:56,-9.0,2026-03-01 01:43:47,1.0,S4_SAFETY_RICH_NAVEEN12_L60,4.0,False,1,0,1,1,0.0,0.19285018287878788,0.3,1.711530617643653,3.350590266085816,4.848381206039063,0.7598284799635986,0.0,0.0,0,PROGRESS,reconstructed_shortest
S4_SAFETY_RICH_NAVEEN12,2026-03-01 01:43:56,-8.0,2026-03-01 01:43:48,1.0,S4_SAFETY_RICH_NAVEEN12_L60,4.0,False,1,0,1,1,0.0,0.1699340103787879,0.4,1.4544695724004288,3.351141431316949,4.849116149626587,0.7597920734784119,0.0,0.0,0,PROGRESS,reconstructed_shortest
S4_SAFETY_RICH_NAVEEN12,2026-03-01 01:43:56,-7.0,2026-03-01 01:43:49,1.0,S4_SAFETY_RICH_NAVEEN12_L60,4.0,False,1,0,1,1,0.0,0.14213835037878786,0.5,1.2332805964867544,3.350288844328054,4.848724662807044,0.7598114663397667,0.0,0.0,0,PROGRESS,reconstructed_shortest
S4_SAFETY_RICH_NAVEEN12,2026-03-01 01:43:56,-6.0,2026-03-01 01:43:50,1.0,S4_SAFETY_RICH_NAVEEN12_L60,4.0,False,1,0,1,1,0.0,0.11350731121212121,0.6,0.9782797126566629,3.3501675892703138,4.852655464170334,0.7596167484538863,0.0,0.0,0,STALLED,reconstructed_shortest
S4_SAFETY_RICH_NAVEEN12,2026-03-01 01:43:56,-5.0,2026-03-01 01:43:51,1.0,S4_SAFETY_RICH_NAVEEN12_L60,4.0,False,1,0,1,1,0.0,0.08379499204545453,0.7,0.7039329751043936,3.3488935150809986,4.851796760994855,0.7596592855478462,0.0,0.0,0,STALLED,reconstructed_shortest
S4_SAFETY_RICH_NAVEEN12,2026-03-01 01:43:56,-4.0,2026-03-01 01:43:52,1.0,S4_SAFETY_RICH_NAVEEN12_L60,4.0,False,1,0,1,1,0.0,0.054181614772727274,0.8,0.4113528718355667,3.3436974184354717,4.844160508785838,0.7600375582583617,0.0,0.0,0,STALLED,reconstructed_shortest
S4_SAFETY_RICH_NAVEEN12,2026-03-01 01:43:56,-3.0,2026-03-01 01:43:53,1.0,S4_SAFETY_RICH_NAVEEN12_L60,4.0,False,1,0,1,1,0.0,0.02442320727272727,0.9,0.12977449731603038,3.344888020721979,4.845535911821619,0.7599694256954035,0.0,0.0,0,STALLED,reconstructed_shortest
S4_SAFETY_RICH_NAVEEN12,2026-03-01 01:43:56,-2.0,2026-03-01 01:43:54,1.0,S4_SAFETY_RICH_NAVEEN12_L60,4.0,False,1,0,1,1,0.0,0.0,1.0,0.022244822644633424,3.3457074060434207,4.846766935030999,0.7599084451943181,1.0,0.0,0,STALLED,reconstructed_shortest
S4_SAFETY_RICH_NAVEEN12,2026-03-01 01:43:56,-1.0,2026-03-01 01:43:55,1.0,S4_SAFETY_RICH_NAVEEN12_L60,4.0,False,1,0,1,1,0.0,0.0,1.0,0.021443116452952975,3.354198605657913,4.859609223006153,0.7592722840319293,1.0,0.0,0,STALLED,reconstructed_shortest
S4_SAFETY_RICH_NAVEEN12,2026-03-01 01:43:56,0.0,2026-03-01 01:43:56,1.0,S4_SAFETY_RICH_NAVEEN12_L60,4.0,False,1,0,1,1,0.0,0.0,1.0,0.023904881815643184,3.350910507455304,4.855205728839776,0.7594904174340827,1.0,1.0,1,STALLED,reconstructed_shortest
S4_SAFETY_RICH_NAVEEN12,2026-03-01 01:43:56,1.0,2026-03-01 01:43:57,1.0,S4_SAFETY_RICH_NAVEEN12_L60,4.0,False,1,0,1,1,0.0,0.0,1.0,0.022854333626885076,3.353278973969398,4.858377807037124,0.7593332839889274,1.0,1.0,0,STALLED,reconstructed_shortest
S4_SAFETY_RICH_NAVEEN12,2026-03-01 01:43:56,2.0,2026-03-01 01:43:58,1.0,S4_SAFETY_RICH_NAVEEN12_L60,4.0,False,1,0,1,1,0.0,0.0,1.0,0.019119492776779237,3.354588596977438,4.860131392715896,0.7592464176060901,1.0,1.0,0,STALLED,reconstructed_shortest
S4_SAFETY_RICH_NAVEEN12,2026-03-01 01:43:56,3.0,2026-03-01 01:43:59,1.0,S4_SAFETY_RICH_NAVEEN12_L60,4.0,False,1,0,1,1,0.0,0.0,1.0,0.0055235399544231855,3.3547882058896072,4.860398644929541,0.7592331788842042,1.0,1.0,0,STALLED,reconstructed_shortest
S4_SAFETY_RICH_NAVEEN12,2026-03-01 01:43:56,4.0,2026-03-01 01:44:00,1.0,S4_SAFETY_RICH_NAVEEN12_L60,4.0,False,1,0,1,1,0.0,0.0,1.0,0.005765028373676118,3.354588596977438,4.860131392715896,0.7592464176060901,1.0,1.0,0,STALLED,reconstructed_shortest
S4_SAFETY_RICH_NAVEEN12,2026-03-01 01:43:56,5.0,2026-03-01 01:44:01,1.0,S4_SAFETY_RICH_NAVEEN12_L60,4.0,False,1,0,1,1,0.0,0.0,1.0,0.013033595528352369,3.3564351615778314,4.862603475692119,0.7591239594286441,1.0,1.0,0,STALLED,reconstructed_shortest
S4_SAFETY_RICH_NAVEEN12,2026-03-01 01:43:56,6.0,2026-03-01 01:44:02,1.0,S4_SAFETY_RICH_NAVEEN12_L60,4.0,False,1,0,1,1,0.0,0.0,1.0,0.010272201452528731,3.3551541679661225,4.860888607321223,0.7592089078940798,1.0,1.0,0,STALLED,reconstructed_shortest
S4_SAFETY_RICH_NAVEEN12,2026-03-01 01:43:56,7.0,2026-03-01 01:44:03,1.0,S4_SAFETY_RICH_NAVEEN12_L60,4.0,False,1,0,1,1,0.0,0.0,1.0,0.009081520308358276,3.3547882058896086,4.8603986449295435,0.7592331788842039,1.0,1.0,0,STALLED,reconstructed_shortest
S4_SAFETY_RICH_NAVEEN12,2026-03-01 01:43:56,8.0,2026-03-01 01:44:04,1.0,S4_SAFETY_RICH_NAVEEN12_L60,4.0,False,1,0,1,1,0.0,0.0,1.0,0.0010527272727287595,3.355087628212947,4.860799523250009,0.759213320801375,1.0,1.0,0,STALLED,reconstructed_shortest
S4_SAFETY_RICH_NAVEEN12,2026-03-01 01:43:56,9.0,2026-03-01 01:44:05,1.0,S4_SAFETY_RICH_NAVEEN12_L60,4.0,False,1,0,1,1,0.0,0.0,1.0,0.004361818181816801,3.354593203283104,4.860137560074671,0.7592461120971237,1.0,1.0,0,STALLED,reconstructed_shortest
S4_SAFETY_RICH_NAVEEN12,2026-03-01 01:43:56,10.0,2026-03-01 01:44:06,1.0,S4_SAFETY_RICH_NAVEEN12_L60,4.0,False,1,0,1,1,0.0,0.0,1.0,0.0019189537438622022,3.3536111931211194,4.858384138453171,0.7593329703531485,1.0,1.0,0,STALLED,reconstructed_shortest
S4_SAFETY_RICH_NAVEEN12,2026-03-01 01:45:25,-15.0,2026-03-01 01:45:10,1.0,S4_SAFETY_RICH_NAVEEN12_L60,4.0,False,1,0,1,1,0.0,0.16775079821969696,0.2,1.4630403383451187,0.020698258284215322,0.020698258284215322,0.998974682075734,0.0,0.0,0,PROGRESS,reconstructed_shortest
S4_SAFETY_RICH_NAVEEN12,2026-03-01 01:45:25,-14.0,2026-03-01 01:45:11,1.0,S4_SAFETY_RICH_NAVEEN12_L60,4.0,False,1,0,1,1,0.0,0.14841527621969697,0.3,1.2544931253708709,0.020698258284215322,0.020698258284215322,0.998974682075734,0.0,0.0,0,PROGRESS,reconstructed_shortest
S4_SAFETY_RICH_NAVEEN12,2026-03-01 01:45:25,-13.0,2026-03-01 01:45:12,1.0,S4_SAFETY_RICH_NAVEEN12_L60,4.0,False,1,0,1,1,0.0,0.12232518531060606,0.4,0.9666701056515322,0.020378574678260743,0.020378574678260743,0.9989905180618726,0.0,0.0,0,PROGRESS,reconstructed_shortest
S4_SAFETY_RICH_NAVEEN12,2026-03-01 01:45:25,-12.0,2026-03-01 01:45:13,1.0,S4_SAFETY_RICH_NAVEEN12_L60,4.0,False,1,0,1,1,0.0,0.09267313781060606,0.5,0.7003793021438576,0.01995228826754471,0.01995228826754471,0.9990116347709104,0.0,0.0,0,PROGRESS,reconstructed_shortest
S4_SAFETY_RICH_NAVEEN12,2026-03-01 01:45:25,-11.0,2026-03-01 01:45:14,1.0,S4_SAFETY_RICH_NAVEEN12_L61,2.0,False,1,0,1,1,0.0,,,,5.351976233441016,7.308977902380018,0.0,,,0,PROGRESS,reconstructed_shortest
S4_SAFETY_RICH_NAVEEN12,2026-03-01 01:45:25,-10.0,2026-03-01 01:45:15,1.0,S4_SAFETY_RICH_NAVEEN12_L61,2.0,False,1,0,1,1,0.0,,,,5.3512507346503595,7.308427549294391,7.529822814866804e-05,,,0,PROGRESS,reconstructed_shortest
S4_SAFETY_RICH_NAVEEN12,2026-03-01 01:45:25,-9.0,2026-03-01 01:45:16,1.0,S4_SAFETY_RICH_NAVEEN12_L61,2.0,False,1,0,1,1,-0.0006026825000000001,,,,5.3469202902598285,7.304302396672144,0.0006396935071252274,,,0,PROGRESS,reconstructed_shortest
S4_SAFETY_RICH_NAVEEN12,2026-03-01 01:45:25,-8.0,2026-03-01 01:45:17,1.0,S4_SAFETY_RICH_NAVEEN12_L61,2.0,False,1,0,1,1,-0.000425424,-0.00025702662500000004,1.0,,5.341371521614123,7.298347910258323,0.001454374642210099,,,0,PROGRESS,reconstructed_shortest
S4_SAFETY_RICH_NAVEEN12,2026-03-01 01:45:25,-7.0,2026-03-01 01:45:18,1.0,S4_SAFETY_RICH_NAVEEN12_L61,2.0,False,1,0,1,1,-0.000425424,-0.0002907061,1.0,,5.314204487002949,7.297213468048994,0.0016095867969709854,,,0,PROGRESS,reconstructed_shortest
S4_SAFETY_RICH_NAVEEN12,2026-03-01 01:45:25,-6.0,2026-03-01 01:45:19,1.0,S4_SAFETY_RICH_NAVEEN12_L61,2.0,False,1,0,1,1,-0.000425424,-0.00031315908333333337,1.0,,5.333195430424146,7.2900755702924105,0.0025861799474660163,,,0,STALLED,reconstructed_shortest
S4_SAFETY_RICH_NAVEEN12,2026-03-01 01:45:25,-5.0,2026-03-01 01:45:20,1.0,S4_SAFETY_RICH_NAVEEN12_L61,2.0,False,1,0,1,1,-0.000425424,-0.00032919692857142854,1.0,0.02004284534740079,5.357103143739581,7.316581709681669,0.0,,,0,STALLED,reconstructed_shortest
S4_SAFETY_RICH_NAVEEN12,2026-03-01 01:45:25,-4.0,2026-03-01 01:45:21,1.0,S4_SAFETY_RICH_NAVEEN12_L61,2.0,False,1,0,1,1,-0.000425424,-0.0003412253125,1.0,0.03459446199648709,5.371699427804083,7.333731266731966,0.0,,,0,STALLED,reconstructed_shortest
S4_SAFETY_RICH_NAVEEN12,2026-03-01 01:45:25,-3.0,2026-03-01 01:45:22,1.0,S4_SAFETY_RICH_NAVEEN12_L61,2.0,False,1,0,1,1,-0.000425424,-0.0003505807222222222,1.0,0.029759865974118904,5.365785789762639,7.326262636357908,0.0,,,0,STALLED,reconstructed_shortest
S4_SAFETY_RICH_NAVEEN12,2026-03-01 01:45:25,-2.0,2026-03-01 01:45:23,1.0,S4_SAFETY_RICH_NAVEEN12_L61,2.0,False,1,0,1,1,-0.000425424,-0.00035806505,1.0,0.026421215827311138,5.36579273271252,7.327525048816894,0.0,1.0,0.0,0,STALLED,reconstructed_shortest
S4_SAFETY_RICH_NAVEEN12,2026-03-01 01:45:25,-1.0,2026-03-01 01:45:24,1.0,S4_SAFETY_RICH_NAVEEN12_L61,2.0,False,1,0,1,1,-0.0006574749090909091,-0.00042381254090909093,1.0,0.02704075094316527,5.3643751087672955,7.324809302614527,0.0,1.0,0.0,0,STALLED,reconstructed_shortest
S4_SAFETY_RICH_NAVEEN12,2026-03-01 01:45:25,0.0,2026-03-01 01:45:25,1.0,S4_SAFETY_RICH_NAVEEN12_L61,2.0,False,1,0,1,1,-0.00042542359999999996,-0.0004663549009090909,1.0,0.016135068957088116,5.360332601753831,7.319988295359922,0.0,1.0,1.0,1,STALLED,reconstructed_shortest
S4_SAFETY_RICH_NAVEEN12,2026-03-01 01:45:25,1.0,2026-03-01 01:45:26,1.0,S4_SAFETY_RICH_NAVEEN12_L61,2.0,False,1,0,1,1,0.08678648916666666,0.008272562265757576,0.9,0.03127145606121125,5.343066873599229,7.293658445769912,0.0020959779622699015,0.0,1.0,0,PROGRESS,reconstructed_shortest
S4_SAFETY_RICH_NAVEEN12,2026-03-01 01:45:25,2.0,2026-03-01 01:45:27,1.0,S4_SAFETY_RICH_NAVEEN12_L61,2.0,False,1,0,1,1,0.2793972,0.03625482466575758,0.8,0.22727337413306112,5.236224861588834,7.084228136004758,0.030749821572462976,0.0,1.0,0,RECOVERING,reconstructed_shortest
S4_SAFETY_RICH_NAVEEN12,2026-03-01 01:45:25,3.0,2026-03-01 01:45:28,1.0,S4_SAFETY_RICH_NAVEEN12_L61,2.0,False,1,0,1,1,0.2987636454545454,0.06617373161121212,0.7,0.5064362740665216,5.105252123874552,6.808467482023754,0.06847885258940023,0.0,1.0,0,RECOVERING,reconstructed_shortest
S4_SAFETY_RICH_NAVEEN12,2026-03-01 01:45:25,4.0,2026-03-01 01:45:29,1.0,S4_SAFETY_RICH_NAVEEN12_L61,2.0,False,1,0,1,1,0.29818352727272723,0.09603462673848484,0.6,0.7934018543652896,4.976890293427618,6.490904570765942,0.1119271863371879,0.0,1.0,0,RECOVERING,reconstructed_shortest
S4_SAFETY_RICH_NAVEEN12,2026-03-01 01:45:25,5.0,2026-03-01 01:45:30,1.0,S4_SAFETY_RICH_NAVEEN12_L61,2.0,False,1,0,1,1,0.29779675,0.12585684413848486,0.5,1.0608831264631315,4.868187895556501,6.223818180304328,0.14846942165775734,0.0,1.0,0,RECOVERING,reconstructed_shortest
S4_SAFETY_RICH_NAVEEN12,2026-03-01 01:45:25,6.0,2026-03-01 01:45:31,1.0,S4_SAFETY_RICH_NAVEEN12_L61,2.0,False,1,0,1,1,0.29907305,0.15580669153848484,0.4,1.3643272556542319,4.765119897217277,5.919574279302749,0.19009547458405074,0.0,1.0,0,PROGRESS,reconstructed_shortest
S4_SAFETY_RICH_NAVEEN12,2026-03-01 01:45:25,7.0,2026-03-01 01:45:32,1.0,S4_SAFETY_RICH_NAVEEN12_L61,2.0,False,1,0,1,1,0.2986476,0.18571399393848484,0.3,1.6565270249965145,4.683823624410124,5.8536489947317145,0.19911524252582646,0.0,1.0,0,PROGRESS,reconstructed_shortest
S4_SAFETY_RICH_NAVEEN12,2026-03-01 01:45:25,8.0,2026-03-01 01:45:33,1.0,S4_SAFETY_RICH_NAVEEN12_L61,2.0,False,1,0,1,1,0.2982608727272727,0.2155826236112121,0.2,1.9255317307030995,4.62126573275559,5.371382837210382,0.2650979509103043,0.0,1.0,0,PROGRESS,reconstructed_shortest
S4_SAFETY_RICH_NAVEEN12,2026-03-01 01:45:25,9.0,2026-03-01 01:45:34,1.0,S4_SAFETY_RICH_NAVEEN12_L61,2.0,False,1,0,1,1,0.29857025454545455,0.24550539655666664,0.1,2.1920596361306717,4.576216214255848,5.11469122321256,0.3002179933329575,0.0,1.0,0,PROGRESS,reconstructed_shortest
S4_SAFETY_RICH_NAVEEN12,2026-03-01 01:45:25,10.0,2026-03-01 01:45:35,1.0,S4_SAFETY_RICH_NAVEEN12_L61,2.0,False,1,0,1,1,0.26950605,0.27249854391666667,0.0,2.4648894197831184,4.543657880690821,4.8051500784939165,0.3425688047395494,0.0,0.0,0,PROGRESS,reconstructed_shortest
